id_medicion,fecha_hora,dispositivo,tipo_sensor,ciudad,zona,valor,unidad,estado,bateria,calidad_senal,tipo_conexion
1,2024-03-22 01:39:00,SENSOR_004,Humedad,Barranquilla,Sur,77.87,%,Normal,89.76,74.0,WiFi
2,2024-01-22 16:44:00,SENSOR_012,PM2.5,Medellin,Norte,69.54,µg/m3,Alerta,71.63,77.0,LoRaWAN
3,2024-01-05 17:34:00,SENSOR_098,CO2,Medellin,Oriente,622.97,ppm,Normal,14.71,65.0,LoRaWAN
4,2024-07-11 14:50:00,SENSOR_006,PM2.5,Barranquilla,Oriente,111.06,µg/m3,Critico,32.85,66.0,4G
5,2024-02-20 15:33:00,SENSOR_006,CO2,Barranquilla,Norte,1582.98,ppm,Critico,41.11,66.0,4G
6,2024-09-26 13:22:00,SENSOR_046,Temperatura,Medellin,Sur,14.28,°C,Normal,20.52,91.0,4G
7,2024-08-24 03:15:00,SENSOR_099,Temperatura,Bogota,Norte,20.03,°C,Normal,91.75,60.0,4G
8,2024-12-29 12:41:00,SENSOR_051,Humedad,Barranquilla,Oriente,46.03,%,Normal,29.96,94.0,Ethernet
9,2024-09-20 14:20:00,SENSOR_029,Ruido,Medellin,Occidente,38.06,dB,Normal,64.61,74.0,WiFi
10,2024-10-07 04:17:00,SENSOR_049,PM2.5,Cartagena,Oriente,68.62,µg/m3,Alerta,69.63,88.0,LoRaWAN
11,2024-09-04 16:59:00,SENSOR_015,Humedad,Cali,Oriente,92.0,%,Critico,30.02,42.0,WiFi
12,2024-08-05 07:42:00,SENSOR_082,Humedad,Cartagena,Occidente,79.56,%,Normal,78.97,20.0,LoRaWAN
13,2024-12-21 19:00:00,SENSOR_003,CO2,Bogota,Sur,661.31,ppm,Normal,12.48,28.0,4G
14,2024-04-03 11:48:00,SENSOR_085,Humedad,Bucaramanga,Occidente,86.71,%,Alerta,25.12,45.0,LoRaWAN
15,2024-10-17 12:53:00,SENSOR_086,Ruido,Barranquilla,Sur,64.35,dB,Normal,11.08,,4G
16,2024-06-09 08:34:00,SENSOR_001,Humedad,Bogota,Centro,32.04,%,Alerta,53.84,82.0,4G
17,2024-04-06 08:19:00,SENSOR_093,Ruido,Cartagena,Occidente,65.74,dB,Normal,13.96,65.0,Ethernet
18,2024-10-26 08:31:00,SENSOR_060,Temperatura,Barranquilla,Centro,28.21,°C,Alerta,15.38,88.0,Ethernet
19,2024-04-12 01:51:00,SENSOR_055,Ruido,Medellin,Sur,95.01,dB,Critico,86.83,26.0,WiFi
20,2024-03-08 21:53:00,SENSOR_097,Ruido,Medellin,Norte,48.89,dB,Normal,10.57,69.0,LoRaWAN
21,2024-11-27 07:50:00,SENSOR_037,Ruido,Bucaramanga,Occidente,54.29,dB,Normal,60.02,60.0,WiFi
22,2024-02-06 12:18:00,SENSOR_075,PM2.5,Bucaramanga,Occidente,115.49,µg/m3,Critico,22.65,50.0,Ethernet
23,2024-03-28 07:10:00,SENSOR_073,PM2.5,Medellin,Occidente,,µg/m3,Sin_Dato,67.45,60.0,LoRaWAN
24,2024-05-28 17:41:00,SENSOR_086,Humedad,Barranquilla,Sur,38.51,%,Alerta,48.44,29.0,WiFi
25,2024-11-29 17:07:00,SENSOR_080,Temperatura,Cartagena,Centro,22.65,°C,Normal,38.16,51.0,LoRaWAN
26,2024-07-26 12:30:00,SENSOR_021,CO2,Bucaramanga,Occidente,1780.85,ppm,Critico,5.74,58.0,WiFi
27,2024-04-07 18:54:00,SENSOR_034,PM2.5,Bogota,Centro,37.4,µg/m3,Alerta,37.57,53.0,Ethernet
28,2024-07-01 20:39:00,SENSOR_007,CO2,Bogota,Oriente,800.33,ppm,Alerta,98.08,76.0,Ethernet
29,2024-01-08 00:59:00,SENSOR_015,PM2.5,Bogota,Norte,,µg/m3,Sin_Dato,57.49,25.0,LoRaWAN
30,2024-09-22 12:44:00,SENSOR_006,Humedad,Cali,Norte,52.99,%,Normal,88.1,39.0,4G
31,2024-04-28 07:55:00,SENSOR_023,Humedad,Bucaramanga,Centro,51.59,%,Normal,81.21,51.0,LoRaWAN
32,2024-04-25 22:11:00,SENSOR_090,Temperatura,Bogota,Oriente,15.56,°C,Normal,48.73,49.0,4G
33,2024-01-18 05:33:00,SENSOR_085,CO2,Medellin,Oriente,404.13,ppm,Normal,38.36,88.0,LoRaWAN
34,2024-01-21 02:21:00,SENSOR_015,PM2.5,Cali,Norte,35.53,µg/m3,Alerta,46.28,60.0,Ethernet
35,2024-03-25 05:03:00,SENSOR_050,CO2,Cartagena,Norte,954.09,ppm,Alerta,81.62,45.0,LoRaWAN
36,2024-11-10 01:28:00,SENSOR_009,PM2.5,Barranquilla,Sur,102.52,µg/m3,Critico,33.53,72.0,LoRaWAN
37,2024-10-20 00:27:00,SENSOR_090,Humedad,Cali,Occidente,73.22,%,Normal,76.07,92.0,LoRaWAN
38,2024-10-22 16:40:00,SENSOR_071,CO2,Bogota,Sur,1478.64,ppm,Critico,35.61,47.0,Ethernet
39,2024-05-03 13:34:00,SENSOR_085,PM2.5,Bogota,Sur,76.21,µg/m3,Critico,95.44,59.0,4G
40,2024-05-25 00:02:00,SENSOR_019,Humedad,Bogota,Centro,69.73,%,Normal,48.26,93.0,4G
41,2024-10-06 14:30:00,SENSOR_064,Humedad,Bucaramanga,Norte,30.36,%,Alerta,78.15,74.0,4G
42,2024-05-08 01:50:00,SENSOR_090,Temperatura,Cartagena,Oriente,32.94,°C,Critico,17.67,87.0,LoRaWAN
43,2024-11-18 06:31:00,SENSOR_079,Ruido,Barranquilla,Occidente,70.61,dB,Alerta,75.65,53.0,4G
44,2024-07-20 22:22:00,SENSOR_099,Humedad,Cartagena,Oriente,35.04,%,Alerta,30.81,89.0,WiFi
45,2024-04-10 18:15:00,SENSOR_020,Humedad,Medellin,Oriente,34.17,%,Alerta,56.55,46.0,Ethernet
46,2024-10-10 14:36:00,SENSOR_099,PM2.5,Cartagena,Centro,5.68,µg/m3,Normal,76.58,73.0,4G
47,2024-12-21 12:25:00,SENSOR_029,Ruido,Cali,Oriente,,dB,Sin_Dato,69.52,41.0,Ethernet
48,2024-04-02 22:27:00,SENSOR_080,Ruido,Cartagena,Centro,78.09,dB,Alerta,45.72,43.0,WiFi
49,2024-07-08 10:33:00,SENSOR_049,Ruido,Cali,Norte,84.48,dB,Alerta,76.44,52.0,WiFi
50,2024-12-08 11:12:00,SENSOR_003,Temperatura,Barranquilla,Occidente,18.75,°C,Normal,79.22,23.0,4G
51,2024-05-25 04:04:00,SENSOR_003,Humedad,Cartagena,Norte,73.51,%,Normal,25.71,67.0,4G
52,2024-03-24 09:36:00,SENSOR_100,Temperatura,Medellin,Sur,33.22,°C,Critico,91.26,45.0,WiFi
53,2024-06-25 20:06:00,SENSOR_014,PM2.5,Barranquilla,Sur,96.57,µg/m3,Critico,8.9,67.0,WiFi
54,2024-09-05 11:26:00,SENSOR_002,Temperatura,Bucaramanga,Oriente,19.05,°C,Normal,48.68,42.0,LoRaWAN
55,2024-12-18 01:43:00,SENSOR_060,CO2,Bucaramanga,Occidente,668.24,ppm,Normal,31.5,79.0,Ethernet
56,2024-09-01 22:57:00,SENSOR_004,Humedad,Bucaramanga,Sur,53.06,%,Normal,31.57,55.0,WiFi
57,2024-05-19 02:57:00,SENSOR_011,Ruido,Medellin,Oriente,50.62,dB,Normal,72.63,22.0,WiFi
58,2024-08-02 06:08:00,SENSOR_029,CO2,Bucaramanga,Norte,853.53,ppm,Alerta,37.66,90.0,LoRaWAN
59,2024-09-13 04:20:00,SENSOR_090,CO2,Bucaramanga,Sur,480.98,ppm,Normal,16.36,43.0,4G
60,2024-06-06 13:35:00,SENSOR_095,PM2.5,Bucaramanga,Sur,65.33,µg/m3,Alerta,14.55,49.0,LoRaWAN
61,2024-05-10 15:58:00,SENSOR_039,Humedad,Bogota,Occidente,93.33,%,Critico,71.25,82.0,WiFi
62,2024-01-09 22:21:00,SENSOR_074,Ruido,Cali,Oriente,46.98,dB,Normal,94.4,28.0,Ethernet
63,2024-12-24 01:53:00,SENSOR_010,Humedad,Cartagena,Centro,66.58,%,Normal,99.42,73.0,4G
64,2024-10-03 23:35:00,SENSOR_058,PM2.5,Bucaramanga,Sur,40.12,µg/m3,Alerta,62.91,46.0,4G
65,2024-07-11 17:01:00,SENSOR_085,Humedad,Bogota,Norte,34.88,%,Alerta,,96.0,Ethernet
66,2024-07-31 02:07:00,SENSOR_005,CO2,Medellin,Sur,981.05,ppm,Alerta,92.77,100.0,4G
67,2024-11-05 13:50:00,SENSOR_015,Humedad,Cartagena,Norte,83.73,%,Alerta,20.76,92.0,LoRaWAN
68,2024-11-15 18:45:00,SENSOR_016,Ruido,Bucaramanga,Sur,67.53,dB,Normal,12.64,75.0,LoRaWAN
69,2024-07-01 07:29:00,SENSOR_004,PM2.5,Bogota,Norte,7.39,µg/m3,Normal,83.04,42.0,Ethernet
70,2024-11-18 00:31:00,SENSOR_036,Ruido,Medellin,Occidente,66.96,dB,Normal,38.06,33.0,4G
71,2024-08-28 03:44:00,SENSOR_053,CO2,Barranquilla,Oriente,900.68,ppm,Alerta,8.49,52.0,LoRaWAN
72,2024-03-25 09:52:00,SENSOR_099,Temperatura,Bucaramanga,Occidente,23.56,°C,Normal,22.82,83.0,Ethernet
73,2024-02-07 13:58:00,SENSOR_027,Humedad,Cali,Occidente,58.48,%,Normal,16.54,97.0,4G
74,2024-04-25 07:51:00,SENSOR_040,PM2.5,Cartagena,Centro,30.84,µg/m3,Normal,15.78,39.0,Ethernet
75,2024-07-31 12:39:00,SENSOR_066,Ruido,Barranquilla,Sur,98.72,dB,Critico,57.37,96.0,4G
76,2024-02-20 20:01:00,SENSOR_036,PM2.5,Bucaramanga,Sur,5.3,µg/m3,Normal,84.56,82.0,4G
77,2024-11-21 03:58:00,SENSOR_069,CO2,Bucaramanga,Sur,1115.15,ppm,Alerta,35.57,50.0,Ethernet
78,2024-06-19 01:47:00,SENSOR_100,CO2,Bucaramanga,Centro,1357.84,ppm,Critico,41.68,39.0,Ethernet
79,2024-01-27 22:57:00,SENSOR_017,CO2,Cartagena,Occidente,1611.29,ppm,Critico,54.97,38.0,Ethernet
80,2024-04-22 09:39:00,SENSOR_010,CO2,Bucaramanga,Sur,896.22,ppm,Alerta,36.21,88.0,Ethernet
81,2024-08-18 14:03:00,SENSOR_081,PM2.5,Barranquilla,Oriente,,µg/m3,Sin_Dato,64.96,49.0,WiFi
82,2024-11-12 00:12:00,SENSOR_013,Ruido,Barranquilla,Centro,54.47,dB,Normal,,27.0,LoRaWAN
83,2024-09-18 00:36:00,SENSOR_048,Humedad,Bucaramanga,Norte,66.79,%,Normal,21.15,68.0,4G
84,2024-12-28 09:21:00,SENSOR_075,Ruido,Medellin,Norte,64.87,dB,Normal,90.4,56.0,4G
85,2024-02-23 18:49:00,SENSOR_057,CO2,Cali,Occidente,936.46,ppm,Alerta,85.3,69.0,Ethernet
86,2024-03-18 15:54:00,SENSOR_031,CO2,Bucaramanga,Occidente,1789.04,ppm,Critico,97.9,55.0,WiFi
87,2024-02-05 17:06:00,SENSOR_078,CO2,Barranquilla,Oriente,645.18,ppm,Normal,25.81,52.0,4G
88,2024-03-11 18:03:00,SENSOR_081,CO2,Barranquilla,Centro,350.05,ppm,Normal,17.48,61.0,Ethernet
89,2024-05-07 21:31:00,SENSOR_026,CO2,Medellin,Occidente,1670.23,ppm,Critico,29.41,81.0,LoRaWAN
90,2024-09-03 15:28:00,SENSOR_015,Humedad,Bucaramanga,Centro,44.66,%,Normal,69.07,91.0,LoRaWAN
91,2024-03-06 18:09:00,SENSOR_051,PM2.5,Bogota,Sur,47.39,µg/m3,Alerta,29.91,67.0,WiFi
92,2024-06-19 06:20:00,SENSOR_061,PM2.5,Bogota,Occidente,75.16,µg/m3,Critico,65.36,58.0,Ethernet
93,2024-03-25 23:03:00,SENSOR_018,CO2,Bogota,Centro,474.18,ppm,Normal,56.07,67.0,Ethernet
94,2024-04-22 12:29:00,SENSOR_054,Ruido,Barranquilla,Centro,96.04,dB,Critico,70.58,76.0,4G
95,2024-09-21 02:23:00,SENSOR_013,PM2.5,Barranquilla,Sur,79.16,µg/m3,Critico,31.21,78.0,WiFi
96,2024-06-03 10:49:00,SENSOR_083,Temperatura,Barranquilla,Occidente,18.34,°C,Normal,79.76,90.0,4G
97,2024-06-06 06:01:00,SENSOR_030,PM2.5,Cali,Norte,,µg/m3,Sin_Dato,18.75,52.0,4G
98,2024-03-21 01:06:00,SENSOR_085,Temperatura,Bogota,Norte,29.71,°C,Alerta,6.5,36.0,Ethernet
99,2024-03-23 18:09:00,SENSOR_096,Ruido,Bogota,Oriente,68.36,dB,Normal,52.86,25.0,LoRaWAN
100,2024-11-29 12:52:00,SENSOR_083,Ruido,Bogota,Centro,62.71,dB,Normal,72.68,30.0,LoRaWAN
101,2024-04-18 00:19:00,SENSOR_009,PM2.5,Medellin,Sur,68.06,µg/m3,Alerta,99.49,78.0,Ethernet
102,2024-03-13 05:16:00,SENSOR_090,Humedad,Bogota,Occidente,87.73,%,Alerta,83.6,32.0,LoRaWAN
103,2024-11-06 18:14:00,SENSOR_041,CO2,Barranquilla,Sur,1330.23,ppm,Critico,13.67,75.0,WiFi
104,2024-09-28 08:28:00,SENSOR_017,PM2.5,Cartagena,Centro,69.59,µg/m3,Alerta,44.03,74.0,WiFi
105,2024-07-28 10:41:00,SENSOR_077,Temperatura,Cali,Sur,15.32,°C,Normal,26.3,91.0,LoRaWAN
106,2024-03-24 15:45:00,SENSOR_098,Humedad,Cali,Occidente,84.94,%,Alerta,82.75,91.0,WiFi
107,2024-07-13 17:59:00,SENSOR_004,CO2,Medellin,Sur,826.54,ppm,Alerta,18.61,28.0,4G
108,2024-01-23 07:46:00,SENSOR_012,Humedad,Barranquilla,Occidente,59.49,%,Normal,34.61,92.0,WiFi
109,2024-02-08 07:24:00,SENSOR_020,Temperatura,Medellin,Occidente,16.8,°C,Normal,51.14,54.0,4G
110,2024-03-23 21:06:00,SENSOR_045,CO2,Bucaramanga,Centro,1189.7,ppm,Alerta,34.3,96.0,WiFi
111,2024-01-06 14:20:00,SENSOR_027,Humedad,Cali,Norte,48.81,%,Normal,52.25,36.0,Ethernet
112,2024-06-16 13:28:00,SENSOR_065,Temperatura,Cartagena,Sur,28.55,°C,Alerta,48.68,60.0,Ethernet
113,2024-10-21 11:48:00,SENSOR_091,CO2,Barranquilla,Oriente,331.28,ppm,Normal,81.13,66.0,WiFi
114,2024-11-14 00:05:00,SENSOR_014,PM2.5,Medellin,Oriente,14.04,µg/m3,Normal,75.85,41.0,WiFi
115,2024-03-24 00:45:00,SENSOR_068,CO2,Cartagena,Norte,1737.34,ppm,Critico,19.03,52.0,4G
116,2024-05-06 08:06:00,SENSOR_078,Humedad,Medellin,Centro,70.82,%,Normal,58.55,92.0,LoRaWAN
117,2024-08-18 04:55:00,SENSOR_020,Ruido,Bucaramanga,Centro,54.68,dB,Normal,10.34,59.0,Ethernet
118,2024-11-25 01:46:00,SENSOR_005,CO2,Bogota,Sur,1596.38,ppm,Critico,63.43,79.0,WiFi
119,2024-11-23 11:39:00,SENSOR_074,CO2,Barranquilla,Norte,1052.05,ppm,Alerta,47.8,63.0,WiFi
120,2024-05-05 15:41:00,SENSOR_006,Ruido,Medellin,Oriente,74.64,dB,Alerta,92.2,63.0,WiFi
121,2024-08-31 16:25:00,SENSOR_009,PM2.5,Cali,Centro,37.68,µg/m3,Alerta,67.37,39.0,LoRaWAN
122,2024-02-29 08:21:00,SENSOR_075,CO2,Barranquilla,Norte,1284.08,ppm,Critico,17.25,30.0,LoRaWAN
123,2024-10-01 06:56:00,SENSOR_083,PM2.5,Cali,Norte,82.1,µg/m3,Critico,6.73,47.0,LoRaWAN
124,2024-12-20 02:12:00,SENSOR_025,Humedad,Medellin,Norte,84.89,%,Alerta,78.23,87.0,WiFi
125,2024-09-02 05:23:00,SENSOR_099,PM2.5,Cartagena,Norte,23.66,µg/m3,Normal,78.25,41.0,Ethernet
126,2024-02-01 19:34:00,SENSOR_053,Ruido,Cali,Norte,83.91,dB,Alerta,27.23,80.0,4G
127,2024-09-24 20:29:00,SENSOR_087,Ruido,Cartagena,Oriente,85.58,dB,Critico,44.77,45.0,4G
128,2024-07-01 01:07:00,SENSOR_007,CO2,Barranquilla,Oriente,453.88,ppm,Normal,85.86,40.0,LoRaWAN
129,2024-11-23 04:25:00,SENSOR_066,Temperatura,Medellin,Oriente,15.55,°C,Normal,38.21,,WiFi
130,2024-10-15 16:32:00,SENSOR_065,Ruido,Cali,Norte,59.37,dB,Normal,,62.0,4G
131,2024-04-10 04:43:00,SENSOR_005,Humedad,Cali,Oriente,60.49,%,Normal,91.06,,4G
132,2024-04-18 21:02:00,SENSOR_071,PM2.5,Barranquilla,Occidente,94.26,µg/m3,Critico,16.58,99.0,Ethernet
133,2024-02-15 17:38:00,SENSOR_015,PM2.5,Bucaramanga,Occidente,,µg/m3,Sin_Dato,27.98,74.0,WiFi
134,2024-09-13 21:54:00,SENSOR_031,Humedad,Cartagena,Oriente,35.56,%,Alerta,11.43,84.0,WiFi
135,2024-10-11 07:40:00,SENSOR_061,CO2,Bogota,Oriente,324.36,ppm,Normal,37.76,100.0,WiFi
136,2024-08-30 03:11:00,SENSOR_018,PM2.5,Bogota,Sur,78.92,µg/m3,Critico,70.04,81.0,4G
137,2024-04-08 04:43:00,SENSOR_009,Temperatura,Barranquilla,Oriente,11.1,°C,Normal,8.98,85.0,Ethernet
138,2024-12-10 17:15:00,SENSOR_033,CO2,Bogota,Norte,1471.26,ppm,Critico,36.53,67.0,Ethernet
139,2024-10-18 06:53:00,SENSOR_096,CO2,Bucaramanga,Oriente,1044.3,ppm,Alerta,92.81,30.0,Ethernet
140,2024-02-27 11:20:00,SENSOR_056,PM2.5,Cartagena,Norte,16.8,µg/m3,Normal,33.09,74.0,4G
141,2024-11-19 05:51:00,SENSOR_045,CO2,Bucaramanga,Centro,952.41,ppm,Alerta,80.19,71.0,LoRaWAN
142,2024-04-26 11:58:00,SENSOR_004,Ruido,Medellin,Occidente,,dB,Sin_Dato,78.96,69.0,WiFi
143,2024-04-21 17:31:00,SENSOR_087,CO2,Bucaramanga,Sur,415.33,ppm,Normal,39.86,55.0,4G
144,2024-03-23 14:39:00,SENSOR_004,Ruido,Barranquilla,Norte,94.38,dB,Critico,78.62,47.0,LoRaWAN
145,2024-12-23 16:20:00,SENSOR_026,Temperatura,Bogota,Norte,32.47,°C,Critico,13.34,60.0,LoRaWAN
146,2024-02-17 06:53:00,SENSOR_071,CO2,Cartagena,Sur,1367.71,ppm,Critico,65.58,85.0,4G
147,2024-03-29 08:57:00,SENSOR_026,Ruido,Medellin,Norte,,dB,Sin_Dato,40.05,90.0,4G
148,2024-03-03 18:43:00,SENSOR_009,Ruido,Cali,Oriente,85.0,dB,Alerta,12.01,29.0,Ethernet
149,2024-12-05 05:01:00,SENSOR_088,Humedad,Cartagena,Sur,80.72,%,Alerta,22.29,75.0,WiFi
150,2024-03-31 09:52:00,SENSOR_067,Humedad,Medellin,Sur,90.76,%,Critico,95.01,56.0,WiFi
151,2024-07-01 11:38:00,SENSOR_026,CO2,Barranquilla,Occidente,754.24,ppm,Normal,52.74,94.0,4G
152,2024-05-04 15:56:00,SENSOR_085,CO2,Cartagena,Occidente,1145.43,ppm,Alerta,7.7,93.0,LoRaWAN
153,2024-06-02 12:08:00,SENSOR_099,PM2.5,Cartagena,Oriente,62.27,µg/m3,Alerta,32.52,81.0,4G
154,2024-10-22 16:58:00,SENSOR_039,Temperatura,Bucaramanga,Centro,20.39,°C,Normal,37.32,60.0,LoRaWAN
155,2024-10-17 08:04:00,SENSOR_017,PM2.5,Cali,Occidente,32.8,µg/m3,Normal,47.71,26.0,LoRaWAN
156,2024-10-06 17:30:00,SENSOR_079,Humedad,Bucaramanga,Norte,90.69,%,Critico,23.03,85.0,Ethernet
157,2024-12-29 04:27:00,SENSOR_040,Temperatura,Bucaramanga,Centro,22.64,°C,Normal,25.44,26.0,LoRaWAN
158,2024-12-26 08:54:00,SENSOR_077,CO2,Barranquilla,Oriente,1570.76,ppm,Critico,88.83,71.0,LoRaWAN
159,2024-02-02 22:40:00,SENSOR_052,PM2.5,Bogota,Occidente,68.62,µg/m3,Alerta,52.9,55.0,WiFi
160,2024-04-03 16:33:00,SENSOR_013,CO2,Bucaramanga,Sur,848.41,ppm,Alerta,62.23,25.0,WiFi
161,2024-01-29 08:04:00,SENSOR_018,Ruido,Barranquilla,Sur,44.68,dB,Normal,18.28,60.0,4G
162,2024-10-13 03:22:00,SENSOR_079,PM2.5,Barranquilla,Sur,100.25,µg/m3,Critico,72.33,22.0,LoRaWAN
163,2024-08-29 04:49:00,SENSOR_087,PM2.5,Bogota,Oriente,108.36,µg/m3,Critico,64.78,53.0,4G
164,2024-02-07 09:29:00,SENSOR_075,PM2.5,Bucaramanga,Norte,76.27,µg/m3,Critico,19.04,24.0,WiFi
165,2024-05-18 22:11:00,SENSOR_003,Ruido,Bucaramanga,Sur,79.88,dB,Alerta,78.62,27.0,4G
166,2024-05-30 23:33:00,SENSOR_072,PM2.5,Cali,Oriente,115.02,µg/m3,Critico,55.65,53.0,Ethernet
167,2024-05-20 00:03:00,SENSOR_032,CO2,Cali,Occidente,1759.37,ppm,Critico,32.46,82.0,LoRaWAN
168,2024-12-15 09:10:00,SENSOR_045,CO2,Cartagena,Sur,1314.93,ppm,Critico,98.12,38.0,LoRaWAN
169,2024-01-31 15:09:00,SENSOR_037,CO2,Barranquilla,Centro,1283.96,ppm,Critico,25.33,54.0,LoRaWAN
170,2024-04-09 23:01:00,SENSOR_014,Humedad,Cartagena,Occidente,73.54,%,Normal,65.6,72.0,LoRaWAN
171,2024-12-09 23:51:00,SENSOR_013,Temperatura,Barranquilla,Norte,34.45,°C,Critico,67.02,80.0,Ethernet
172,2024-05-25 05:44:00,SENSOR_097,CO2,Cali,Sur,1661.91,ppm,Critico,59.54,24.0,4G
173,2024-10-31 07:04:00,SENSOR_023,Ruido,Bogota,Oriente,83.69,dB,Alerta,32.5,58.0,WiFi
174,2024-08-31 23:17:00,SENSOR_037,PM2.5,Bucaramanga,Occidente,112.93,µg/m3,Critico,49.46,34.0,LoRaWAN
175,2024-04-28 07:47:00,SENSOR_094,Humedad,Bucaramanga,Sur,,%,Sin_Dato,33.03,44.0,4G
176,2024-10-22 06:27:00,SENSOR_055,Temperatura,Cartagena,Sur,12.38,°C,Normal,50.36,20.0,LoRaWAN
177,2024-10-06 07:26:00,SENSOR_031,CO2,Bucaramanga,Sur,1384.32,ppm,Critico,,50.0,WiFi
178,2024-03-27 02:07:00,SENSOR_060,Ruido,Cali,Norte,95.0,dB,Critico,78.13,57.0,LoRaWAN
179,2024-06-09 19:37:00,SENSOR_029,Humedad,Medellin,Oriente,94.27,%,Critico,71.68,88.0,4G
180,2024-06-29 04:46:00,SENSOR_088,PM2.5,Cartagena,Centro,85.93,µg/m3,Critico,58.6,90.0,4G
181,2024-04-19 02:51:00,SENSOR_022,Ruido,Cali,Occidente,48.35,dB,Normal,13.64,27.0,Ethernet
182,2024-04-06 01:53:00,SENSOR_066,PM2.5,Bucaramanga,Oriente,58.17,µg/m3,Alerta,73.71,20.0,4G
183,2024-02-23 04:17:00,SENSOR_006,Temperatura,Bucaramanga,Sur,11.51,°C,Normal,98.68,56.0,Ethernet
184,2024-05-11 01:24:00,SENSOR_099,CO2,Medellin,Oriente,873.72,ppm,Alerta,91.14,89.0,4G
185,2024-09-10 05:43:00,SENSOR_016,Ruido,Medellin,Occidente,82.31,dB,Alerta,5.33,,LoRaWAN
186,2024-12-03 03:34:00,SENSOR_087,Ruido,Barranquilla,Occidente,88.52,dB,Critico,37.89,34.0,WiFi
187,2024-11-01 06:45:00,SENSOR_079,Humedad,Bogota,Norte,68.61,%,Normal,68.84,51.0,WiFi
188,2024-10-19 22:05:00,SENSOR_057,Humedad,Medellin,Occidente,80.44,%,Alerta,99.38,93.0,LoRaWAN
189,2024-08-21 12:01:00,SENSOR_031,PM2.5,Cali,Norte,39.56,µg/m3,Alerta,95.11,42.0,Ethernet
190,2024-12-26 21:36:00,SENSOR_007,PM2.5,Cali,Oriente,52.88,µg/m3,Alerta,40.76,80.0,4G
191,2024-06-13 02:10:00,SENSOR_039,Ruido,Barranquilla,Norte,71.56,dB,Alerta,57.94,51.0,LoRaWAN
192,2024-05-28 01:34:00,SENSOR_043,Ruido,Barranquilla,Centro,41.01,dB,Normal,23.1,97.0,WiFi
193,2024-02-22 23:59:00,SENSOR_025,Humedad,Cartagena,Occidente,86.52,%,Alerta,95.92,,4G
194,2024-03-26 10:14:00,SENSOR_096,PM2.5,Bucaramanga,Norte,50.61,µg/m3,Alerta,35.55,79.0,LoRaWAN
195,2024-08-12 14:04:00,SENSOR_034,Ruido,Cali,Occidente,87.18,dB,Critico,77.35,46.0,LoRaWAN
196,2024-08-15 20:42:00,SENSOR_053,Humedad,Bogota,Occidente,31.05,%,Alerta,60.48,57.0,4G
197,2024-05-22 20:41:00,SENSOR_043,PM2.5,Medellin,Oriente,62.42,µg/m3,Alerta,70.06,82.0,Ethernet
198,2024-12-01 13:34:00,SENSOR_022,Humedad,Barranquilla,Sur,65.53,%,Normal,89.49,27.0,WiFi
199,2024-02-24 03:01:00,SENSOR_086,Ruido,Bogota,Centro,76.0,dB,Alerta,19.35,78.0,LoRaWAN
200,2024-02-14 00:26:00,SENSOR_080,Ruido,Barranquilla,Occidente,36.02,dB,Normal,44.08,,LoRaWAN
201,2024-07-27 18:14:00,SENSOR_003,Humedad,Cartagena,Oriente,36.26,%,Alerta,23.23,65.0,LoRaWAN
202,2024-10-16 00:16:00,SENSOR_011,Ruido,Cali,Oriente,99.37,dB,Critico,69.98,24.0,WiFi
203,2024-10-22 02:45:00,SENSOR_049,Ruido,Bucaramanga,Occidente,35.61,dB,Normal,52.49,62.0,WiFi
204,2024-01-31 23:38:00,SENSOR_030,Ruido,Medellin,Occidente,95.07,dB,Critico,31.64,24.0,4G
205,2024-08-17 00:01:00,SENSOR_003,Humedad,Medellin,Occidente,76.33,%,Normal,12.31,50.0,Ethernet
206,2024-08-29 13:23:00,SENSOR_050,Temperatura,Barranquilla,Norte,34.36,°C,Critico,46.52,63.0,Ethernet
207,2024-08-25 15:50:00,SENSOR_004,Ruido,Barranquilla,Sur,58.13,dB,Normal,46.03,68.0,WiFi
208,2024-08-03 02:07:00,SENSOR_032,Temperatura,Barranquilla,Centro,19.5,°C,Normal,19.66,66.0,WiFi
209,2024-03-07 15:26:00,SENSOR_001,CO2,Cali,Oriente,453.35,ppm,Normal,45.94,85.0,Ethernet
210,2024-03-16 05:10:00,SENSOR_004,PM2.5,Bogota,Sur,73.78,µg/m3,Alerta,41.6,69.0,WiFi
211,2024-06-25 18:13:00,SENSOR_074,Ruido,Cartagena,Norte,52.48,dB,Normal,18.86,55.0,Ethernet
212,2024-08-06 06:33:00,SENSOR_062,CO2,Bogota,Sur,1381.35,ppm,Critico,63.58,37.0,LoRaWAN
213,2024-01-05 22:16:00,SENSOR_051,Ruido,Cali,Occidente,56.42,dB,Normal,82.47,96.0,4G
214,2024-08-06 18:29:00,SENSOR_042,Ruido,Cartagena,Norte,97.7,dB,Critico,32.69,82.0,4G
215,2024-08-25 07:16:00,SENSOR_049,CO2,Cali,Oriente,1145.78,ppm,Alerta,56.83,90.0,WiFi
216,2024-12-02 03:25:00,SENSOR_091,CO2,Medellin,Oriente,403.74,ppm,Normal,80.53,37.0,LoRaWAN
217,2024-06-25 05:37:00,SENSOR_033,Ruido,Barranquilla,Norte,39.81,dB,Normal,50.53,84.0,Ethernet
218,2024-01-27 18:31:00,SENSOR_047,PM2.5,Barranquilla,Occidente,14.77,µg/m3,Normal,67.47,98.0,WiFi
219,2024-10-17 23:49:00,SENSOR_097,Temperatura,Cali,Oriente,,°C,Sin_Dato,53.51,94.0,4G
220,2024-11-20 14:32:00,SENSOR_048,PM2.5,Bucaramanga,Oriente,22.34,µg/m3,Normal,50.86,30.0,WiFi
221,2024-04-13 03:57:00,SENSOR_045,Ruido,Cali,Sur,68.87,dB,Normal,14.27,77.0,LoRaWAN
222,2024-02-18 21:57:00,SENSOR_039,Temperatura,Bogota,Centro,26.2,°C,Normal,20.61,51.0,4G
223,2024-04-26 14:34:00,SENSOR_043,Ruido,Cartagena,Oriente,61.33,dB,Normal,65.85,23.0,4G
224,2024-11-23 08:53:00,SENSOR_076,Temperatura,Bucaramanga,Oriente,15.14,°C,Normal,81.83,33.0,4G
225,2024-09-23 08:41:00,SENSOR_042,Temperatura,Medellin,Oriente,31.57,°C,Alerta,65.72,98.0,Ethernet
226,2024-03-24 04:21:00,SENSOR_045,PM2.5,Cali,Oriente,82.46,µg/m3,Critico,92.27,37.0,LoRaWAN
227,2024-03-26 19:46:00,SENSOR_031,Humedad,Cali,Centro,39.19,%,Alerta,61.66,74.0,4G
228,2024-12-20 09:10:00,SENSOR_082,PM2.5,Cartagena,Norte,38.22,µg/m3,Alerta,84.99,65.0,WiFi
229,2024-12-18 21:09:00,SENSOR_018,PM2.5,Medellin,Oriente,61.92,µg/m3,Alerta,44.48,82.0,4G
230,2024-03-01 04:46:00,SENSOR_073,CO2,Bogota,Norte,,ppm,Sin_Dato,32.42,92.0,Ethernet
231,2024-03-23 10:30:00,SENSOR_074,PM2.5,Bogota,Sur,47.19,µg/m3,Alerta,8.95,89.0,4G
232,2024-11-05 14:07:00,SENSOR_014,CO2,Barranquilla,Norte,348.35,ppm,Normal,86.91,35.0,4G
233,2024-06-01 19:53:00,SENSOR_095,PM2.5,Cartagena,Sur,24.09,µg/m3,Normal,24.63,27.0,LoRaWAN
234,2024-07-23 16:19:00,SENSOR_077,CO2,Cartagena,Norte,738.95,ppm,Normal,95.48,32.0,4G
235,2024-10-26 17:09:00,SENSOR_008,Humedad,Cali,Norte,76.24,%,Normal,77.34,82.0,4G
236,2024-07-14 16:10:00,SENSOR_081,Ruido,Bucaramanga,Oriente,86.65,dB,Critico,43.27,67.0,Ethernet
237,2024-12-21 09:11:00,SENSOR_042,Temperatura,Cartagena,Centro,21.46,°C,Normal,39.03,88.0,Ethernet
238,2024-06-07 14:51:00,SENSOR_055,CO2,Medellin,Oriente,725.39,ppm,Normal,17.41,63.0,WiFi
239,2024-02-03 10:54:00,SENSOR_013,Temperatura,Barranquilla,Oriente,31.44,°C,Alerta,5.06,45.0,4G
240,2024-08-07 19:28:00,SENSOR_021,CO2,Cali,Centro,857.77,ppm,Alerta,20.72,59.0,4G
241,2024-11-08 13:21:00,SENSOR_084,Temperatura,Bogota,Centro,11.95,°C,Normal,54.35,21.0,LoRaWAN
242,2024-03-28 19:31:00,SENSOR_055,Ruido,Barranquilla,Norte,59.9,dB,Normal,14.73,58.0,4G
243,2024-10-05 16:32:00,SENSOR_100,Temperatura,Medellin,Norte,10.21,°C,Normal,46.81,100.0,4G
244,2024-10-26 19:09:00,SENSOR_079,Humedad,Barranquilla,Oriente,36.53,%,Alerta,61.01,74.0,LoRaWAN
245,2024-04-11 19:42:00,SENSOR_032,Humedad,Cali,Centro,69.0,%,Normal,79.0,58.0,4G
246,2024-05-17 08:50:00,SENSOR_096,Temperatura,Bucaramanga,Sur,29.84,°C,Alerta,41.66,96.0,WiFi
247,2024-01-09 18:53:00,SENSOR_047,Ruido,Cali,Norte,71.94,dB,Alerta,69.88,29.0,WiFi
248,2024-02-19 04:13:00,SENSOR_002,Temperatura,Cali,Norte,33.72,°C,Critico,32.22,73.0,Ethernet
249,2024-10-19 22:18:00,SENSOR_011,PM2.5,Barranquilla,Occidente,36.91,µg/m3,Alerta,53.57,39.0,LoRaWAN
250,2024-10-11 12:31:00,SENSOR_076,CO2,Barranquilla,Centro,1394.94,ppm,Critico,10.5,75.0,WiFi
251,2024-11-26 03:14:00,SENSOR_079,CO2,Cartagena,Centro,1287.08,ppm,Critico,6.2,21.0,4G
252,2024-12-27 11:26:00,SENSOR_045,CO2,Cartagena,Occidente,490.4,ppm,Normal,30.53,23.0,LoRaWAN
253,2024-11-08 14:59:00,SENSOR_035,CO2,Cartagena,Centro,1164.98,ppm,Alerta,48.24,83.0,4G
254,2024-09-24 17:48:00,SENSOR_021,PM2.5,Cali,Centro,18.26,µg/m3,Normal,5.24,21.0,4G
255,2024-02-03 11:35:00,SENSOR_061,Humedad,Cali,Oriente,92.42,%,Critico,81.3,73.0,4G
256,2024-08-22 07:53:00,SENSOR_032,CO2,Bucaramanga,Sur,1157.3,ppm,Alerta,68.97,48.0,WiFi
257,2024-10-18 22:40:00,SENSOR_009,CO2,Bucaramanga,Sur,1129.64,ppm,Alerta,,92.0,LoRaWAN
258,2024-06-25 15:27:00,SENSOR_060,Ruido,Cali,Occidente,85.43,dB,Critico,56.92,39.0,WiFi
259,2024-10-25 13:54:00,SENSOR_004,CO2,Medellin,Occidente,1340.19,ppm,Critico,,68.0,LoRaWAN
260,2024-03-16 16:38:00,SENSOR_027,Ruido,Cartagena,Norte,38.89,dB,Normal,72.61,49.0,Ethernet
261,2024-09-28 05:46:00,SENSOR_059,PM2.5,Barranquilla,Centro,20.35,µg/m3,Normal,12.11,75.0,4G
262,2024-06-21 09:53:00,SENSOR_038,Ruido,Cali,Sur,82.8,dB,Alerta,30.84,45.0,4G
263,2024-03-20 08:26:00,SENSOR_020,Ruido,Bogota,Norte,61.42,dB,Normal,96.64,59.0,Ethernet
264,2024-07-11 23:20:00,SENSOR_016,CO2,Bogota,Norte,1345.32,ppm,Critico,84.41,31.0,4G
265,2024-09-16 01:03:00,SENSOR_051,CO2,Cartagena,Centro,1786.01,ppm,Critico,43.42,90.0,4G
266,2024-03-09 23:26:00,SENSOR_060,Temperatura,Bogota,Norte,,°C,Sin_Dato,98.34,71.0,LoRaWAN
267,2024-03-02 04:41:00,SENSOR_075,Temperatura,Cartagena,Sur,,°C,Sin_Dato,90.74,36.0,WiFi
268,2024-08-29 10:15:00,SENSOR_016,Temperatura,Bogota,Oriente,24.35,°C,Normal,42.52,,Ethernet
269,2024-05-05 20:01:00,SENSOR_046,CO2,Medellin,Norte,1625.14,ppm,Critico,63.82,57.0,Ethernet
270,2024-10-27 00:05:00,SENSOR_071,Temperatura,Bucaramanga,Centro,13.43,°C,Normal,89.04,100.0,WiFi
271,2024-10-05 12:38:00,SENSOR_092,PM2.5,Cali,Oriente,44.56,µg/m3,Alerta,35.55,23.0,LoRaWAN
272,2024-06-08 11:39:00,SENSOR_004,Ruido,Cali,Centro,84.84,dB,Alerta,97.53,50.0,LoRaWAN
273,2024-02-10 17:04:00,SENSOR_098,Ruido,Medellin,Occidente,89.55,dB,Critico,21.73,65.0,WiFi
274,2024-09-13 02:05:00,SENSOR_073,PM2.5,Cartagena,Norte,101.22,µg/m3,Critico,97.19,42.0,Ethernet
275,2024-01-28 15:27:00,SENSOR_012,PM2.5,Bogota,Norte,65.54,µg/m3,Alerta,,45.0,4G
276,2024-09-05 03:11:00,SENSOR_092,Temperatura,Medellin,Sur,,°C,Sin_Dato,92.14,87.0,LoRaWAN
277,2024-02-22 19:34:00,SENSOR_048,PM2.5,Barranquilla,Oriente,39.7,µg/m3,Alerta,19.96,82.0,LoRaWAN
278,2024-05-06 20:24:00,SENSOR_091,CO2,Cartagena,Occidente,1183.43,ppm,Alerta,34.15,36.0,4G
279,2024-01-02 07:25:00,SENSOR_090,PM2.5,Cartagena,Oriente,,µg/m3,Sin_Dato,92.5,48.0,WiFi
280,2024-12-27 07:27:00,SENSOR_019,Humedad,Cali,Centro,50.77,%,Normal,96.49,62.0,Ethernet
281,2024-01-09 07:09:00,SENSOR_034,Temperatura,Medellin,Norte,29.68,°C,Alerta,9.57,73.0,4G
282,2024-10-28 11:30:00,SENSOR_064,PM2.5,Bucaramanga,Sur,100.31,µg/m3,Critico,59.92,48.0,4G
283,2024-11-24 14:49:00,SENSOR_010,Temperatura,Bogota,Sur,33.79,°C,Critico,21.16,29.0,WiFi
284,2024-09-03 02:06:00,SENSOR_077,Temperatura,Cartagena,Oriente,26.34,°C,Normal,46.25,62.0,4G
285,2024-05-18 08:12:00,SENSOR_053,PM2.5,Barranquilla,Occidente,37.38,µg/m3,Alerta,9.72,82.0,4G
286,2024-02-09 16:32:00,SENSOR_047,Temperatura,Bogota,Oriente,26.55,°C,Normal,23.97,,4G
287,2024-07-31 11:46:00,SENSOR_011,CO2,Bucaramanga,Centro,1006.42,ppm,Alerta,30.18,69.0,4G
288,2024-09-27 04:03:00,SENSOR_049,Ruido,Cali,Norte,63.58,dB,Normal,84.52,39.0,WiFi
289,2024-03-03 09:50:00,SENSOR_086,Ruido,Cali,Occidente,73.33,dB,Alerta,84.88,73.0,Ethernet
290,2024-06-20 14:08:00,SENSOR_061,Ruido,Cali,Centro,81.43,dB,Alerta,90.54,99.0,4G
291,2024-03-28 14:04:00,SENSOR_097,Humedad,Bucaramanga,Norte,82.55,%,Alerta,45.22,75.0,4G
292,2024-04-17 16:21:00,SENSOR_077,Temperatura,Cali,Sur,23.91,°C,Normal,86.38,21.0,Ethernet
293,2024-03-22 22:24:00,SENSOR_054,PM2.5,Medellin,Norte,92.21,µg/m3,Critico,92.87,32.0,LoRaWAN
294,2024-09-07 09:32:00,SENSOR_053,Ruido,Cali,Oriente,65.75,dB,Normal,43.28,71.0,WiFi
295,2024-10-15 04:58:00,SENSOR_043,Temperatura,Barranquilla,Norte,33.02,°C,Critico,6.92,58.0,LoRaWAN
296,2024-07-23 03:24:00,SENSOR_063,Humedad,Barranquilla,Centro,93.32,%,Critico,83.45,73.0,WiFi
297,2024-05-16 20:24:00,SENSOR_057,Ruido,Medellin,Oriente,91.37,dB,Critico,53.95,59.0,Ethernet
298,2024-04-08 18:39:00,SENSOR_100,Temperatura,Cartagena,Occidente,31.88,°C,Alerta,10.47,26.0,LoRaWAN
299,2024-05-24 23:41:00,SENSOR_036,PM2.5,Cali,Oriente,111.15,µg/m3,Critico,27.98,77.0,4G
300,2024-12-11 13:55:00,SENSOR_076,CO2,Cartagena,Sur,1641.74,ppm,Critico,70.44,69.0,WiFi
301,2024-04-28 15:00:00,SENSOR_074,Humedad,Medellin,Norte,47.49,%,Normal,6.9,21.0,Ethernet
302,2024-04-06 08:21:00,SENSOR_083,Temperatura,Medellin,Occidente,25.21,°C,Normal,72.71,55.0,Ethernet
303,2024-10-01 03:23:00,SENSOR_045,Humedad,Bucaramanga,Sur,74.02,%,Normal,42.73,85.0,LoRaWAN
304,2024-07-24 20:08:00,SENSOR_039,Ruido,Barranquilla,Centro,99.24,dB,Critico,86.84,58.0,4G
305,2024-04-19 04:12:00,SENSOR_067,PM2.5,Medellin,Centro,41.75,µg/m3,Alerta,7.42,57.0,LoRaWAN
306,2024-10-31 18:57:00,SENSOR_052,PM2.5,Bucaramanga,Centro,70.78,µg/m3,Alerta,74.02,88.0,Ethernet
307,2024-09-18 01:11:00,SENSOR_065,PM2.5,Cali,Norte,16.22,µg/m3,Normal,29.57,43.0,LoRaWAN
308,2024-03-06 00:37:00,SENSOR_029,CO2,Cali,Norte,1630.27,ppm,Critico,60.63,35.0,Ethernet
309,2024-02-09 02:04:00,SENSOR_082,PM2.5,Cartagena,Occidente,107.28,µg/m3,Critico,87.41,58.0,Ethernet
310,2024-02-09 08:48:00,SENSOR_020,CO2,Medellin,Norte,1154.11,ppm,Alerta,48.47,43.0,WiFi
311,2024-12-21 01:05:00,SENSOR_043,CO2,Barranquilla,Norte,307.07,ppm,Normal,77.31,40.0,Ethernet
312,2024-03-05 02:38:00,SENSOR_017,Ruido,Cartagena,Oriente,97.75,dB,Critico,8.58,67.0,WiFi
313,2024-08-22 15:04:00,SENSOR_097,Temperatura,Cartagena,Norte,25.67,°C,Normal,70.88,36.0,WiFi
314,2024-10-06 07:01:00,SENSOR_065,Humedad,Cartagena,Sur,32.97,%,Alerta,48.31,87.0,LoRaWAN
315,2024-11-11 18:50:00,SENSOR_088,Ruido,Medellin,Sur,47.25,dB,Normal,92.23,49.0,4G
316,2024-04-05 12:59:00,SENSOR_028,PM2.5,Barranquilla,Centro,19.16,µg/m3,Normal,80.25,52.0,WiFi
317,2024-02-04 22:10:00,SENSOR_085,Temperatura,Bogota,Centro,20.42,°C,Normal,56.99,39.0,4G
318,2024-01-07 18:36:00,SENSOR_039,PM2.5,Bucaramanga,Centro,74.65,µg/m3,Alerta,83.91,99.0,WiFi
319,2024-07-24 20:39:00,SENSOR_015,Humedad,Bogota,Oriente,80.57,%,Alerta,97.45,72.0,LoRaWAN
320,2024-04-26 18:43:00,SENSOR_006,Humedad,Cartagena,Oriente,61.24,%,Normal,6.21,34.0,Ethernet
321,2024-04-18 14:29:00,SENSOR_012,Temperatura,Cartagena,Centro,26.11,°C,Normal,97.84,26.0,WiFi
322,2024-05-07 05:08:00,SENSOR_006,CO2,Cali,Sur,473.85,ppm,Normal,89.58,,4G
323,2024-05-04 03:55:00,SENSOR_043,PM2.5,Cali,Oriente,89.3,µg/m3,Critico,37.56,71.0,Ethernet
324,2024-07-16 22:37:00,SENSOR_050,Ruido,Barranquilla,Oriente,86.8,dB,Critico,71.14,40.0,WiFi
325,2024-10-29 22:36:00,SENSOR_076,Ruido,Bucaramanga,Occidente,59.68,dB,Normal,7.74,36.0,Ethernet
326,2024-12-21 10:33:00,SENSOR_015,Temperatura,Bucaramanga,Oriente,26.37,°C,Normal,,87.0,4G
327,2024-09-03 08:13:00,SENSOR_067,Temperatura,Cartagena,Occidente,28.17,°C,Alerta,68.05,39.0,WiFi
328,2024-01-09 11:30:00,SENSOR_083,Ruido,Medellin,Occidente,91.51,dB,Critico,51.71,55.0,WiFi
329,2024-06-11 04:04:00,SENSOR_071,Ruido,Barranquilla,Oriente,40.12,dB,Normal,59.44,83.0,Ethernet
330,2024-08-18 03:34:00,SENSOR_016,Temperatura,Bucaramanga,Centro,10.9,°C,Normal,83.46,99.0,LoRaWAN
331,2024-05-30 14:59:00,SENSOR_084,CO2,Barranquilla,Oriente,381.41,ppm,Normal,48.17,99.0,Ethernet
332,2024-09-21 13:01:00,SENSOR_092,Temperatura,Bucaramanga,Centro,15.54,°C,Normal,83.84,57.0,LoRaWAN
333,2024-03-18 10:06:00,SENSOR_006,Humedad,Medellin,Oriente,78.26,%,Normal,29.16,35.0,Ethernet
334,2024-06-05 23:41:00,SENSOR_059,Temperatura,Medellin,Sur,11.16,°C,Normal,68.85,77.0,Ethernet
335,2024-04-08 00:56:00,SENSOR_064,Temperatura,Bogota,Occidente,20.82,°C,Normal,92.82,42.0,4G
336,2024-04-03 11:38:00,SENSOR_014,PM2.5,Bucaramanga,Occidente,62.97,µg/m3,Alerta,98.05,51.0,LoRaWAN
337,2024-10-16 17:16:00,SENSOR_044,Humedad,Cali,Oriente,69.16,%,Normal,53.67,90.0,LoRaWAN
338,2024-06-07 06:20:00,SENSOR_026,CO2,Medellin,Occidente,1681.79,ppm,Critico,72.49,42.0,LoRaWAN
339,2024-03-25 00:51:00,SENSOR_098,Ruido,Cali,Occidente,96.27,dB,Critico,69.05,88.0,LoRaWAN
340,2024-11-03 13:44:00,SENSOR_002,Temperatura,Cartagena,Centro,11.33,°C,Normal,30.36,56.0,LoRaWAN
341,2024-04-16 15:01:00,SENSOR_008,Humedad,Barranquilla,Sur,32.1,%,Alerta,14.74,91.0,4G
342,2024-10-10 04:17:00,SENSOR_031,Temperatura,Cartagena,Sur,19.69,°C,Normal,97.7,90.0,WiFi
343,2024-01-10 10:35:00,SENSOR_096,PM2.5,Cali,Norte,103.95,µg/m3,Critico,26.43,67.0,4G
344,2024-05-20 21:37:00,SENSOR_038,Temperatura,Bucaramanga,Norte,14.34,°C,Normal,40.83,91.0,LoRaWAN
345,2024-04-04 17:04:00,SENSOR_021,Temperatura,Cartagena,Sur,27.74,°C,Normal,19.6,26.0,LoRaWAN
346,2024-12-23 04:59:00,SENSOR_074,Temperatura,Cartagena,Sur,17.95,°C,Normal,22.47,84.0,4G
347,2024-10-29 20:55:00,SENSOR_070,Temperatura,Cartagena,Oriente,32.08,°C,Critico,36.45,99.0,Ethernet
348,2024-01-07 09:51:00,SENSOR_015,Ruido,Barranquilla,Sur,76.75,dB,Alerta,28.16,61.0,Ethernet
349,2024-03-23 13:21:00,SENSOR_050,CO2,Cali,Occidente,,ppm,Sin_Dato,78.2,85.0,Ethernet
350,2024-12-20 11:31:00,SENSOR_006,CO2,Cali,Norte,1722.32,ppm,Critico,95.85,20.0,WiFi
351,2024-06-02 11:40:00,SENSOR_086,Ruido,Barranquilla,Norte,48.36,dB,Normal,88.47,75.0,WiFi
352,2024-04-21 23:03:00,SENSOR_004,Temperatura,Bucaramanga,Sur,11.36,°C,Normal,58.02,49.0,LoRaWAN
353,2024-10-23 19:53:00,SENSOR_050,Ruido,Bucaramanga,Oriente,60.32,dB,Normal,5.56,28.0,WiFi
354,2024-02-22 20:35:00,SENSOR_046,CO2,Cartagena,Centro,752.03,ppm,Normal,77.7,70.0,WiFi
355,2024-12-11 03:32:00,SENSOR_021,Humedad,Cartagena,Norte,81.79,%,Alerta,33.02,58.0,LoRaWAN
356,2024-01-09 02:51:00,SENSOR_071,Temperatura,Cartagena,Norte,24.32,°C,Normal,57.01,46.0,LoRaWAN
357,2024-06-03 04:22:00,SENSOR_053,Humedad,Barranquilla,Occidente,44.35,%,Normal,23.46,92.0,WiFi
358,2024-12-01 21:11:00,SENSOR_083,CO2,Cartagena,Centro,676.03,ppm,Normal,60.16,65.0,4G
359,2024-06-19 18:45:00,SENSOR_013,Temperatura,Cali,Occidente,17.94,°C,Normal,63.55,94.0,4G
360,2024-09-22 09:59:00,SENSOR_041,Temperatura,Bucaramanga,Norte,29.64,°C,Alerta,65.88,66.0,4G
361,2024-08-29 10:28:00,SENSOR_062,CO2,Bucaramanga,Oriente,1030.46,ppm,Alerta,66.33,55.0,4G
362,2024-05-23 00:53:00,SENSOR_034,Temperatura,Barranquilla,Centro,31.24,°C,Alerta,82.2,95.0,4G
363,2024-01-27 16:36:00,SENSOR_071,PM2.5,Cali,Occidente,94.15,µg/m3,Critico,26.21,57.0,4G
364,2024-12-04 09:14:00,SENSOR_065,Ruido,Cartagena,Centro,35.69,dB,Normal,96.58,41.0,4G
365,2024-11-20 22:16:00,SENSOR_021,PM2.5,Medellin,Occidente,116.29,µg/m3,Critico,50.93,48.0,Ethernet
366,2024-06-17 18:07:00,SENSOR_009,Humedad,Cali,Sur,43.44,%,Normal,39.32,78.0,WiFi
367,2024-01-30 01:23:00,SENSOR_084,PM2.5,Cali,Centro,36.45,µg/m3,Alerta,59.97,68.0,Ethernet
368,2024-09-23 00:01:00,SENSOR_076,PM2.5,Barranquilla,Centro,116.86,µg/m3,Critico,43.56,64.0,Ethernet
369,2024-12-17 01:29:00,SENSOR_078,Humedad,Bogota,Occidente,44.95,%,Normal,31.68,40.0,LoRaWAN
370,2024-03-27 03:58:00,SENSOR_085,CO2,Medellin,Oriente,1022.27,ppm,Alerta,25.02,72.0,WiFi
371,2024-06-26 10:26:00,SENSOR_006,PM2.5,Medellin,Occidente,77.4,µg/m3,Critico,59.37,53.0,4G
372,2024-10-22 05:51:00,SENSOR_077,CO2,Cartagena,Centro,624.89,ppm,Normal,49.78,48.0,Ethernet
373,2024-04-13 22:04:00,SENSOR_075,PM2.5,Medellin,Occidente,88.28,µg/m3,Critico,48.08,49.0,Ethernet
374,2024-10-07 16:26:00,SENSOR_017,Humedad,Bogota,Centro,89.11,%,Alerta,83.52,42.0,Ethernet
375,2024-01-29 10:12:00,SENSOR_069,Temperatura,Cartagena,Centro,13.26,°C,Normal,83.61,75.0,Ethernet
376,2024-09-26 16:48:00,SENSOR_006,Ruido,Barranquilla,Occidente,87.15,dB,Critico,41.22,93.0,WiFi
377,2024-11-05 19:57:00,SENSOR_018,Humedad,Cali,Oriente,35.45,%,Alerta,56.65,20.0,WiFi
378,2024-03-26 19:12:00,SENSOR_067,Humedad,Bogota,Oriente,50.53,%,Normal,19.7,52.0,LoRaWAN
379,2024-11-04 10:16:00,SENSOR_073,CO2,Cali,Occidente,896.18,ppm,Alerta,57.45,42.0,LoRaWAN
380,2024-12-18 06:19:00,SENSOR_033,CO2,Cali,Occidente,897.19,ppm,Alerta,87.06,49.0,Ethernet
381,2024-04-27 19:34:00,SENSOR_013,Ruido,Medellin,Occidente,87.06,dB,Critico,70.03,69.0,WiFi
382,2024-03-07 07:53:00,SENSOR_019,Ruido,Bucaramanga,Occidente,52.1,dB,Normal,62.86,71.0,LoRaWAN
383,2024-02-11 20:14:00,SENSOR_100,Ruido,Medellin,Oriente,,dB,Sin_Dato,93.42,44.0,WiFi
384,2024-06-17 16:44:00,SENSOR_079,CO2,Medellin,Centro,300.43,ppm,Normal,99.7,65.0,Ethernet
385,2024-10-22 05:46:00,SENSOR_076,Temperatura,Medellin,Occidente,11.72,°C,Normal,32.03,94.0,LoRaWAN
386,2024-09-10 00:34:00,SENSOR_036,Humedad,Medellin,Occidente,56.26,%,Normal,,84.0,WiFi
387,2024-02-22 17:02:00,SENSOR_065,Temperatura,Cali,Sur,33.92,°C,Critico,82.25,76.0,Ethernet
388,2024-12-18 04:02:00,SENSOR_099,Ruido,Medellin,Sur,93.27,dB,Critico,50.79,68.0,4G
389,2024-06-16 10:19:00,SENSOR_041,PM2.5,Bucaramanga,Sur,85.59,µg/m3,Critico,32.29,63.0,WiFi
390,2024-05-09 23:15:00,SENSOR_061,Humedad,Cali,Sur,47.49,%,Normal,69.9,83.0,4G
391,2024-06-20 00:29:00,SENSOR_095,Humedad,Medellin,Sur,84.27,%,Alerta,38.82,35.0,WiFi
392,2024-12-24 17:56:00,SENSOR_079,Temperatura,Bogota,Occidente,19.28,°C,Normal,90.32,93.0,LoRaWAN
393,2024-12-23 09:26:00,SENSOR_024,Ruido,Cartagena,Sur,72.48,dB,Alerta,80.93,89.0,WiFi
394,2024-09-09 21:18:00,SENSOR_051,Ruido,Barranquilla,Norte,80.39,dB,Alerta,70.48,,4G
395,2024-10-03 06:59:00,SENSOR_075,CO2,Bogota,Sur,689.55,ppm,Normal,27.53,98.0,LoRaWAN
396,2024-09-23 10:59:00,SENSOR_024,Humedad,Bucaramanga,Oriente,78.89,%,Normal,43.06,93.0,4G
397,2024-06-15 10:29:00,SENSOR_013,Humedad,Barranquilla,Sur,85.66,%,Alerta,81.0,80.0,WiFi
398,2024-05-08 14:26:00,SENSOR_054,PM2.5,Bucaramanga,Norte,41.31,µg/m3,Alerta,28.84,26.0,Ethernet
399,2024-03-13 01:42:00,SENSOR_089,Humedad,Medellin,Centro,60.98,%,Normal,47.74,66.0,LoRaWAN
400,2024-07-06 15:53:00,SENSOR_045,Temperatura,Bogota,Oriente,26.99,°C,Normal,59.8,88.0,4G
401,2024-07-26 05:53:00,SENSOR_046,Ruido,Cali,Occidente,64.05,dB,Normal,63.3,38.0,4G
402,2024-09-02 16:17:00,SENSOR_054,PM2.5,Barranquilla,Occidente,109.31,µg/m3,Critico,37.64,57.0,LoRaWAN
403,2024-10-14 23:04:00,SENSOR_035,PM2.5,Bucaramanga,Sur,56.78,µg/m3,Alerta,86.15,50.0,LoRaWAN
404,2024-02-28 07:13:00,SENSOR_027,Temperatura,Medellin,Oriente,33.42,°C,Critico,10.11,87.0,WiFi
405,2024-03-16 16:16:00,SENSOR_034,Temperatura,Cartagena,Norte,32.14,°C,Critico,28.5,100.0,4G
406,2024-04-05 14:14:00,SENSOR_068,Temperatura,Medellin,Centro,31.51,°C,Alerta,50.23,89.0,LoRaWAN
407,2024-11-19 22:13:00,SENSOR_018,Humedad,Barranquilla,Occidente,59.68,%,Normal,88.34,88.0,LoRaWAN
408,2024-09-09 19:12:00,SENSOR_062,Temperatura,Cartagena,Norte,19.14,°C,Normal,33.84,,4G
409,2024-09-07 09:49:00,SENSOR_037,Temperatura,Bucaramanga,Occidente,22.3,°C,Normal,33.46,57.0,4G
410,2024-01-06 06:08:00,SENSOR_071,Ruido,Cali,Norte,63.41,dB,Normal,72.92,68.0,4G
411,2024-07-10 11:54:00,SENSOR_011,PM2.5,Bucaramanga,Norte,109.64,µg/m3,Critico,70.04,88.0,LoRaWAN
412,2024-10-27 16:01:00,SENSOR_025,Humedad,Bogota,Norte,71.4,%,Normal,30.85,44.0,LoRaWAN
413,2024-01-15 02:57:00,SENSOR_020,Temperatura,Bogota,Occidente,12.56,°C,Normal,72.94,49.0,WiFi
414,2024-04-19 17:23:00,SENSOR_002,CO2,Bucaramanga,Norte,1478.59,ppm,Critico,40.28,24.0,LoRaWAN
415,2024-02-28 10:00:00,SENSOR_097,CO2,Medellin,Centro,407.08,ppm,Normal,23.26,68.0,WiFi
416,2024-03-29 19:25:00,SENSOR_099,Ruido,Barranquilla,Norte,63.79,dB,Normal,8.18,32.0,4G
417,2024-12-10 07:13:00,SENSOR_050,CO2,Barranquilla,Sur,1392.36,ppm,Critico,57.21,81.0,LoRaWAN
418,2024-05-24 16:56:00,SENSOR_047,Temperatura,Bogota,Norte,20.85,°C,Normal,,94.0,WiFi
419,2024-10-15 05:15:00,SENSOR_032,PM2.5,Bogota,Centro,59.66,µg/m3,Alerta,40.28,40.0,Ethernet
420,2024-03-07 13:21:00,SENSOR_088,Temperatura,Cartagena,Sur,26.11,°C,Normal,80.19,49.0,LoRaWAN
421,2024-09-09 21:49:00,SENSOR_057,Temperatura,Barranquilla,Norte,18.95,°C,Normal,90.37,76.0,LoRaWAN
422,2024-12-22 20:58:00,SENSOR_025,PM2.5,Cartagena,Norte,89.23,µg/m3,Critico,83.98,90.0,4G
423,2024-02-20 03:42:00,SENSOR_068,CO2,Medellin,Oriente,1112.41,ppm,Alerta,78.71,43.0,WiFi
424,2024-09-22 02:40:00,SENSOR_100,CO2,Cartagena,Norte,1287.43,ppm,Critico,41.81,83.0,4G
425,2024-07-25 04:02:00,SENSOR_042,Temperatura,Bucaramanga,Sur,26.47,°C,Normal,94.09,24.0,4G
426,2024-03-18 22:55:00,SENSOR_063,Temperatura,Medellin,Centro,30.91,°C,Alerta,54.95,52.0,WiFi
427,2024-09-23 18:30:00,SENSOR_029,Temperatura,Cartagena,Centro,15.22,°C,Normal,89.53,27.0,LoRaWAN
428,2024-10-29 21:18:00,SENSOR_048,PM2.5,Barranquilla,Centro,9.68,µg/m3,Normal,33.87,86.0,WiFi
429,2024-03-14 17:02:00,SENSOR_093,Ruido,Medellin,Occidente,69.2,dB,Normal,64.41,91.0,Ethernet
430,2024-03-17 19:59:00,SENSOR_099,CO2,Barranquilla,Occidente,1353.83,ppm,Critico,14.89,90.0,Ethernet
431,2024-09-02 18:27:00,SENSOR_085,PM2.5,Medellin,Occidente,45.52,µg/m3,Alerta,99.19,67.0,Ethernet
432,2024-11-09 13:04:00,SENSOR_093,Humedad,Cali,Occidente,43.91,%,Normal,92.98,77.0,Ethernet
433,2024-10-16 03:39:00,SENSOR_001,CO2,Barranquilla,Centro,1076.41,ppm,Alerta,33.67,48.0,4G
434,2024-08-17 07:21:00,SENSOR_003,PM2.5,Barranquilla,Sur,70.63,µg/m3,Alerta,13.96,39.0,4G
435,2024-07-11 23:00:00,SENSOR_047,Humedad,Cartagena,Norte,49.52,%,Normal,59.06,29.0,LoRaWAN
436,2024-12-17 08:52:00,SENSOR_023,Temperatura,Bucaramanga,Occidente,17.51,°C,Normal,59.75,27.0,LoRaWAN
437,2024-09-10 08:31:00,SENSOR_056,Humedad,Bucaramanga,Centro,85.22,%,Alerta,65.22,26.0,LoRaWAN
438,2024-01-30 23:42:00,SENSOR_041,Humedad,Cartagena,Occidente,75.35,%,Normal,69.0,77.0,WiFi
439,2024-06-10 17:13:00,SENSOR_056,Humedad,Cali,Oriente,35.37,%,Alerta,9.68,30.0,Ethernet
440,2024-11-12 09:16:00,SENSOR_100,Humedad,Barranquilla,Norte,42.88,%,Normal,59.28,87.0,4G
441,2024-06-25 10:45:00,SENSOR_010,CO2,Cali,Oriente,1164.03,ppm,Alerta,44.29,44.0,LoRaWAN
442,2024-09-07 21:00:00,SENSOR_077,CO2,Barranquilla,Centro,824.57,ppm,Alerta,81.27,76.0,WiFi
443,2024-06-19 00:31:00,SENSOR_026,Humedad,Barranquilla,Sur,85.43,%,Alerta,10.18,38.0,LoRaWAN
444,2024-01-11 00:00:00,SENSOR_044,CO2,Barranquilla,Centro,334.12,ppm,Normal,56.11,86.0,LoRaWAN
445,2024-12-17 17:29:00,SENSOR_080,Temperatura,Barranquilla,Norte,32.65,°C,Critico,29.27,45.0,LoRaWAN
446,2024-02-08 15:43:00,SENSOR_060,Temperatura,Barranquilla,Centro,16.78,°C,Normal,67.71,22.0,LoRaWAN
447,2024-10-08 10:58:00,SENSOR_030,Temperatura,Bucaramanga,Occidente,22.12,°C,Normal,13.36,78.0,WiFi
448,2024-01-29 22:43:00,SENSOR_032,CO2,Cartagena,Sur,1416.59,ppm,Critico,,65.0,LoRaWAN
449,2024-06-20 23:58:00,SENSOR_065,CO2,Cali,Centro,1635.6,ppm,Critico,7.8,55.0,4G
450,2024-04-20 11:17:00,SENSOR_044,Temperatura,Bucaramanga,Norte,23.02,°C,Normal,87.91,73.0,4G
451,2024-04-21 05:29:00,SENSOR_055,CO2,Cali,Occidente,497.66,ppm,Normal,60.2,45.0,4G
452,2024-08-13 00:08:00,SENSOR_089,Humedad,Barranquilla,Occidente,89.09,%,Alerta,67.34,40.0,LoRaWAN
453,2024-02-19 09:08:00,SENSOR_072,Humedad,Cartagena,Centro,87.18,%,Alerta,77.72,72.0,Ethernet
454,2024-08-08 21:23:00,SENSOR_057,Humedad,Barranquilla,Sur,36.94,%,Alerta,77.43,54.0,4G
455,2024-06-18 01:41:00,SENSOR_030,CO2,Barranquilla,Centro,1469.74,ppm,Critico,85.38,67.0,4G
456,2024-10-09 03:21:00,SENSOR_063,Humedad,Bucaramanga,Norte,32.09,%,Alerta,6.43,72.0,4G
457,2024-05-27 16:46:00,SENSOR_097,Humedad,Medellin,Centro,94.07,%,Critico,51.54,78.0,4G
458,2024-11-07 08:04:00,SENSOR_052,Ruido,Bogota,Occidente,60.62,dB,Normal,59.33,24.0,WiFi
459,2024-11-24 20:26:00,SENSOR_059,PM2.5,Bogota,Norte,118.14,µg/m3,Critico,41.8,26.0,4G
460,2024-07-31 00:43:00,SENSOR_057,CO2,Bucaramanga,Sur,933.69,ppm,Alerta,10.18,38.0,Ethernet
461,2024-11-24 21:59:00,SENSOR_012,Temperatura,Barranquilla,Occidente,24.64,°C,Normal,56.91,61.0,Ethernet
462,2024-01-19 03:22:00,SENSOR_023,Humedad,Bucaramanga,Occidente,35.86,%,Alerta,66.61,40.0,WiFi
463,2024-03-07 09:40:00,SENSOR_015,CO2,Barranquilla,Oriente,1360.92,ppm,Critico,97.64,40.0,Ethernet
464,2024-10-04 03:35:00,SENSOR_006,PM2.5,Medellin,Sur,104.21,µg/m3,Critico,18.74,26.0,Ethernet
465,2024-08-12 07:46:00,SENSOR_040,CO2,Barranquilla,Oriente,476.33,ppm,Normal,24.27,52.0,WiFi
466,2024-11-29 23:21:00,SENSOR_064,Temperatura,Bucaramanga,Occidente,22.34,°C,Normal,67.65,76.0,WiFi
467,2024-01-05 18:52:00,SENSOR_032,PM2.5,Cartagena,Sur,99.31,µg/m3,Critico,22.56,64.0,WiFi
468,2024-04-15 20:36:00,SENSOR_005,PM2.5,Barranquilla,Occidente,110.84,µg/m3,Critico,44.61,56.0,4G
469,2024-11-27 13:36:00,SENSOR_096,Temperatura,Cartagena,Sur,17.48,°C,Normal,41.0,74.0,WiFi
470,2024-08-01 05:37:00,SENSOR_061,CO2,Medellin,Centro,920.64,ppm,Alerta,24.86,93.0,WiFi
471,2024-12-18 04:37:00,SENSOR_093,CO2,Barranquilla,Occidente,1571.7,ppm,Critico,59.64,36.0,Ethernet
472,2024-12-28 10:39:00,SENSOR_064,Humedad,Medellin,Occidente,93.65,%,Critico,,,WiFi
473,2024-05-30 23:22:00,SENSOR_079,Temperatura,Bucaramanga,Oriente,24.01,°C,Normal,6.07,56.0,LoRaWAN
474,2024-02-19 09:31:00,SENSOR_040,PM2.5,Cali,Occidente,5.71,µg/m3,Normal,37.43,98.0,WiFi
475,2024-05-07 21:20:00,SENSOR_025,Ruido,Cali,Sur,86.82,dB,Critico,50.74,88.0,LoRaWAN
476,2024-12-02 18:15:00,SENSOR_053,PM2.5,Barranquilla,Centro,88.37,µg/m3,Critico,55.91,62.0,LoRaWAN
477,2024-02-18 05:09:00,SENSOR_020,CO2,Cali,Centro,1239.77,ppm,Critico,59.24,96.0,WiFi
478,2024-08-12 11:36:00,SENSOR_091,CO2,Cali,Centro,1045.58,ppm,Alerta,47.93,47.0,LoRaWAN
479,2024-05-07 10:34:00,SENSOR_015,Humedad,Cali,Centro,58.85,%,Normal,,84.0,4G
480,2024-05-18 12:11:00,SENSOR_044,CO2,Bucaramanga,Occidente,514.94,ppm,Normal,83.1,36.0,4G
481,2024-01-27 14:48:00,SENSOR_059,Temperatura,Bucaramanga,Occidente,,°C,Sin_Dato,70.27,31.0,LoRaWAN
482,2024-12-05 23:14:00,SENSOR_006,CO2,Bogota,Occidente,,ppm,Sin_Dato,65.69,45.0,4G
483,2024-07-27 16:07:00,SENSOR_036,Ruido,Cartagena,Sur,52.72,dB,Normal,15.87,91.0,WiFi
484,2024-05-30 10:12:00,SENSOR_070,CO2,Cali,Occidente,1714.92,ppm,Critico,59.54,59.0,LoRaWAN
485,2024-11-19 01:18:00,SENSOR_007,Ruido,Medellin,Centro,38.28,dB,Normal,13.18,96.0,Ethernet
486,2024-09-15 22:59:00,SENSOR_040,PM2.5,Cali,Norte,111.12,µg/m3,Critico,58.94,79.0,WiFi
487,2024-11-27 17:54:00,SENSOR_040,Ruido,Barranquilla,Oriente,49.55,dB,Normal,63.61,70.0,4G
488,2024-08-28 12:53:00,SENSOR_042,Temperatura,Bucaramanga,Oriente,12.82,°C,Normal,85.35,64.0,4G
489,2024-03-15 22:52:00,SENSOR_052,CO2,Barranquilla,Centro,406.39,ppm,Normal,48.79,50.0,4G
490,2024-04-25 19:04:00,SENSOR_062,CO2,Bucaramanga,Centro,1341.09,ppm,Critico,98.12,63.0,4G
491,2024-05-06 00:53:00,SENSOR_085,PM2.5,Barranquilla,Centro,18.15,µg/m3,Normal,35.91,76.0,4G
492,2024-08-12 07:18:00,SENSOR_052,Temperatura,Bogota,Occidente,24.91,°C,Normal,36.1,27.0,WiFi
493,2024-06-07 11:02:00,SENSOR_018,Humedad,Cartagena,Centro,59.44,%,Normal,63.48,46.0,LoRaWAN
494,2024-08-06 06:15:00,SENSOR_073,Ruido,Barranquilla,Sur,94.48,dB,Critico,60.36,85.0,Ethernet
495,2024-04-02 21:11:00,SENSOR_038,PM2.5,Bogota,Sur,5.1,µg/m3,Normal,97.98,56.0,WiFi
496,2024-06-20 07:08:00,SENSOR_056,Ruido,Barranquilla,Occidente,81.27,dB,Alerta,46.34,42.0,Ethernet
497,2024-04-11 06:24:00,SENSOR_025,CO2,Cartagena,Oriente,531.4,ppm,Normal,68.66,29.0,WiFi
498,2024-04-14 20:30:00,SENSOR_093,Humedad,Bucaramanga,Oriente,71.75,%,Normal,48.32,97.0,Ethernet
499,2024-05-10 22:11:00,SENSOR_059,PM2.5,Cartagena,Oriente,49.24,µg/m3,Alerta,45.35,,Ethernet
500,2024-06-21 09:30:00,SENSOR_092,Ruido,Cartagena,Sur,72.46,dB,Alerta,8.6,67.0,WiFi
501,2024-12-16 15:23:00,SENSOR_089,PM2.5,Bogota,Norte,118.12,µg/m3,Critico,49.17,98.0,WiFi
502,2024-06-27 13:43:00,SENSOR_061,PM2.5,Barranquilla,Centro,40.94,µg/m3,Alerta,37.64,80.0,Ethernet
503,2024-12-07 16:25:00,SENSOR_074,Ruido,Barranquilla,Sur,98.55,dB,Critico,20.91,96.0,LoRaWAN
504,2024-07-08 15:34:00,SENSOR_008,PM2.5,Barranquilla,Oriente,10.94,µg/m3,Normal,81.85,56.0,Ethernet
505,2024-03-01 01:58:00,SENSOR_017,CO2,Cartagena,Centro,1223.7,ppm,Critico,29.41,97.0,4G
506,2024-04-20 01:17:00,SENSOR_085,Humedad,Bucaramanga,Sur,75.55,%,Normal,80.94,63.0,WiFi
507,2024-04-15 15:17:00,SENSOR_077,Ruido,Medellin,Oriente,50.47,dB,Normal,65.57,64.0,WiFi
508,2024-07-11 12:38:00,SENSOR_097,Humedad,Bogota,Centro,60.96,%,Normal,95.08,49.0,Ethernet
509,2024-10-11 00:58:00,SENSOR_061,PM2.5,Cali,Norte,6.36,µg/m3,Normal,47.64,87.0,WiFi
510,2024-03-11 21:33:00,SENSOR_069,Ruido,Barranquilla,Sur,77.38,dB,Alerta,30.68,52.0,Ethernet
511,2024-12-01 18:27:00,SENSOR_099,PM2.5,Barranquilla,Norte,64.79,µg/m3,Alerta,99.36,21.0,WiFi
512,2024-02-19 11:32:00,SENSOR_002,PM2.5,Bucaramanga,Centro,56.28,µg/m3,Alerta,31.91,23.0,WiFi
513,2024-02-11 10:05:00,SENSOR_077,PM2.5,Barranquilla,Norte,86.43,µg/m3,Critico,86.36,92.0,4G
514,2024-03-21 17:09:00,SENSOR_090,CO2,Medellin,Sur,1704.27,ppm,Critico,92.66,74.0,LoRaWAN
515,2024-07-06 09:16:00,SENSOR_021,Temperatura,Bogota,Sur,18.32,°C,Normal,95.78,76.0,WiFi
516,2024-12-24 01:27:00,SENSOR_026,Humedad,Cartagena,Oriente,37.05,%,Alerta,45.97,33.0,Ethernet
517,2024-07-07 14:17:00,SENSOR_014,Temperatura,Bogota,Centro,16.26,°C,Normal,90.17,20.0,WiFi
518,2024-10-11 08:11:00,SENSOR_035,Ruido,Medellin,Sur,68.5,dB,Normal,51.61,28.0,4G
519,2024-01-03 09:48:00,SENSOR_050,Temperatura,Barranquilla,Oriente,33.38,°C,Critico,69.77,100.0,WiFi
520,2024-09-23 01:02:00,SENSOR_069,Ruido,Cali,Centro,53.85,dB,Normal,57.68,44.0,LoRaWAN
521,2024-10-11 01:34:00,SENSOR_014,Ruido,Barranquilla,Sur,76.13,dB,Alerta,18.29,95.0,4G
522,2024-12-22 05:57:00,SENSOR_050,CO2,Bogota,Occidente,1747.43,ppm,Critico,96.82,,LoRaWAN
523,2024-02-10 19:37:00,SENSOR_044,Ruido,Barranquilla,Centro,87.46,dB,Critico,48.55,88.0,4G
524,2024-06-18 15:43:00,SENSOR_010,Ruido,Bogota,Norte,65.63,dB,Normal,9.35,36.0,WiFi
525,2024-05-05 10:16:00,SENSOR_081,Temperatura,Bogota,Sur,14.27,°C,Normal,82.69,83.0,4G
526,2024-02-15 22:55:00,SENSOR_026,Ruido,Bucaramanga,Sur,98.43,dB,Critico,18.05,47.0,WiFi
527,2024-05-06 07:13:00,SENSOR_043,CO2,Bogota,Centro,922.73,ppm,Alerta,57.57,94.0,WiFi
528,2024-04-07 02:49:00,SENSOR_013,Ruido,Barranquilla,Occidente,36.02,dB,Normal,5.6,31.0,LoRaWAN
529,2024-10-30 02:00:00,SENSOR_089,Humedad,Bucaramanga,Norte,47.61,%,Normal,27.73,24.0,4G
530,2024-12-30 00:10:00,SENSOR_079,CO2,Bogota,Sur,1136.57,ppm,Alerta,98.73,99.0,LoRaWAN
531,2024-06-08 16:07:00,SENSOR_060,CO2,Barranquilla,Norte,469.02,ppm,Normal,85.16,83.0,4G
532,2024-04-26 08:00:00,SENSOR_086,CO2,Bogota,Centro,952.01,ppm,Alerta,81.49,25.0,WiFi
533,2024-02-08 04:44:00,SENSOR_069,Temperatura,Medellin,Norte,12.9,°C,Normal,73.53,61.0,Ethernet
534,2024-05-24 17:25:00,SENSOR_096,Humedad,Barranquilla,Sur,51.2,%,Normal,75.09,68.0,4G
535,2024-02-23 13:01:00,SENSOR_061,Temperatura,Cartagena,Oriente,13.62,°C,Normal,48.22,37.0,Ethernet
536,2024-05-21 09:06:00,SENSOR_081,Humedad,Cali,Sur,32.09,%,Alerta,31.66,79.0,Ethernet
537,2024-10-31 12:59:00,SENSOR_022,CO2,Cali,Norte,1484.32,ppm,Critico,63.1,90.0,4G
538,2024-03-03 23:14:00,SENSOR_053,Humedad,Cartagena,Oriente,84.4,%,Alerta,74.35,51.0,4G
539,2024-08-26 07:54:00,SENSOR_056,PM2.5,Cartagena,Norte,110.08,µg/m3,Critico,44.69,80.0,WiFi
540,2024-11-05 23:36:00,SENSOR_068,Temperatura,Bucaramanga,Oriente,16.01,°C,Normal,6.18,47.0,4G
541,2024-09-17 23:35:00,SENSOR_038,Temperatura,Medellin,Centro,17.62,°C,Normal,86.5,23.0,Ethernet
542,2024-12-03 16:48:00,SENSOR_099,Humedad,Medellin,Oriente,54.08,%,Normal,65.17,29.0,Ethernet
543,2024-08-30 09:57:00,SENSOR_068,Ruido,Bogota,Sur,80.37,dB,Alerta,59.65,30.0,LoRaWAN
544,2024-02-09 21:54:00,SENSOR_066,Temperatura,Barranquilla,Sur,19.14,°C,Normal,39.73,91.0,WiFi
545,2024-05-29 01:36:00,SENSOR_018,PM2.5,Cali,Norte,60.03,µg/m3,Alerta,60.11,46.0,4G
546,2024-08-21 08:30:00,SENSOR_046,Ruido,Cali,Occidente,39.12,dB,Normal,51.19,35.0,Ethernet
547,2024-07-31 19:41:00,SENSOR_058,Temperatura,Cartagena,Sur,32.1,°C,Critico,42.11,29.0,WiFi
548,2024-04-29 23:29:00,SENSOR_036,Ruido,Bogota,Norte,48.28,dB,Normal,7.16,89.0,4G
549,2024-12-11 02:05:00,SENSOR_045,Temperatura,Bucaramanga,Oriente,11.57,°C,Normal,27.07,62.0,Ethernet
550,2024-09-06 14:43:00,SENSOR_084,Ruido,Barranquilla,Sur,80.3,dB,Alerta,47.3,36.0,LoRaWAN
551,2024-05-05 01:19:00,SENSOR_034,CO2,Medellin,Oriente,1454.62,ppm,Critico,38.55,41.0,4G
552,2024-07-26 17:02:00,SENSOR_024,Humedad,Medellin,Norte,32.67,%,Alerta,17.01,43.0,4G
553,2024-01-26 06:14:00,SENSOR_086,Humedad,Cali,Sur,65.09,%,Normal,33.65,71.0,Ethernet
554,2024-04-15 20:46:00,SENSOR_059,Temperatura,Cali,Norte,23.65,°C,Normal,66.49,57.0,4G
555,2024-11-17 22:21:00,SENSOR_044,Ruido,Barranquilla,Centro,44.06,dB,Normal,34.27,48.0,Ethernet
556,2024-09-17 05:54:00,SENSOR_012,PM2.5,Cali,Centro,72.09,µg/m3,Alerta,93.89,22.0,WiFi
557,2024-11-20 08:56:00,SENSOR_087,PM2.5,Barranquilla,Centro,61.4,µg/m3,Alerta,53.6,66.0,Ethernet
558,2024-04-17 17:32:00,SENSOR_092,Ruido,Bucaramanga,Sur,53.5,dB,Normal,97.86,31.0,4G
559,2024-11-19 11:18:00,SENSOR_095,CO2,Bucaramanga,Oriente,1392.0,ppm,Critico,74.22,95.0,WiFi
560,2024-04-14 14:16:00,SENSOR_027,PM2.5,Cali,Oriente,12.6,µg/m3,Normal,76.83,72.0,LoRaWAN
561,2024-10-28 20:09:00,SENSOR_023,PM2.5,Cartagena,Oriente,20.75,µg/m3,Normal,41.27,25.0,LoRaWAN
562,2024-08-09 07:17:00,SENSOR_064,Humedad,Cartagena,Oriente,,%,Sin_Dato,,80.0,WiFi
563,2024-07-28 11:43:00,SENSOR_054,Humedad,Medellin,Oriente,,%,Sin_Dato,51.84,96.0,LoRaWAN
564,2024-12-15 21:05:00,SENSOR_073,Ruido,Bucaramanga,Sur,88.19,dB,Critico,74.63,,LoRaWAN
565,2024-04-28 13:57:00,SENSOR_075,CO2,Bogota,Norte,1339.92,ppm,Critico,10.02,65.0,WiFi
566,2024-07-30 01:36:00,SENSOR_038,PM2.5,Cartagena,Centro,77.22,µg/m3,Critico,61.88,61.0,LoRaWAN
567,2024-08-07 05:37:00,SENSOR_035,Temperatura,Barranquilla,Sur,18.79,°C,Normal,18.01,82.0,Ethernet
568,2024-09-04 19:24:00,SENSOR_021,Humedad,Bogota,Norte,84.05,%,Alerta,58.07,87.0,WiFi
569,2024-10-30 21:39:00,SENSOR_059,Humedad,Bogota,Centro,61.17,%,Normal,39.44,96.0,LoRaWAN
570,2024-05-05 09:32:00,SENSOR_091,Temperatura,Cali,Centro,31.42,°C,Alerta,26.52,36.0,WiFi
571,2024-11-05 08:00:00,SENSOR_089,Temperatura,Bogota,Centro,28.93,°C,Alerta,15.24,85.0,WiFi
572,2024-12-07 13:48:00,SENSOR_016,Temperatura,Cali,Centro,10.26,°C,Normal,16.76,95.0,4G
573,2024-05-14 13:17:00,SENSOR_086,Temperatura,Cali,Centro,28.65,°C,Alerta,60.08,84.0,4G
574,2024-02-19 18:16:00,SENSOR_013,PM2.5,Cartagena,Centro,27.03,µg/m3,Normal,90.66,32.0,4G
575,2024-12-11 16:15:00,SENSOR_047,Humedad,Barranquilla,Occidente,92.25,%,Critico,38.71,47.0,4G
576,2024-10-23 18:56:00,SENSOR_015,Ruido,Cali,Centro,43.83,dB,Normal,71.95,25.0,WiFi
577,2024-08-26 22:13:00,SENSOR_064,CO2,Bogota,Oriente,1404.26,ppm,Critico,84.9,72.0,LoRaWAN
578,2024-11-07 15:10:00,SENSOR_025,CO2,Bogota,Oriente,1798.08,ppm,Critico,14.99,30.0,WiFi
579,2024-04-14 09:31:00,SENSOR_051,Temperatura,Bucaramanga,Occidente,32.31,°C,Critico,39.55,45.0,Ethernet
580,2024-03-30 09:25:00,SENSOR_030,CO2,Bucaramanga,Oriente,1448.96,ppm,Critico,76.85,71.0,LoRaWAN
581,2024-12-12 11:40:00,SENSOR_086,Ruido,Cartagena,Oriente,44.58,dB,Normal,16.61,49.0,4G
582,2024-01-22 15:27:00,SENSOR_013,Temperatura,Barranquilla,Centro,10.67,°C,Normal,62.44,58.0,WiFi
583,2024-02-25 17:14:00,SENSOR_085,Ruido,Cartagena,Oriente,78.04,dB,Alerta,29.86,89.0,WiFi
584,2024-01-24 00:13:00,SENSOR_056,Ruido,Bogota,Oriente,59.46,dB,Normal,8.12,58.0,4G
585,2024-12-23 21:13:00,SENSOR_056,Ruido,Medellin,Sur,42.11,dB,Normal,67.71,93.0,Ethernet
586,2024-12-12 13:08:00,SENSOR_072,Temperatura,Medellin,Occidente,22.37,°C,Normal,63.61,56.0,LoRaWAN
587,2024-02-14 17:27:00,SENSOR_004,Humedad,Cartagena,Centro,52.68,%,Normal,7.56,63.0,Ethernet
588,2024-03-11 21:18:00,SENSOR_055,Ruido,Cali,Sur,77.98,dB,Alerta,66.57,28.0,LoRaWAN
589,2024-03-24 08:31:00,SENSOR_044,PM2.5,Medellin,Centro,58.0,µg/m3,Alerta,58.96,54.0,WiFi
590,2024-12-08 00:36:00,SENSOR_076,Ruido,Bogota,Sur,55.96,dB,Normal,51.39,46.0,LoRaWAN
591,2024-12-27 17:00:00,SENSOR_065,Humedad,Barranquilla,Sur,53.62,%,Normal,52.21,29.0,4G
592,2024-07-28 05:54:00,SENSOR_034,PM2.5,Bogota,Sur,30.98,µg/m3,Normal,13.74,32.0,LoRaWAN
593,2024-07-18 01:23:00,SENSOR_009,Ruido,Cartagena,Occidente,57.58,dB,Normal,83.26,58.0,Ethernet
594,2024-08-16 04:14:00,SENSOR_026,CO2,Bucaramanga,Oriente,979.84,ppm,Alerta,22.16,,4G
595,2024-12-29 12:12:00,SENSOR_028,CO2,Barranquilla,Oriente,1099.08,ppm,Alerta,78.07,92.0,WiFi
596,2024-05-26 02:34:00,SENSOR_047,Humedad,Bucaramanga,Norte,74.54,%,Normal,46.36,28.0,4G
597,2024-10-27 07:52:00,SENSOR_035,CO2,Cali,Norte,654.19,ppm,Normal,19.25,,LoRaWAN
598,2024-12-03 23:46:00,SENSOR_063,Ruido,Cartagena,Oriente,37.41,dB,Normal,17.96,55.0,4G
599,2024-01-31 18:03:00,SENSOR_093,Temperatura,Bucaramanga,Centro,12.1,°C,Normal,87.38,72.0,LoRaWAN
600,2024-03-06 18:13:00,SENSOR_051,Humedad,Barranquilla,Norte,77.74,%,Normal,54.59,87.0,LoRaWAN
601,2024-12-27 12:06:00,SENSOR_012,Temperatura,Medellin,Occidente,17.84,°C,Normal,75.04,50.0,Ethernet
602,2024-06-07 17:58:00,SENSOR_019,Humedad,Bogota,Norte,58.57,%,Normal,61.0,67.0,WiFi
603,2024-08-18 11:03:00,SENSOR_070,Humedad,Bucaramanga,Oriente,87.16,%,Alerta,39.48,59.0,WiFi
604,2024-01-26 08:20:00,SENSOR_095,Humedad,Barranquilla,Centro,55.0,%,Normal,71.56,35.0,4G
605,2024-11-18 03:32:00,SENSOR_050,CO2,Bogota,Oriente,1704.48,ppm,Critico,33.26,40.0,Ethernet
606,2024-08-18 23:11:00,SENSOR_099,Temperatura,Barranquilla,Oriente,12.0,°C,Normal,51.71,62.0,Ethernet
607,2024-03-14 02:32:00,SENSOR_021,PM2.5,Barranquilla,Sur,53.4,µg/m3,Alerta,57.03,23.0,WiFi
608,2024-05-13 19:04:00,SENSOR_081,Temperatura,Bucaramanga,Norte,25.71,°C,Normal,12.81,86.0,4G
609,2024-10-25 18:47:00,SENSOR_041,Humedad,Bucaramanga,Oriente,74.69,%,Normal,80.96,73.0,LoRaWAN
610,2024-05-12 10:44:00,SENSOR_051,Humedad,Bucaramanga,Occidente,,%,Sin_Dato,,98.0,4G
611,2024-03-05 18:58:00,SENSOR_060,Humedad,Medellin,Sur,70.17,%,Normal,19.18,41.0,WiFi
612,2024-01-11 06:40:00,SENSOR_092,Ruido,Cartagena,Oriente,67.12,dB,Normal,24.3,54.0,LoRaWAN
613,2024-12-25 20:12:00,SENSOR_049,Humedad,Medellin,Oriente,94.69,%,Critico,69.33,72.0,4G
614,2024-01-21 22:50:00,SENSOR_038,PM2.5,Cali,Norte,33.56,µg/m3,Normal,66.49,80.0,4G
615,2024-08-23 09:07:00,SENSOR_089,Ruido,Bucaramanga,Norte,82.85,dB,Alerta,14.05,62.0,4G
616,2024-12-08 22:08:00,SENSOR_046,Temperatura,Cartagena,Occidente,,°C,Sin_Dato,41.19,67.0,4G
617,2024-01-30 22:42:00,SENSOR_075,Humedad,Medellin,Sur,90.47,%,Critico,17.53,87.0,Ethernet
618,2024-04-13 06:03:00,SENSOR_034,Temperatura,Bogota,Sur,22.48,°C,Normal,31.7,75.0,LoRaWAN
619,2024-07-10 16:02:00,SENSOR_079,CO2,Cali,Occidente,547.48,ppm,Normal,51.67,91.0,Ethernet
620,2024-02-08 18:07:00,SENSOR_025,Humedad,Medellin,Centro,60.57,%,Normal,49.38,83.0,WiFi
621,2024-11-17 12:06:00,SENSOR_046,Ruido,Barranquilla,Occidente,42.31,dB,Normal,19.07,46.0,LoRaWAN
622,2024-05-11 13:10:00,SENSOR_022,CO2,Barranquilla,Occidente,1294.71,ppm,Critico,99.81,,4G
623,2024-10-30 05:26:00,SENSOR_010,Temperatura,Medellin,Oriente,10.65,°C,Normal,69.66,95.0,WiFi
624,2024-08-23 14:14:00,SENSOR_020,Ruido,Bogota,Centro,77.87,dB,Alerta,95.74,20.0,LoRaWAN
625,2024-02-01 22:16:00,SENSOR_084,CO2,Cartagena,Oriente,1799.73,ppm,Critico,80.72,26.0,LoRaWAN
626,2024-08-23 07:49:00,SENSOR_008,PM2.5,Barranquilla,Centro,48.86,µg/m3,Alerta,21.91,71.0,WiFi
627,2024-01-15 22:28:00,SENSOR_027,Ruido,Medellin,Oriente,83.92,dB,Alerta,16.46,75.0,LoRaWAN
628,2024-04-05 14:24:00,SENSOR_046,CO2,Barranquilla,Centro,1034.43,ppm,Alerta,50.26,74.0,WiFi
629,2024-11-03 16:21:00,SENSOR_048,Ruido,Cartagena,Norte,41.04,dB,Normal,97.46,39.0,Ethernet
630,2024-03-02 03:29:00,SENSOR_038,Temperatura,Bucaramanga,Oriente,21.94,°C,Normal,17.14,51.0,Ethernet
631,2024-08-03 03:54:00,SENSOR_073,Temperatura,Bogota,Occidente,22.84,°C,Normal,44.24,92.0,LoRaWAN
632,2024-09-15 20:04:00,SENSOR_033,PM2.5,Cartagena,Centro,,µg/m3,Sin_Dato,48.97,70.0,WiFi
633,2024-03-01 15:36:00,SENSOR_054,CO2,Barranquilla,Sur,982.5,ppm,Alerta,64.26,43.0,4G
634,2024-05-14 18:38:00,SENSOR_011,CO2,Barranquilla,Occidente,459.5,ppm,Normal,5.56,41.0,Ethernet
635,2024-12-01 01:55:00,SENSOR_089,Ruido,Bucaramanga,Occidente,87.85,dB,Critico,70.61,70.0,LoRaWAN
636,2024-03-04 19:32:00,SENSOR_017,Humedad,Medellin,Centro,31.03,%,Alerta,86.61,38.0,4G
637,2024-11-13 07:57:00,SENSOR_081,Temperatura,Cartagena,Norte,21.59,°C,Normal,7.07,39.0,Ethernet
638,2024-12-19 04:48:00,SENSOR_061,PM2.5,Bogota,Oriente,38.91,µg/m3,Alerta,42.21,33.0,Ethernet
639,2024-10-29 16:38:00,SENSOR_064,PM2.5,Barranquilla,Occidente,119.89,µg/m3,Critico,42.97,98.0,Ethernet
640,2024-06-17 20:50:00,SENSOR_092,Temperatura,Bogota,Occidente,17.9,°C,Normal,89.82,80.0,WiFi
641,2024-12-26 07:03:00,SENSOR_080,Ruido,Barranquilla,Sur,36.35,dB,Normal,23.26,49.0,4G
642,2024-09-03 23:07:00,SENSOR_078,Humedad,Barranquilla,Oriente,76.99,%,Normal,44.6,66.0,Ethernet
643,2024-04-27 23:36:00,SENSOR_080,Temperatura,Medellin,Sur,13.23,°C,Normal,62.55,73.0,Ethernet
644,2024-08-09 02:42:00,SENSOR_031,Temperatura,Medellin,Occidente,18.97,°C,Normal,69.31,84.0,WiFi
645,2024-02-16 08:38:00,SENSOR_044,PM2.5,Bucaramanga,Centro,69.63,µg/m3,Alerta,99.4,25.0,LoRaWAN
646,2024-04-20 02:02:00,SENSOR_089,Temperatura,Cartagena,Occidente,33.17,°C,Critico,48.43,34.0,WiFi
647,2024-03-15 04:16:00,SENSOR_072,Temperatura,Bogota,Occidente,12.95,°C,Normal,39.36,76.0,Ethernet
648,2024-03-13 07:17:00,SENSOR_020,CO2,Barranquilla,Sur,484.48,ppm,Normal,97.12,20.0,4G
649,2024-12-10 21:52:00,SENSOR_044,Humedad,Cali,Occidente,54.21,%,Normal,39.26,39.0,Ethernet
650,2024-06-15 03:46:00,SENSOR_018,Ruido,Bucaramanga,Oriente,96.87,dB,Critico,69.81,76.0,4G
651,2024-01-08 05:51:00,SENSOR_092,Temperatura,Cartagena,Centro,20.04,°C,Normal,46.24,24.0,4G
652,2024-02-12 02:17:00,SENSOR_081,CO2,Barranquilla,Occidente,1628.67,ppm,Critico,87.99,60.0,LoRaWAN
653,2024-01-06 18:06:00,SENSOR_036,Humedad,Cartagena,Occidente,59.0,%,Normal,56.72,76.0,LoRaWAN
654,2024-10-21 13:14:00,SENSOR_100,Temperatura,Medellin,Sur,,°C,Sin_Dato,73.88,36.0,LoRaWAN
655,2024-06-04 15:16:00,SENSOR_012,CO2,Cartagena,Occidente,1435.57,ppm,Critico,7.65,95.0,LoRaWAN
656,2024-06-24 17:43:00,SENSOR_100,PM2.5,Cali,Oriente,11.89,µg/m3,Normal,64.56,26.0,WiFi
657,2024-11-22 18:14:00,SENSOR_039,Ruido,Cartagena,Centro,50.35,dB,Normal,60.25,100.0,4G
658,2024-09-12 02:35:00,SENSOR_039,Humedad,Cali,Occidente,63.78,%,Normal,36.15,66.0,Ethernet
659,2024-03-12 08:27:00,SENSOR_019,Ruido,Barranquilla,Oriente,39.04,dB,Normal,50.24,67.0,Ethernet
660,2024-10-14 11:19:00,SENSOR_034,Ruido,Cartagena,Oriente,79.79,dB,Alerta,74.51,40.0,4G
661,2024-04-02 13:39:00,SENSOR_063,Humedad,Barranquilla,Oriente,63.36,%,Normal,70.97,24.0,4G
662,2024-09-25 22:32:00,SENSOR_016,Temperatura,Cartagena,Oriente,24.29,°C,Normal,19.56,67.0,LoRaWAN
663,2024-08-02 01:41:00,SENSOR_063,Humedad,Bogota,Norte,57.41,%,Normal,33.99,43.0,Ethernet
664,2024-01-02 12:27:00,SENSOR_016,Temperatura,Cartagena,Sur,20.44,°C,Normal,58.75,68.0,Ethernet
665,2024-04-06 17:00:00,SENSOR_098,Ruido,Medellin,Occidente,78.37,dB,Alerta,74.15,99.0,Ethernet
666,2024-10-08 23:25:00,SENSOR_030,PM2.5,Bucaramanga,Sur,82.1,µg/m3,Critico,31.35,41.0,WiFi
667,2024-08-12 21:30:00,SENSOR_072,PM2.5,Barranquilla,Centro,114.84,µg/m3,Critico,76.97,86.0,4G
668,2024-12-12 11:49:00,SENSOR_065,PM2.5,Bogota,Centro,7.18,µg/m3,Normal,28.3,94.0,Ethernet
669,2024-03-02 15:19:00,SENSOR_069,Ruido,Cartagena,Sur,66.95,dB,Normal,37.3,23.0,LoRaWAN
670,2024-10-05 04:07:00,SENSOR_033,Temperatura,Bogota,Centro,17.13,°C,Normal,77.99,72.0,4G
671,2024-02-12 21:35:00,SENSOR_079,Temperatura,Cali,Norte,17.45,°C,Normal,18.53,53.0,Ethernet
672,2024-03-29 02:02:00,SENSOR_007,PM2.5,Medellin,Norte,61.69,µg/m3,Alerta,41.58,27.0,LoRaWAN
673,2024-12-04 11:22:00,SENSOR_071,Ruido,Bucaramanga,Centro,,dB,Sin_Dato,91.8,,WiFi
674,2024-06-28 08:41:00,SENSOR_098,CO2,Cartagena,Norte,968.97,ppm,Alerta,52.54,38.0,LoRaWAN
675,2024-05-02 11:18:00,SENSOR_032,PM2.5,Cartagena,Oriente,5.12,µg/m3,Normal,83.79,41.0,WiFi
676,2024-02-13 19:38:00,SENSOR_062,CO2,Cali,Occidente,870.23,ppm,Alerta,65.06,85.0,LoRaWAN
677,2024-02-03 02:54:00,SENSOR_021,PM2.5,Barranquilla,Occidente,15.32,µg/m3,Normal,83.9,55.0,Ethernet
678,2024-06-02 12:52:00,SENSOR_079,CO2,Cartagena,Sur,1769.46,ppm,Critico,30.94,61.0,LoRaWAN
679,2024-06-02 08:55:00,SENSOR_059,Temperatura,Cartagena,Sur,13.34,°C,Normal,62.83,,WiFi
680,2024-05-06 08:45:00,SENSOR_053,Ruido,Cartagena,Oriente,86.17,dB,Critico,12.36,76.0,WiFi
681,2024-09-14 01:01:00,SENSOR_049,Ruido,Cartagena,Sur,84.92,dB,Alerta,5.8,44.0,Ethernet
682,2024-01-07 19:38:00,SENSOR_029,CO2,Barranquilla,Centro,1363.8,ppm,Critico,82.55,48.0,4G
683,2024-12-25 13:55:00,SENSOR_047,Ruido,Bogota,Sur,80.95,dB,Alerta,23.63,70.0,WiFi
684,2024-07-20 22:59:00,SENSOR_073,Humedad,Cartagena,Oriente,72.89,%,Normal,69.83,28.0,4G
685,2024-02-17 08:49:00,SENSOR_017,Humedad,Cali,Occidente,77.38,%,Normal,85.53,,LoRaWAN
686,2024-11-26 12:56:00,SENSOR_001,CO2,Bucaramanga,Centro,1792.66,ppm,Critico,69.62,66.0,WiFi
687,2024-06-12 12:15:00,SENSOR_007,PM2.5,Cali,Oriente,5.59,µg/m3,Normal,12.77,23.0,4G
688,2024-11-04 14:47:00,SENSOR_010,Humedad,Medellin,Norte,34.08,%,Alerta,7.65,23.0,LoRaWAN
689,2024-07-01 08:13:00,SENSOR_032,Humedad,Bogota,Oriente,84.11,%,Alerta,54.37,29.0,Ethernet
690,2024-03-10 15:58:00,SENSOR_081,Temperatura,Bucaramanga,Occidente,11.52,°C,Normal,34.76,28.0,4G
691,2024-02-15 03:34:00,SENSOR_057,PM2.5,Bogota,Sur,12.57,µg/m3,Normal,58.13,68.0,Ethernet
692,2024-03-10 18:45:00,SENSOR_080,PM2.5,Bucaramanga,Norte,76.76,µg/m3,Critico,49.1,99.0,WiFi
693,2024-09-04 07:13:00,SENSOR_084,Ruido,Barranquilla,Centro,73.21,dB,Alerta,6.17,95.0,4G
694,2024-04-01 17:41:00,SENSOR_082,CO2,Cartagena,Sur,1386.93,ppm,Critico,28.1,27.0,4G
695,2024-08-14 22:46:00,SENSOR_075,CO2,Bucaramanga,Occidente,1627.83,ppm,Critico,19.0,63.0,LoRaWAN
696,2024-09-25 13:46:00,SENSOR_002,Humedad,Cartagena,Occidente,62.96,%,Normal,86.58,45.0,4G
697,2024-05-26 13:17:00,SENSOR_009,Ruido,Cali,Norte,98.83,dB,Critico,36.46,62.0,LoRaWAN
698,2024-10-31 21:13:00,SENSOR_043,Ruido,Medellin,Centro,94.19,dB,Critico,92.4,49.0,Ethernet
699,2024-06-04 04:51:00,SENSOR_031,Ruido,Bucaramanga,Sur,46.98,dB,Normal,39.47,23.0,WiFi
700,2024-04-13 16:39:00,SENSOR_038,PM2.5,Bucaramanga,Norte,46.39,µg/m3,Alerta,23.92,48.0,LoRaWAN
701,2024-05-06 21:50:00,SENSOR_044,Humedad,Cartagena,Norte,41.45,%,Normal,14.61,37.0,Ethernet
702,2024-03-21 19:19:00,SENSOR_044,Ruido,Medellin,Sur,87.62,dB,Critico,94.41,99.0,Ethernet
703,2024-02-17 14:33:00,SENSOR_016,Humedad,Medellin,Norte,54.58,%,Normal,61.96,51.0,WiFi
704,2024-05-17 16:47:00,SENSOR_069,CO2,Cali,Norte,1244.19,ppm,Critico,17.01,94.0,Ethernet
705,2024-06-01 08:41:00,SENSOR_094,PM2.5,Bogota,Oriente,63.49,µg/m3,Alerta,66.28,83.0,Ethernet
706,2024-05-10 08:13:00,SENSOR_042,PM2.5,Barranquilla,Sur,87.3,µg/m3,Critico,30.49,94.0,WiFi
707,2024-05-30 21:04:00,SENSOR_029,Humedad,Medellin,Oriente,49.89,%,Normal,59.28,67.0,LoRaWAN
708,2024-03-02 17:16:00,SENSOR_018,Ruido,Bogota,Sur,49.96,dB,Normal,53.66,77.0,Ethernet
709,2024-11-10 22:35:00,SENSOR_053,CO2,Cali,Oriente,337.08,ppm,Normal,30.23,30.0,LoRaWAN
710,2024-02-26 21:55:00,SENSOR_036,Temperatura,Medellin,Centro,10.96,°C,Normal,23.68,58.0,LoRaWAN
711,2024-05-18 19:43:00,SENSOR_091,PM2.5,Cartagena,Norte,5.98,µg/m3,Normal,83.12,71.0,Ethernet
712,2024-01-09 15:48:00,SENSOR_061,Humedad,Barranquilla,Occidente,44.79,%,Normal,24.94,95.0,Ethernet
713,2024-12-01 23:34:00,SENSOR_044,Humedad,Bogota,Sur,91.23,%,Critico,46.67,23.0,LoRaWAN
714,2024-04-11 04:19:00,SENSOR_074,Temperatura,Medellin,Sur,26.47,°C,Normal,26.42,71.0,LoRaWAN
715,2024-08-25 10:39:00,SENSOR_076,Temperatura,Bogota,Occidente,13.84,°C,Normal,36.37,97.0,Ethernet
716,2024-10-04 16:01:00,SENSOR_027,PM2.5,Bucaramanga,Centro,59.6,µg/m3,Alerta,96.38,58.0,WiFi
717,2024-05-04 19:50:00,SENSOR_014,Humedad,Barranquilla,Occidente,,%,Sin_Dato,51.42,28.0,Ethernet
718,2024-07-25 16:04:00,SENSOR_027,PM2.5,Medellin,Sur,11.61,µg/m3,Normal,21.32,72.0,Ethernet
719,2024-04-24 08:23:00,SENSOR_015,Ruido,Medellin,Occidente,39.47,dB,Normal,87.24,46.0,LoRaWAN
720,2024-11-10 17:15:00,SENSOR_091,Humedad,Barranquilla,Oriente,91.05,%,Critico,52.74,55.0,4G
721,2024-01-06 10:04:00,SENSOR_019,Ruido,Bucaramanga,Centro,51.04,dB,Normal,59.08,79.0,WiFi
722,2024-03-07 08:08:00,SENSOR_037,CO2,Barranquilla,Oriente,1367.47,ppm,Critico,63.24,42.0,Ethernet
723,2024-06-30 09:56:00,SENSOR_023,Ruido,Cartagena,Oriente,77.84,dB,Alerta,14.08,25.0,4G
724,2024-04-25 00:03:00,SENSOR_036,CO2,Barranquilla,Occidente,400.12,ppm,Normal,90.71,72.0,WiFi
725,2024-09-25 12:03:00,SENSOR_010,CO2,Bogota,Occidente,547.26,ppm,Normal,9.24,,Ethernet
726,2024-10-04 13:10:00,SENSOR_044,Humedad,Barranquilla,Oriente,30.7,%,Alerta,92.13,79.0,Ethernet
727,2024-12-01 22:47:00,SENSOR_009,Humedad,Bogota,Occidente,58.45,%,Normal,31.52,22.0,WiFi
728,2024-05-09 01:26:00,SENSOR_038,Ruido,Bogota,Occidente,78.64,dB,Alerta,,76.0,LoRaWAN
729,2024-05-09 13:43:00,SENSOR_028,PM2.5,Barranquilla,Centro,85.13,µg/m3,Critico,82.09,33.0,Ethernet
730,2024-08-12 12:21:00,SENSOR_057,Temperatura,Bogota,Occidente,19.43,°C,Normal,28.72,45.0,WiFi
731,2024-01-12 16:17:00,SENSOR_054,CO2,Bogota,Centro,1319.94,ppm,Critico,96.08,41.0,4G
732,2024-02-02 01:10:00,SENSOR_054,CO2,Cartagena,Centro,1240.18,ppm,Critico,93.76,74.0,WiFi
733,2024-06-18 05:37:00,SENSOR_028,CO2,Bogota,Sur,903.21,ppm,Alerta,41.97,28.0,LoRaWAN
734,2024-09-25 16:23:00,SENSOR_006,Ruido,Bogota,Norte,73.93,dB,Alerta,14.67,92.0,4G
735,2024-07-02 10:58:00,SENSOR_013,Ruido,Cartagena,Sur,98.2,dB,Critico,36.54,60.0,Ethernet
736,2024-02-19 03:53:00,SENSOR_043,PM2.5,Bogota,Occidente,63.77,µg/m3,Alerta,52.82,21.0,4G
737,2024-01-16 10:43:00,SENSOR_079,Humedad,Bogota,Sur,79.22,%,Normal,10.69,57.0,4G
738,2024-04-20 10:38:00,SENSOR_049,Humedad,Medellin,Centro,68.87,%,Normal,75.23,55.0,LoRaWAN
739,2024-01-29 20:11:00,SENSOR_067,Temperatura,Bucaramanga,Sur,28.32,°C,Alerta,24.55,51.0,4G
740,2024-10-04 18:56:00,SENSOR_067,Ruido,Cali,Norte,39.2,dB,Normal,95.6,38.0,4G
741,2024-04-01 10:20:00,SENSOR_012,PM2.5,Medellin,Occidente,112.16,µg/m3,Critico,12.43,59.0,4G
742,2024-05-23 20:11:00,SENSOR_032,PM2.5,Bucaramanga,Norte,37.82,µg/m3,Alerta,65.38,81.0,WiFi
743,2024-09-18 20:08:00,SENSOR_051,Ruido,Bucaramanga,Norte,67.84,dB,Normal,77.23,81.0,WiFi
744,2024-10-04 17:47:00,SENSOR_055,PM2.5,Bogota,Sur,68.58,µg/m3,Alerta,41.14,56.0,Ethernet
745,2024-12-16 03:21:00,SENSOR_010,Ruido,Cali,Norte,94.55,dB,Critico,,67.0,Ethernet
746,2024-10-21 14:06:00,SENSOR_054,Ruido,Bucaramanga,Sur,76.67,dB,Alerta,43.83,35.0,Ethernet
747,2024-04-28 05:29:00,SENSOR_025,CO2,Bucaramanga,Sur,1032.93,ppm,Alerta,71.16,74.0,4G
748,2024-06-25 11:25:00,SENSOR_062,Temperatura,Bogota,Sur,26.13,°C,Normal,48.27,52.0,4G
749,2024-04-27 13:08:00,SENSOR_002,Ruido,Bogota,Centro,73.1,dB,Alerta,54.26,74.0,4G
750,2024-11-06 20:07:00,SENSOR_033,PM2.5,Barranquilla,Sur,80.73,µg/m3,Critico,34.26,31.0,WiFi
751,2024-09-07 18:42:00,SENSOR_019,Ruido,Cali,Norte,35.42,dB,Normal,51.71,73.0,Ethernet
752,2024-07-28 23:06:00,SENSOR_094,Humedad,Bucaramanga,Norte,75.76,%,Normal,22.29,77.0,4G
753,2024-05-15 04:15:00,SENSOR_026,Humedad,Bogota,Norte,88.65,%,Alerta,64.55,41.0,WiFi
754,2024-08-01 10:44:00,SENSOR_011,CO2,Bucaramanga,Centro,344.5,ppm,Normal,51.09,21.0,WiFi
755,2024-07-12 18:05:00,SENSOR_097,Temperatura,Bogota,Occidente,23.06,°C,Normal,,54.0,Ethernet
756,2024-12-10 14:19:00,SENSOR_097,Ruido,Cali,Occidente,79.32,dB,Alerta,34.95,66.0,Ethernet
757,2024-10-02 13:38:00,SENSOR_079,CO2,Bogota,Sur,304.63,ppm,Normal,43.17,37.0,WiFi
758,2024-03-30 11:44:00,SENSOR_068,CO2,Cali,Norte,1329.28,ppm,Critico,53.92,20.0,LoRaWAN
759,2024-01-13 02:38:00,SENSOR_082,CO2,Cali,Centro,650.34,ppm,Normal,75.22,64.0,Ethernet
760,2024-12-12 16:50:00,SENSOR_085,Ruido,Barranquilla,Centro,47.68,dB,Normal,54.41,84.0,WiFi
761,2024-04-03 02:32:00,SENSOR_064,PM2.5,Bogota,Sur,58.68,µg/m3,Alerta,95.73,89.0,4G
762,2024-06-26 04:57:00,SENSOR_028,Temperatura,Medellin,Centro,27.89,°C,Normal,93.25,55.0,4G
763,2024-07-06 14:23:00,SENSOR_086,Humedad,Bucaramanga,Centro,71.18,%,Normal,80.58,48.0,WiFi
764,2024-09-06 22:18:00,SENSOR_049,PM2.5,Barranquilla,Oriente,55.25,µg/m3,Alerta,29.61,34.0,WiFi
765,2024-09-04 18:05:00,SENSOR_095,Temperatura,Cartagena,Norte,13.19,°C,Normal,41.12,59.0,WiFi
766,2024-05-18 06:00:00,SENSOR_050,CO2,Bucaramanga,Sur,1700.89,ppm,Critico,68.06,33.0,Ethernet
767,2024-01-07 16:34:00,SENSOR_069,Humedad,Bucaramanga,Sur,49.29,%,Normal,69.6,56.0,4G
768,2024-01-26 00:12:00,SENSOR_077,PM2.5,Cali,Sur,19.2,µg/m3,Normal,72.12,47.0,Ethernet
769,2024-07-31 06:14:00,SENSOR_091,CO2,Bucaramanga,Centro,1375.15,ppm,Critico,93.77,26.0,4G
770,2024-12-20 23:45:00,SENSOR_094,Humedad,Bucaramanga,Sur,65.62,%,Normal,69.4,70.0,Ethernet
771,2024-02-22 07:12:00,SENSOR_068,CO2,Barranquilla,Sur,592.64,ppm,Normal,42.41,94.0,WiFi
772,2024-08-09 10:04:00,SENSOR_059,PM2.5,Barranquilla,Norte,85.03,µg/m3,Critico,18.76,45.0,WiFi
773,2024-09-20 18:21:00,SENSOR_093,Humedad,Cartagena,Centro,93.88,%,Critico,20.98,65.0,Ethernet
774,2024-05-10 19:18:00,SENSOR_007,CO2,Bogota,Occidente,1754.59,ppm,Critico,43.38,50.0,Ethernet
775,2024-12-21 19:21:00,SENSOR_039,Humedad,Barranquilla,Occidente,54.4,%,Normal,80.56,79.0,Ethernet
776,2024-07-19 09:44:00,SENSOR_081,CO2,Barranquilla,Oriente,,ppm,Sin_Dato,16.59,85.0,4G
777,2024-01-17 18:25:00,SENSOR_076,Ruido,Cartagena,Occidente,83.45,dB,Alerta,22.2,75.0,LoRaWAN
778,2024-04-01 04:39:00,SENSOR_013,PM2.5,Cali,Centro,98.48,µg/m3,Critico,,88.0,Ethernet
779,2024-02-16 13:17:00,SENSOR_067,Temperatura,Cartagena,Occidente,15.19,°C,Normal,16.15,43.0,WiFi
780,2024-11-21 15:57:00,SENSOR_041,Humedad,Bogota,Centro,72.42,%,Normal,29.39,30.0,WiFi
781,2024-08-05 10:01:00,SENSOR_047,Ruido,Cartagena,Norte,77.78,dB,Alerta,9.39,57.0,Ethernet
782,2024-04-11 20:08:00,SENSOR_074,PM2.5,Bucaramanga,Sur,119.63,µg/m3,Critico,53.51,25.0,4G
783,2024-01-27 17:58:00,SENSOR_025,Humedad,Medellin,Sur,69.14,%,Normal,39.11,99.0,Ethernet
784,2024-02-24 03:31:00,SENSOR_071,Ruido,Cali,Sur,45.62,dB,Normal,94.75,38.0,4G
785,2024-02-21 09:05:00,SENSOR_081,Humedad,Barranquilla,Sur,66.64,%,Normal,53.59,39.0,LoRaWAN
786,2024-11-11 18:11:00,SENSOR_049,Humedad,Bogota,Occidente,38.1,%,Alerta,57.1,31.0,LoRaWAN
787,2024-08-30 20:38:00,SENSOR_100,Humedad,Cali,Norte,36.37,%,Alerta,26.11,35.0,4G
788,2024-08-11 05:20:00,SENSOR_076,PM2.5,Bucaramanga,Centro,70.8,µg/m3,Alerta,30.75,26.0,4G
789,2024-08-19 13:23:00,SENSOR_097,CO2,Bucaramanga,Norte,1316.72,ppm,Critico,57.41,71.0,Ethernet
790,2024-04-02 21:29:00,SENSOR_034,Humedad,Bogota,Occidente,39.27,%,Alerta,30.4,67.0,4G
791,2024-10-31 13:20:00,SENSOR_091,Ruido,Bucaramanga,Norte,86.9,dB,Critico,31.2,49.0,LoRaWAN
792,2024-03-04 07:25:00,SENSOR_040,Temperatura,Bucaramanga,Sur,11.92,°C,Normal,13.9,30.0,LoRaWAN
793,2024-12-24 21:11:00,SENSOR_002,Humedad,Bucaramanga,Occidente,63.48,%,Normal,89.37,71.0,WiFi
794,2024-05-18 11:42:00,SENSOR_096,PM2.5,Bogota,Oriente,33.09,µg/m3,Normal,95.33,87.0,WiFi
795,2024-11-22 16:45:00,SENSOR_022,Humedad,Barranquilla,Occidente,53.86,%,Normal,38.56,83.0,Ethernet
796,2024-05-04 03:25:00,SENSOR_048,Humedad,Bogota,Sur,85.3,%,Alerta,32.56,53.0,4G
797,2024-01-02 15:02:00,SENSOR_095,Ruido,Barranquilla,Occidente,54.81,dB,Normal,66.08,24.0,Ethernet
798,2024-12-21 13:04:00,SENSOR_008,PM2.5,Cali,Centro,39.31,µg/m3,Alerta,38.22,71.0,LoRaWAN
799,2024-01-07 10:54:00,SENSOR_013,Humedad,Bucaramanga,Oriente,63.43,%,Normal,16.77,39.0,LoRaWAN
800,2024-06-13 15:18:00,SENSOR_061,CO2,Bucaramanga,Sur,1638.29,ppm,Critico,30.6,76.0,4G
801,2024-04-11 20:28:00,SENSOR_046,Temperatura,Barranquilla,Oriente,31.76,°C,Alerta,23.01,70.0,Ethernet
802,2024-08-29 04:22:00,SENSOR_005,Ruido,Medellin,Norte,98.89,dB,Critico,51.46,36.0,LoRaWAN
803,2024-10-18 04:20:00,SENSOR_065,Humedad,Barranquilla,Oriente,37.01,%,Alerta,,84.0,WiFi
804,2024-06-21 05:13:00,SENSOR_007,Ruido,Barranquilla,Sur,82.93,dB,Alerta,32.5,74.0,4G
805,2024-04-21 01:03:00,SENSOR_094,Humedad,Cartagena,Norte,37.48,%,Alerta,71.59,74.0,4G
806,2024-12-11 01:52:00,SENSOR_091,PM2.5,Bogota,Occidente,119.14,µg/m3,Critico,65.28,36.0,Ethernet
807,2024-01-28 22:30:00,SENSOR_036,Ruido,Medellin,Norte,,dB,Sin_Dato,87.11,87.0,LoRaWAN
808,2024-06-17 12:29:00,SENSOR_029,Ruido,Cali,Oriente,62.76,dB,Normal,15.46,64.0,Ethernet
809,2024-06-28 20:05:00,SENSOR_041,Temperatura,Bogota,Norte,,°C,Sin_Dato,35.56,55.0,WiFi
810,2024-11-09 18:39:00,SENSOR_024,CO2,Cali,Oriente,467.29,ppm,Normal,69.88,36.0,LoRaWAN
811,2024-09-19 13:23:00,SENSOR_095,PM2.5,Cali,Occidente,32.4,µg/m3,Normal,60.51,33.0,4G
812,2024-03-28 15:20:00,SENSOR_006,Humedad,Cartagena,Norte,90.16,%,Critico,56.93,80.0,4G
813,2024-04-21 21:37:00,SENSOR_006,Ruido,Medellin,Norte,51.41,dB,Normal,86.08,64.0,LoRaWAN
814,2024-11-22 13:47:00,SENSOR_081,Ruido,Barranquilla,Centro,62.24,dB,Normal,52.87,,LoRaWAN
815,2024-04-03 21:17:00,SENSOR_038,Temperatura,Bogota,Occidente,27.35,°C,Normal,42.76,85.0,WiFi
816,2024-04-30 12:38:00,SENSOR_057,PM2.5,Cartagena,Oriente,51.1,µg/m3,Alerta,22.49,47.0,WiFi
817,2024-11-27 15:24:00,SENSOR_065,CO2,Barranquilla,Occidente,630.5,ppm,Normal,57.45,25.0,4G
818,2024-07-31 12:19:00,SENSOR_006,CO2,Barranquilla,Norte,705.65,ppm,Normal,66.03,46.0,WiFi
819,2024-01-02 00:27:00,SENSOR_084,CO2,Cali,Occidente,1719.64,ppm,Critico,30.08,98.0,LoRaWAN
820,2024-08-24 09:24:00,SENSOR_008,CO2,Barranquilla,Centro,1747.84,ppm,Critico,97.3,94.0,WiFi
821,2024-10-05 03:36:00,SENSOR_084,PM2.5,Cali,Occidente,55.85,µg/m3,Alerta,24.37,70.0,4G
822,2024-11-20 19:23:00,SENSOR_030,CO2,Barranquilla,Oriente,1018.51,ppm,Alerta,48.64,42.0,4G
823,2024-12-23 04:25:00,SENSOR_094,Temperatura,Medellin,Sur,32.13,°C,Critico,70.3,38.0,WiFi
824,2024-11-06 11:47:00,SENSOR_032,Temperatura,Bucaramanga,Oriente,13.43,°C,Normal,6.12,69.0,WiFi
825,2024-03-21 03:00:00,SENSOR_002,Humedad,Barranquilla,Centro,35.43,%,Alerta,64.6,,WiFi
826,2024-03-18 10:24:00,SENSOR_070,Temperatura,Barranquilla,Sur,22.01,°C,Normal,47.21,62.0,Ethernet
827,2024-04-22 12:18:00,SENSOR_032,CO2,Bogota,Occidente,484.61,ppm,Normal,14.77,85.0,Ethernet
828,2024-04-13 06:44:00,SENSOR_001,Humedad,Medellin,Centro,39.58,%,Alerta,26.46,69.0,WiFi
829,2024-12-24 03:11:00,SENSOR_022,Temperatura,Bogota,Norte,17.05,°C,Normal,36.7,30.0,WiFi
830,2024-04-20 00:42:00,SENSOR_023,CO2,Bucaramanga,Occidente,1319.15,ppm,Critico,68.39,56.0,LoRaWAN
831,2024-03-16 16:10:00,SENSOR_035,CO2,Bucaramanga,Sur,1366.96,ppm,Critico,5.21,39.0,4G
832,2024-08-21 04:52:00,SENSOR_019,Ruido,Bucaramanga,Oriente,42.36,dB,Normal,74.04,61.0,4G
833,2024-05-12 10:26:00,SENSOR_099,CO2,Bucaramanga,Sur,1021.93,ppm,Alerta,62.17,37.0,4G
834,2024-10-06 00:38:00,SENSOR_054,PM2.5,Cartagena,Oriente,66.23,µg/m3,Alerta,41.54,73.0,4G
835,2024-03-04 12:48:00,SENSOR_031,Humedad,Cali,Centro,31.12,%,Alerta,95.97,27.0,LoRaWAN
836,2024-09-19 18:27:00,SENSOR_100,Ruido,Medellin,Sur,90.47,dB,Critico,91.73,48.0,WiFi
837,2024-04-10 08:15:00,SENSOR_016,Ruido,Barranquilla,Norte,80.25,dB,Alerta,10.14,94.0,WiFi
838,2024-12-13 05:08:00,SENSOR_077,Humedad,Medellin,Centro,35.13,%,Alerta,59.07,39.0,4G
839,2024-12-08 01:44:00,SENSOR_096,CO2,Medellin,Occidente,1383.84,ppm,Critico,66.26,,WiFi
840,2024-04-23 12:19:00,SENSOR_008,PM2.5,Barranquilla,Centro,62.88,µg/m3,Alerta,,78.0,LoRaWAN
841,2024-08-10 20:19:00,SENSOR_091,Humedad,Medellin,Oriente,35.98,%,Alerta,95.35,71.0,WiFi
842,2024-06-08 09:40:00,SENSOR_051,PM2.5,Medellin,Occidente,98.9,µg/m3,Critico,34.75,68.0,4G
843,2024-02-09 19:27:00,SENSOR_048,Humedad,Barranquilla,Oriente,36.79,%,Alerta,78.99,50.0,LoRaWAN
844,2024-04-28 12:26:00,SENSOR_070,Humedad,Bogota,Centro,79.17,%,Normal,57.41,24.0,4G
845,2024-07-15 00:03:00,SENSOR_011,Temperatura,Cartagena,Occidente,29.76,°C,Alerta,34.89,21.0,LoRaWAN
846,2024-07-24 15:20:00,SENSOR_051,CO2,Cartagena,Norte,1388.53,ppm,Critico,71.75,72.0,WiFi
847,2024-04-19 08:42:00,SENSOR_004,Ruido,Cartagena,Oriente,90.38,dB,Critico,19.4,100.0,WiFi
848,2024-06-17 14:58:00,SENSOR_028,Humedad,Barranquilla,Norte,62.61,%,Normal,62.83,63.0,Ethernet
849,2024-04-05 12:50:00,SENSOR_044,PM2.5,Cali,Sur,54.55,µg/m3,Alerta,78.55,46.0,WiFi
850,2024-04-20 23:24:00,SENSOR_073,Temperatura,Barranquilla,Oriente,13.57,°C,Normal,56.98,31.0,Ethernet
851,2024-03-09 12:45:00,SENSOR_059,CO2,Cali,Norte,720.18,ppm,Normal,13.48,78.0,LoRaWAN
852,2024-12-10 14:50:00,SENSOR_033,Temperatura,Bucaramanga,Norte,22.21,°C,Normal,32.23,99.0,4G
853,2024-11-17 00:01:00,SENSOR_047,CO2,Cartagena,Occidente,1323.3,ppm,Critico,29.97,25.0,WiFi
854,2024-06-27 06:29:00,SENSOR_090,Humedad,Cartagena,Centro,48.89,%,Normal,42.93,69.0,Ethernet
855,2024-03-09 02:05:00,SENSOR_045,PM2.5,Bucaramanga,Oriente,58.46,µg/m3,Alerta,74.52,70.0,Ethernet
856,2024-05-25 06:00:00,SENSOR_052,CO2,Cali,Centro,1206.55,ppm,Critico,75.42,78.0,WiFi
857,2024-04-23 09:46:00,SENSOR_061,CO2,Medellin,Norte,1781.72,ppm,Critico,10.93,75.0,Ethernet
858,2024-06-04 09:47:00,SENSOR_007,Ruido,Medellin,Centro,76.32,dB,Alerta,11.58,58.0,Ethernet
859,2024-11-01 15:10:00,SENSOR_068,Humedad,Medellin,Sur,36.01,%,Alerta,37.49,41.0,4G
860,2024-09-11 08:02:00,SENSOR_054,PM2.5,Bucaramanga,Oriente,23.48,µg/m3,Normal,38.7,69.0,WiFi
861,2024-05-24 14:05:00,SENSOR_010,PM2.5,Barranquilla,Occidente,81.37,µg/m3,Critico,74.76,60.0,WiFi
862,2024-04-19 14:17:00,SENSOR_059,CO2,Medellin,Oriente,1754.96,ppm,Critico,54.47,,Ethernet
863,2024-04-01 13:04:00,SENSOR_082,Temperatura,Bucaramanga,Occidente,,°C,Sin_Dato,22.83,41.0,Ethernet
864,2024-06-06 09:16:00,SENSOR_045,PM2.5,Medellin,Norte,47.58,µg/m3,Alerta,33.68,35.0,Ethernet
865,2024-11-28 01:08:00,SENSOR_053,CO2,Bucaramanga,Sur,938.77,ppm,Alerta,36.9,78.0,Ethernet
866,2024-09-28 16:46:00,SENSOR_023,Humedad,Cartagena,Occidente,54.8,%,Normal,70.41,56.0,WiFi
867,2024-03-04 19:16:00,SENSOR_014,PM2.5,Bogota,Centro,16.92,µg/m3,Normal,64.26,76.0,WiFi
868,2024-07-30 02:26:00,SENSOR_054,Ruido,Medellin,Norte,42.44,dB,Normal,95.3,79.0,Ethernet
869,2024-10-15 05:15:00,SENSOR_001,PM2.5,Cali,Norte,106.15,µg/m3,Critico,84.66,73.0,4G
870,2024-01-04 00:39:00,SENSOR_054,Temperatura,Bogota,Centro,19.36,°C,Normal,82.9,62.0,4G
871,2024-11-09 03:08:00,SENSOR_031,Humedad,Cartagena,Oriente,55.57,%,Normal,93.53,69.0,4G
872,2024-10-20 13:00:00,SENSOR_041,Ruido,Cartagena,Norte,81.15,dB,Alerta,16.25,70.0,LoRaWAN
873,2024-04-25 19:39:00,SENSOR_042,Temperatura,Medellin,Centro,,°C,Sin_Dato,,39.0,WiFi
874,2024-02-27 08:38:00,SENSOR_074,Humedad,Bucaramanga,Centro,71.24,%,Normal,22.72,48.0,LoRaWAN
875,2024-05-21 03:24:00,SENSOR_069,CO2,Medellin,Oriente,712.45,ppm,Normal,64.61,94.0,WiFi
876,2024-03-21 18:40:00,SENSOR_059,Temperatura,Cartagena,Centro,16.55,°C,Normal,12.35,46.0,Ethernet
877,2024-03-14 07:21:00,SENSOR_063,Temperatura,Bogota,Oriente,25.64,°C,Normal,44.89,77.0,4G
878,2024-05-10 22:20:00,SENSOR_039,PM2.5,Bogota,Norte,103.3,µg/m3,Critico,37.57,98.0,WiFi
879,2024-04-25 08:02:00,SENSOR_067,Temperatura,Barranquilla,Sur,10.74,°C,Normal,,39.0,4G
880,2024-09-22 16:55:00,SENSOR_015,CO2,Medellin,Centro,425.16,ppm,Normal,17.03,45.0,WiFi
881,2024-09-10 19:24:00,SENSOR_091,Ruido,Cartagena,Sur,67.23,dB,Normal,42.99,42.0,4G
882,2024-07-23 16:16:00,SENSOR_051,PM2.5,Bogota,Occidente,96.32,µg/m3,Critico,51.34,74.0,LoRaWAN
883,2024-08-20 02:32:00,SENSOR_080,Ruido,Bogota,Occidente,71.86,dB,Alerta,65.11,41.0,WiFi
884,2024-07-03 06:36:00,SENSOR_076,PM2.5,Bucaramanga,Sur,79.19,µg/m3,Critico,38.46,,4G
885,2024-08-22 23:15:00,SENSOR_055,Humedad,Medellin,Sur,72.7,%,Normal,79.05,60.0,WiFi
886,2024-08-27 11:24:00,SENSOR_028,CO2,Bucaramanga,Occidente,1142.46,ppm,Alerta,62.17,33.0,LoRaWAN
887,2024-02-24 11:38:00,SENSOR_074,Ruido,Barranquilla,Oriente,55.81,dB,Normal,81.26,55.0,Ethernet
888,2024-03-27 20:12:00,SENSOR_016,PM2.5,Bucaramanga,Norte,49.03,µg/m3,Alerta,32.08,93.0,WiFi
889,2024-12-02 06:02:00,SENSOR_037,Temperatura,Medellin,Oriente,32.95,°C,Critico,66.25,32.0,Ethernet
890,2024-08-07 04:19:00,SENSOR_036,Ruido,Cali,Sur,85.35,dB,Critico,9.47,78.0,Ethernet
891,2024-03-29 09:50:00,SENSOR_048,Temperatura,Cartagena,Centro,30.64,°C,Alerta,99.39,75.0,4G
892,2024-05-03 22:18:00,SENSOR_012,PM2.5,Medellin,Sur,112.42,µg/m3,Critico,29.67,34.0,WiFi
893,2024-08-09 13:51:00,SENSOR_010,PM2.5,Cali,Sur,48.65,µg/m3,Alerta,92.86,35.0,4G
894,2024-08-20 12:44:00,SENSOR_019,Ruido,Cartagena,Oriente,68.91,dB,Normal,50.4,55.0,LoRaWAN
895,2024-12-17 11:54:00,SENSOR_029,CO2,Bogota,Sur,829.51,ppm,Alerta,28.03,46.0,WiFi
896,2024-02-24 17:14:00,SENSOR_064,Temperatura,Bogota,Norte,21.7,°C,Normal,51.33,95.0,LoRaWAN
897,2024-08-15 01:32:00,SENSOR_091,PM2.5,Bucaramanga,Norte,19.96,µg/m3,Normal,41.63,99.0,4G
898,2024-10-18 10:05:00,SENSOR_025,Ruido,Bogota,Sur,54.96,dB,Normal,66.6,33.0,WiFi
899,2024-06-24 04:08:00,SENSOR_003,CO2,Bucaramanga,Norte,,ppm,Sin_Dato,48.0,90.0,WiFi
900,2024-09-15 02:03:00,SENSOR_056,Ruido,Medellin,Norte,68.02,dB,Normal,30.9,68.0,Ethernet
901,2024-05-21 05:12:00,SENSOR_038,Humedad,Medellin,Oriente,64.42,%,Normal,46.19,51.0,WiFi
902,2024-06-08 21:26:00,SENSOR_015,PM2.5,Bogota,Centro,12.57,µg/m3,Normal,26.51,71.0,Ethernet
903,2024-10-13 02:10:00,SENSOR_013,Ruido,Medellin,Sur,86.07,dB,Critico,32.36,20.0,WiFi
904,2024-05-14 18:29:00,SENSOR_065,Ruido,Barranquilla,Occidente,90.42,dB,Critico,21.17,41.0,4G
905,2024-08-29 20:50:00,SENSOR_059,Ruido,Medellin,Centro,36.35,dB,Normal,88.72,21.0,LoRaWAN
906,2024-12-11 00:46:00,SENSOR_075,Humedad,Bogota,Oriente,32.94,%,Alerta,,57.0,4G
907,2024-05-01 19:51:00,SENSOR_097,Temperatura,Medellin,Centro,28.4,°C,Alerta,74.81,52.0,Ethernet
908,2024-07-03 14:52:00,SENSOR_047,CO2,Bucaramanga,Centro,800.61,ppm,Alerta,68.07,96.0,Ethernet
909,2024-03-23 02:38:00,SENSOR_035,Temperatura,Barranquilla,Occidente,20.26,°C,Normal,99.44,23.0,4G
910,2024-11-09 15:23:00,SENSOR_047,Humedad,Medellin,Centro,54.56,%,Normal,31.02,89.0,Ethernet
911,2024-05-07 09:30:00,SENSOR_034,CO2,Barranquilla,Sur,925.94,ppm,Alerta,34.39,86.0,LoRaWAN
912,2024-03-30 12:54:00,SENSOR_056,CO2,Bucaramanga,Occidente,1754.2,ppm,Critico,70.13,39.0,LoRaWAN
913,2024-04-28 09:45:00,SENSOR_039,Temperatura,Bucaramanga,Sur,10.39,°C,Normal,31.89,26.0,Ethernet
914,2024-08-10 16:37:00,SENSOR_001,Temperatura,Bucaramanga,Sur,13.44,°C,Normal,79.6,91.0,4G
915,2024-03-03 15:01:00,SENSOR_092,Humedad,Cali,Norte,89.69,%,Alerta,8.05,51.0,Ethernet
916,2024-11-03 16:49:00,SENSOR_052,CO2,Bogota,Sur,559.95,ppm,Normal,88.21,37.0,4G
917,2024-07-01 01:25:00,SENSOR_018,Humedad,Bucaramanga,Occidente,35.56,%,Alerta,64.69,68.0,Ethernet
918,2024-03-10 22:27:00,SENSOR_018,CO2,Cartagena,Oriente,1327.74,ppm,Critico,38.65,72.0,Ethernet
919,2024-01-21 03:37:00,SENSOR_072,Temperatura,Bogota,Oriente,25.38,°C,Normal,28.05,36.0,LoRaWAN
920,2024-02-08 23:36:00,SENSOR_097,Ruido,Bucaramanga,Norte,65.08,dB,Normal,54.21,30.0,WiFi
921,2024-07-15 17:38:00,SENSOR_084,PM2.5,Bogota,Sur,38.42,µg/m3,Alerta,36.47,94.0,WiFi
922,2024-05-29 07:45:00,SENSOR_067,Ruido,Medellin,Occidente,93.18,dB,Critico,19.7,20.0,Ethernet
923,2024-05-26 03:29:00,SENSOR_015,Humedad,Bogota,Centro,37.87,%,Alerta,24.41,84.0,Ethernet
924,2024-10-11 12:13:00,SENSOR_008,Ruido,Bogota,Sur,46.96,dB,Normal,85.53,98.0,Ethernet
925,2024-03-30 17:00:00,SENSOR_056,Humedad,Medellin,Centro,78.4,%,Normal,53.59,45.0,Ethernet
926,2024-12-15 20:45:00,SENSOR_038,PM2.5,Cali,Centro,81.79,µg/m3,Critico,71.28,73.0,Ethernet
927,2024-04-17 21:23:00,SENSOR_004,Temperatura,Cali,Oriente,10.28,°C,Normal,66.29,99.0,Ethernet
928,2024-02-01 01:02:00,SENSOR_046,Ruido,Medellin,Oriente,98.81,dB,Critico,86.3,64.0,Ethernet
929,2024-02-15 16:54:00,SENSOR_023,CO2,Barranquilla,Norte,1144.72,ppm,Alerta,86.57,58.0,Ethernet
930,2024-02-19 16:03:00,SENSOR_083,Ruido,Bucaramanga,Oriente,46.72,dB,Normal,53.16,53.0,4G
931,2024-08-23 23:38:00,SENSOR_076,PM2.5,Cartagena,Sur,51.43,µg/m3,Alerta,85.94,32.0,WiFi
932,2024-12-29 16:14:00,SENSOR_087,Humedad,Bucaramanga,Sur,82.56,%,Alerta,27.48,42.0,Ethernet
933,2024-11-01 21:00:00,SENSOR_009,CO2,Bogota,Occidente,1570.2,ppm,Critico,77.52,23.0,4G
934,2024-08-21 20:39:00,SENSOR_014,Ruido,Barranquilla,Oriente,76.43,dB,Alerta,23.59,56.0,4G
935,2024-05-26 12:05:00,SENSOR_095,PM2.5,Medellin,Oriente,27.11,µg/m3,Normal,64.77,46.0,WiFi
936,2024-04-12 08:30:00,SENSOR_001,PM2.5,Cali,Oriente,13.28,µg/m3,Normal,74.35,87.0,Ethernet
937,2024-05-18 10:52:00,SENSOR_027,PM2.5,Cartagena,Oriente,76.13,µg/m3,Critico,18.1,74.0,Ethernet
938,2024-02-21 14:30:00,SENSOR_073,PM2.5,Bogota,Norte,18.56,µg/m3,Normal,62.14,48.0,LoRaWAN
939,2024-07-02 01:12:00,SENSOR_050,Temperatura,Barranquilla,Sur,13.95,°C,Normal,55.77,86.0,LoRaWAN
940,2024-10-17 16:52:00,SENSOR_080,Temperatura,Bogota,Occidente,33.42,°C,Critico,67.06,73.0,LoRaWAN
941,2024-05-26 00:11:00,SENSOR_043,Humedad,Bogota,Norte,77.7,%,Normal,68.02,50.0,Ethernet
942,2024-02-23 02:13:00,SENSOR_073,CO2,Cartagena,Centro,1724.86,ppm,Critico,63.18,90.0,Ethernet
943,2024-04-04 06:33:00,SENSOR_035,Temperatura,Barranquilla,Centro,,°C,Sin_Dato,66.78,58.0,4G
944,2024-01-16 14:44:00,SENSOR_008,PM2.5,Bogota,Norte,48.63,µg/m3,Alerta,6.72,69.0,Ethernet
945,2024-04-01 04:40:00,SENSOR_056,PM2.5,Barranquilla,Oriente,55.36,µg/m3,Alerta,98.34,44.0,LoRaWAN
946,2024-11-13 20:49:00,SENSOR_008,Temperatura,Medellin,Norte,15.68,°C,Normal,89.39,92.0,WiFi
947,2024-01-11 20:22:00,SENSOR_093,Temperatura,Medellin,Centro,20.96,°C,Normal,34.84,51.0,LoRaWAN
948,2024-04-04 10:57:00,SENSOR_078,Temperatura,Bucaramanga,Oriente,11.91,°C,Normal,24.56,65.0,4G
949,2024-11-18 23:27:00,SENSOR_092,PM2.5,Cali,Sur,80.17,µg/m3,Critico,30.42,84.0,WiFi
950,2024-02-09 07:40:00,SENSOR_045,Ruido,Bucaramanga,Occidente,48.23,dB,Normal,97.71,90.0,4G
951,2024-03-30 09:10:00,SENSOR_048,Temperatura,Barranquilla,Norte,27.46,°C,Normal,48.11,83.0,WiFi
952,2024-07-15 19:48:00,SENSOR_036,CO2,Cartagena,Oriente,426.74,ppm,Normal,62.93,68.0,Ethernet
953,2024-11-19 07:48:00,SENSOR_006,Ruido,Medellin,Norte,63.02,dB,Normal,33.99,64.0,WiFi
954,2024-09-01 19:50:00,SENSOR_034,Temperatura,Cartagena,Norte,30.73,°C,Alerta,45.62,27.0,WiFi
955,2024-10-09 14:43:00,SENSOR_093,PM2.5,Barranquilla,Sur,70.85,µg/m3,Alerta,54.3,68.0,Ethernet
956,2024-06-22 11:19:00,SENSOR_017,CO2,Bogota,Sur,674.9,ppm,Normal,37.07,98.0,LoRaWAN
957,2024-09-20 09:04:00,SENSOR_035,PM2.5,Barranquilla,Sur,,µg/m3,Sin_Dato,67.77,42.0,Ethernet
958,2024-12-02 22:41:00,SENSOR_003,Ruido,Bucaramanga,Centro,,dB,Sin_Dato,65.59,72.0,WiFi
959,2024-02-27 22:10:00,SENSOR_036,CO2,Cartagena,Occidente,960.66,ppm,Alerta,79.74,83.0,4G
960,2024-06-14 14:26:00,SENSOR_081,PM2.5,Medellin,Norte,31.76,µg/m3,Normal,22.5,76.0,LoRaWAN
961,2024-01-31 13:13:00,SENSOR_071,Temperatura,Barranquilla,Norte,34.8,°C,Critico,6.53,65.0,WiFi
962,2024-06-19 21:37:00,SENSOR_045,PM2.5,Bogota,Centro,63.77,µg/m3,Alerta,35.95,73.0,WiFi
963,2024-11-06 13:11:00,SENSOR_037,CO2,Medellin,Centro,840.43,ppm,Alerta,90.25,57.0,WiFi
964,2024-04-26 17:40:00,SENSOR_048,Humedad,Bogota,Sur,31.66,%,Alerta,81.76,85.0,LoRaWAN
965,2024-06-05 11:06:00,SENSOR_049,Humedad,Cartagena,Centro,94.86,%,Critico,12.34,48.0,Ethernet
966,2024-03-29 06:51:00,SENSOR_068,Ruido,Bogota,Occidente,68.82,dB,Normal,23.53,51.0,LoRaWAN
967,2024-06-26 00:00:00,SENSOR_099,Ruido,Cali,Norte,98.21,dB,Critico,47.28,72.0,LoRaWAN
968,2024-02-28 00:41:00,SENSOR_046,Temperatura,Cartagena,Occidente,26.33,°C,Normal,47.65,92.0,4G
969,2024-06-27 08:42:00,SENSOR_100,Humedad,Bucaramanga,Occidente,81.73,%,Alerta,16.21,84.0,4G
970,2024-12-25 20:46:00,SENSOR_081,Ruido,Medellin,Norte,,dB,Sin_Dato,30.02,80.0,WiFi
971,2024-04-02 00:57:00,SENSOR_005,Humedad,Bucaramanga,Centro,38.6,%,Alerta,92.27,65.0,4G
972,2024-10-19 23:00:00,SENSOR_090,CO2,Cartagena,Norte,1646.14,ppm,Critico,61.19,25.0,WiFi
973,2024-09-15 11:20:00,SENSOR_058,Ruido,Bucaramanga,Oriente,66.01,dB,Normal,22.43,85.0,WiFi
974,2024-04-20 20:52:00,SENSOR_001,CO2,Cartagena,Occidente,980.29,ppm,Alerta,21.79,55.0,WiFi
975,2024-06-18 03:05:00,SENSOR_039,Temperatura,Bucaramanga,Sur,32.43,°C,Critico,85.19,61.0,Ethernet
976,2024-08-19 23:33:00,SENSOR_097,Temperatura,Medellin,Norte,28.37,°C,Alerta,25.01,93.0,LoRaWAN
977,2024-03-13 10:18:00,SENSOR_045,Temperatura,Cali,Norte,22.17,°C,Normal,21.09,53.0,WiFi
978,2024-06-17 16:48:00,SENSOR_086,Temperatura,Cali,Norte,30.97,°C,Alerta,7.6,89.0,4G
979,2024-01-05 20:28:00,SENSOR_063,Humedad,Bogota,Sur,91.61,%,Critico,47.26,78.0,LoRaWAN
980,2024-03-20 19:39:00,SENSOR_092,Ruido,Barranquilla,Centro,67.06,dB,Normal,18.0,34.0,LoRaWAN
981,2024-02-27 13:47:00,SENSOR_096,CO2,Medellin,Centro,803.01,ppm,Alerta,74.87,29.0,LoRaWAN
982,2024-01-28 22:20:00,SENSOR_056,CO2,Bogota,Occidente,1137.26,ppm,Alerta,64.48,100.0,WiFi
983,2024-06-28 01:39:00,SENSOR_018,Humedad,Cartagena,Oriente,47.24,%,Normal,82.32,56.0,4G
984,2024-05-24 14:18:00,SENSOR_082,Humedad,Bogota,Occidente,,%,Sin_Dato,57.99,42.0,WiFi
985,2024-10-31 11:51:00,SENSOR_089,Ruido,Cali,Occidente,50.26,dB,Normal,55.39,58.0,4G
986,2024-07-31 17:05:00,SENSOR_086,Ruido,Bucaramanga,Oriente,70.32,dB,Alerta,25.8,56.0,Ethernet
987,2024-11-21 14:54:00,SENSOR_042,Temperatura,Medellin,Oriente,33.91,°C,Critico,38.02,36.0,Ethernet
988,2024-12-22 04:56:00,SENSOR_077,Temperatura,Bucaramanga,Norte,22.69,°C,Normal,79.37,61.0,LoRaWAN
989,2024-08-19 06:46:00,SENSOR_053,Ruido,Bucaramanga,Oriente,94.3,dB,Critico,74.18,25.0,LoRaWAN
990,2024-11-21 23:00:00,SENSOR_053,Humedad,Medellin,Occidente,80.67,%,Alerta,96.98,36.0,WiFi
991,2024-01-16 09:03:00,SENSOR_049,CO2,Bogota,Sur,1129.34,ppm,Alerta,54.27,45.0,4G
992,2024-10-15 00:19:00,SENSOR_092,Humedad,Medellin,Sur,51.55,%,Normal,74.67,24.0,WiFi
993,2024-03-15 15:40:00,SENSOR_065,Temperatura,Bucaramanga,Oriente,17.54,°C,Normal,78.38,54.0,WiFi
994,2024-10-02 03:31:00,SENSOR_084,CO2,Bucaramanga,Norte,414.79,ppm,Normal,71.83,22.0,WiFi
995,2024-04-20 13:43:00,SENSOR_013,Ruido,Barranquilla,Occidente,74.37,dB,Alerta,35.75,22.0,LoRaWAN
996,2024-07-18 13:21:00,SENSOR_059,CO2,Medellin,Centro,1164.3,ppm,Alerta,45.81,72.0,LoRaWAN
997,2024-12-17 23:08:00,SENSOR_037,PM2.5,Barranquilla,Occidente,6.98,µg/m3,Normal,42.4,89.0,WiFi
998,2024-11-25 07:59:00,SENSOR_029,Ruido,Cartagena,Centro,64.06,dB,Normal,15.35,38.0,WiFi
999,2024-03-10 11:02:00,SENSOR_072,Ruido,Medellin,Norte,40.45,dB,Normal,84.62,92.0,4G
1000,2024-02-12 21:55:00,SENSOR_099,Ruido,Bucaramanga,Sur,56.96,dB,Normal,35.54,72.0,WiFi
1001,2024-07-14 06:10:00,SENSOR_089,Ruido,Medellin,Occidente,55.35,dB,Normal,35.57,85.0,WiFi
1002,2024-03-17 11:46:00,SENSOR_055,Ruido,Barranquilla,Centro,35.89,dB,Normal,16.54,34.0,WiFi
1003,2024-11-04 21:07:00,SENSOR_064,Ruido,Medellin,Occidente,91.82,dB,Critico,5.88,57.0,LoRaWAN
1004,2024-08-22 18:06:00,SENSOR_079,Humedad,Cali,Occidente,64.01,%,Normal,63.33,86.0,LoRaWAN
1005,2024-12-09 18:43:00,SENSOR_060,Humedad,Medellin,Sur,76.48,%,Normal,35.18,80.0,WiFi
1006,2024-01-05 01:54:00,SENSOR_040,Humedad,Barranquilla,Norte,64.95,%,Normal,10.81,40.0,WiFi
1007,2024-09-12 04:36:00,SENSOR_082,CO2,Cartagena,Norte,1691.82,ppm,Critico,82.97,94.0,LoRaWAN
1008,2024-09-24 10:35:00,SENSOR_080,PM2.5,Bucaramanga,Sur,80.83,µg/m3,Critico,19.48,55.0,4G
1009,2024-07-10 11:10:00,SENSOR_073,PM2.5,Bogota,Norte,93.1,µg/m3,Critico,78.34,55.0,Ethernet
1010,2024-06-01 09:53:00,SENSOR_022,Humedad,Bogota,Norte,82.22,%,Alerta,20.66,61.0,WiFi
1011,2024-02-08 00:04:00,SENSOR_018,Ruido,Cartagena,Oriente,56.26,dB,Normal,16.14,68.0,Ethernet
1012,2024-12-11 12:06:00,SENSOR_046,CO2,Cali,Occidente,1624.93,ppm,Critico,95.76,55.0,4G
1013,2024-11-14 09:22:00,SENSOR_072,CO2,Bucaramanga,Oriente,1136.86,ppm,Alerta,38.08,,LoRaWAN
1014,2024-12-05 09:15:00,SENSOR_099,Ruido,Barranquilla,Sur,71.39,dB,Alerta,94.24,42.0,WiFi
1015,2024-05-22 14:29:00,SENSOR_057,Humedad,Cali,Occidente,,%,Sin_Dato,13.94,52.0,WiFi
1016,2024-07-17 19:30:00,SENSOR_005,Ruido,Barranquilla,Sur,99.72,dB,Critico,31.05,93.0,WiFi
1017,2024-12-08 19:59:00,SENSOR_078,Ruido,Barranquilla,Oriente,83.75,dB,Alerta,56.83,67.0,WiFi
1018,2024-04-21 13:13:00,SENSOR_091,Humedad,Barranquilla,Norte,84.21,%,Alerta,47.12,60.0,WiFi
1019,2024-07-21 01:16:00,SENSOR_025,Temperatura,Barranquilla,Occidente,26.8,°C,Normal,90.28,95.0,LoRaWAN
1020,2024-01-11 07:39:00,SENSOR_086,Temperatura,Bucaramanga,Oriente,30.63,°C,Alerta,74.25,76.0,WiFi
1021,2024-07-19 15:09:00,SENSOR_078,Ruido,Medellin,Occidente,83.54,dB,Alerta,5.31,64.0,WiFi
1022,2024-09-05 15:18:00,SENSOR_060,PM2.5,Cartagena,Centro,15.14,µg/m3,Normal,22.34,60.0,WiFi
1023,2024-05-03 07:21:00,SENSOR_002,Ruido,Medellin,Sur,82.08,dB,Alerta,84.54,44.0,4G
1024,2024-08-14 02:09:00,SENSOR_007,Humedad,Bucaramanga,Sur,66.73,%,Normal,84.35,45.0,4G
1025,2024-08-02 18:18:00,SENSOR_034,CO2,Barranquilla,Oriente,832.73,ppm,Alerta,78.38,100.0,4G
1026,2024-01-27 17:55:00,SENSOR_075,PM2.5,Bucaramanga,Norte,119.28,µg/m3,Critico,66.37,56.0,4G
1027,2024-09-06 04:02:00,SENSOR_090,CO2,Cartagena,Occidente,1460.11,ppm,Critico,49.43,34.0,4G
1028,2024-12-12 00:53:00,SENSOR_018,CO2,Bucaramanga,Occidente,866.87,ppm,Alerta,8.22,100.0,LoRaWAN
1029,2024-01-06 18:01:00,SENSOR_021,CO2,Bucaramanga,Oriente,1654.47,ppm,Critico,39.01,89.0,4G
1030,2024-01-16 20:06:00,SENSOR_057,PM2.5,Cartagena,Oriente,55.02,µg/m3,Alerta,84.24,67.0,LoRaWAN
1031,2024-12-17 09:18:00,SENSOR_087,Temperatura,Bucaramanga,Sur,31.94,°C,Alerta,90.58,73.0,Ethernet
1032,2024-07-15 03:25:00,SENSOR_074,Temperatura,Bucaramanga,Occidente,14.16,°C,Normal,61.7,87.0,4G
1033,2024-04-11 14:47:00,SENSOR_017,Temperatura,Barranquilla,Sur,17.73,°C,Normal,81.14,41.0,Ethernet
1034,2024-01-01 14:44:00,SENSOR_085,Humedad,Medellin,Norte,35.22,%,Alerta,24.32,51.0,4G
1035,2024-09-29 12:37:00,SENSOR_001,CO2,Bucaramanga,Norte,1124.74,ppm,Alerta,25.19,68.0,Ethernet
1036,2024-06-25 18:13:00,SENSOR_098,Humedad,Bogota,Oriente,90.79,%,Critico,36.08,74.0,Ethernet
1037,2024-02-22 04:17:00,SENSOR_045,Temperatura,Bucaramanga,Occidente,25.21,°C,Normal,40.07,20.0,Ethernet
1038,2024-02-26 06:23:00,SENSOR_083,Ruido,Medellin,Norte,48.73,dB,Normal,37.26,74.0,4G
1039,2024-07-26 12:06:00,SENSOR_040,Temperatura,Bucaramanga,Oriente,33.88,°C,Critico,42.83,33.0,Ethernet
1040,2024-03-01 04:14:00,SENSOR_045,Ruido,Barranquilla,Centro,35.79,dB,Normal,59.59,78.0,WiFi
1041,2024-12-19 23:54:00,SENSOR_084,Ruido,Barranquilla,Oriente,54.69,dB,Normal,65.24,77.0,LoRaWAN
1042,2024-12-10 19:50:00,SENSOR_092,CO2,Cali,Occidente,568.26,ppm,Normal,77.16,30.0,4G
1043,2024-01-06 01:34:00,SENSOR_044,CO2,Barranquilla,Occidente,1519.25,ppm,Critico,48.22,56.0,WiFi
1044,2024-03-29 12:15:00,SENSOR_063,Temperatura,Bucaramanga,Sur,27.16,°C,Normal,37.06,23.0,LoRaWAN
1045,2024-05-10 03:30:00,SENSOR_038,Temperatura,Cali,Oriente,17.44,°C,Normal,15.61,88.0,Ethernet
1046,2024-06-30 01:04:00,SENSOR_023,Temperatura,Bogota,Occidente,13.62,°C,Normal,89.81,78.0,4G
1047,2024-11-29 19:27:00,SENSOR_006,CO2,Bogota,Sur,,ppm,Sin_Dato,73.76,32.0,Ethernet
1048,2024-02-27 08:30:00,SENSOR_044,Ruido,Barranquilla,Sur,46.96,dB,Normal,73.55,30.0,Ethernet
1049,2024-03-25 18:40:00,SENSOR_025,CO2,Cartagena,Sur,1108.74,ppm,Alerta,70.95,93.0,Ethernet
1050,2024-06-05 17:03:00,SENSOR_098,Humedad,Bucaramanga,Sur,73.64,%,Normal,91.43,54.0,WiFi
1051,2024-10-23 12:02:00,SENSOR_027,Humedad,Bogota,Oriente,60.06,%,Normal,65.31,48.0,WiFi
1052,2024-08-24 08:57:00,SENSOR_029,CO2,Bogota,Occidente,1213.97,ppm,Critico,44.97,89.0,Ethernet
1053,2024-12-12 07:45:00,SENSOR_072,CO2,Bogota,Sur,1533.94,ppm,Critico,86.16,88.0,4G
1054,2024-10-11 00:48:00,SENSOR_033,PM2.5,Bucaramanga,Centro,77.61,µg/m3,Critico,37.8,87.0,LoRaWAN
1055,2024-08-09 09:21:00,SENSOR_038,Ruido,Cali,Oriente,,dB,Sin_Dato,20.84,75.0,Ethernet
1056,2024-01-18 01:05:00,SENSOR_097,Ruido,Cali,Occidente,59.39,dB,Normal,40.95,35.0,WiFi
1057,2024-10-15 04:13:00,SENSOR_028,PM2.5,Medellin,Centro,104.46,µg/m3,Critico,98.52,90.0,Ethernet
1058,2024-09-13 08:04:00,SENSOR_097,PM2.5,Medellin,Oriente,93.61,µg/m3,Critico,68.1,60.0,Ethernet
1059,2024-06-12 21:53:00,SENSOR_052,CO2,Bucaramanga,Oriente,974.18,ppm,Alerta,21.87,88.0,LoRaWAN
1060,2024-12-03 21:21:00,SENSOR_084,Ruido,Medellin,Centro,62.18,dB,Normal,22.94,,4G
1061,2024-04-10 21:43:00,SENSOR_079,Temperatura,Cartagena,Occidente,28.3,°C,Alerta,35.88,92.0,Ethernet
1062,2024-03-07 05:45:00,SENSOR_048,Ruido,Bogota,Occidente,91.12,dB,Critico,20.33,50.0,4G
1063,2024-12-09 19:44:00,SENSOR_092,Humedad,Medellin,Sur,88.14,%,Alerta,48.81,97.0,Ethernet
1064,2024-06-25 03:13:00,SENSOR_023,Temperatura,Bucaramanga,Occidente,30.95,°C,Alerta,91.34,28.0,WiFi
1065,2024-01-24 12:52:00,SENSOR_088,PM2.5,Barranquilla,Oriente,104.15,µg/m3,Critico,44.62,88.0,WiFi
1066,2024-01-18 06:32:00,SENSOR_057,CO2,Bucaramanga,Centro,1542.46,ppm,Critico,8.79,85.0,Ethernet
1067,2024-11-08 02:07:00,SENSOR_016,CO2,Bogota,Norte,1169.72,ppm,Alerta,73.59,63.0,4G
1068,2024-06-25 23:55:00,SENSOR_062,Temperatura,Medellin,Sur,27.34,°C,Normal,72.36,53.0,LoRaWAN
1069,2024-08-03 00:36:00,SENSOR_089,Ruido,Bucaramanga,Sur,71.94,dB,Alerta,77.33,56.0,WiFi
1070,2024-06-09 22:37:00,SENSOR_048,CO2,Cartagena,Sur,1373.76,ppm,Critico,33.95,57.0,4G
1071,2024-04-03 14:37:00,SENSOR_019,Ruido,Cartagena,Sur,49.81,dB,Normal,60.41,21.0,LoRaWAN
1072,2024-09-22 04:11:00,SENSOR_093,Ruido,Cartagena,Occidente,93.5,dB,Critico,66.17,84.0,LoRaWAN
1073,2024-09-29 14:27:00,SENSOR_049,PM2.5,Bucaramanga,Norte,60.66,µg/m3,Alerta,68.53,48.0,LoRaWAN
1074,2024-05-30 07:36:00,SENSOR_029,PM2.5,Medellin,Sur,95.77,µg/m3,Critico,38.87,21.0,4G
1075,2024-05-27 11:28:00,SENSOR_047,Ruido,Barranquilla,Centro,96.88,dB,Critico,30.79,88.0,WiFi
1076,2024-02-10 18:13:00,SENSOR_058,Humedad,Cartagena,Occidente,81.82,%,Alerta,93.95,49.0,Ethernet
1077,2024-05-09 04:49:00,SENSOR_006,PM2.5,Cartagena,Sur,90.46,µg/m3,Critico,92.16,36.0,LoRaWAN
1078,2024-02-14 07:41:00,SENSOR_027,PM2.5,Medellin,Norte,59.89,µg/m3,Alerta,88.76,29.0,4G
1079,2024-12-14 06:52:00,SENSOR_015,Ruido,Bucaramanga,Centro,70.25,dB,Alerta,51.29,94.0,Ethernet
1080,2024-03-22 05:01:00,SENSOR_093,PM2.5,Bucaramanga,Norte,75.66,µg/m3,Critico,5.05,96.0,LoRaWAN
1081,2024-12-24 16:53:00,SENSOR_081,PM2.5,Medellin,Sur,37.63,µg/m3,Alerta,30.1,63.0,LoRaWAN
1082,2024-08-12 20:44:00,SENSOR_081,Humedad,Bucaramanga,Centro,50.75,%,Normal,49.7,28.0,Ethernet
1083,2024-08-09 19:59:00,SENSOR_013,PM2.5,Bucaramanga,Sur,27.26,µg/m3,Normal,27.02,59.0,LoRaWAN
1084,2024-12-09 14:37:00,SENSOR_014,PM2.5,Barranquilla,Sur,82.27,µg/m3,Critico,23.23,41.0,4G
1085,2024-04-24 10:05:00,SENSOR_042,PM2.5,Cartagena,Oriente,94.67,µg/m3,Critico,93.62,58.0,LoRaWAN
1086,2024-04-15 13:49:00,SENSOR_040,CO2,Cali,Sur,937.95,ppm,Alerta,44.63,71.0,WiFi
1087,2024-10-24 16:05:00,SENSOR_046,Ruido,Barranquilla,Norte,36.27,dB,Normal,24.82,57.0,LoRaWAN
1088,2024-01-18 05:49:00,SENSOR_042,CO2,Bucaramanga,Oriente,1408.53,ppm,Critico,63.67,55.0,WiFi
1089,2024-02-24 04:42:00,SENSOR_032,Ruido,Medellin,Sur,73.54,dB,Alerta,94.94,69.0,Ethernet
1090,2024-06-30 22:22:00,SENSOR_036,Ruido,Cartagena,Occidente,38.65,dB,Normal,56.1,56.0,WiFi
1091,2024-12-09 14:01:00,SENSOR_018,CO2,Barranquilla,Centro,1398.67,ppm,Critico,88.03,93.0,4G
1092,2024-03-05 02:00:00,SENSOR_057,PM2.5,Medellin,Sur,80.98,µg/m3,Critico,82.64,37.0,WiFi
1093,2024-08-16 14:52:00,SENSOR_047,Humedad,Bucaramanga,Norte,44.8,%,Normal,23.9,53.0,LoRaWAN
1094,2024-01-17 20:22:00,SENSOR_018,Ruido,Bogota,Oriente,66.61,dB,Normal,55.2,85.0,LoRaWAN
1095,2024-01-12 19:08:00,SENSOR_073,PM2.5,Bucaramanga,Centro,42.61,µg/m3,Alerta,31.85,28.0,WiFi
1096,2024-03-08 02:19:00,SENSOR_072,Humedad,Bogota,Occidente,85.01,%,Alerta,92.64,44.0,WiFi
1097,2024-11-09 19:20:00,SENSOR_036,Humedad,Bucaramanga,Oriente,34.75,%,Alerta,37.28,75.0,WiFi
1098,2024-10-19 08:07:00,SENSOR_074,PM2.5,Cali,Centro,7.17,µg/m3,Normal,45.58,48.0,LoRaWAN
1099,2024-11-29 07:49:00,SENSOR_084,PM2.5,Barranquilla,Norte,107.72,µg/m3,Critico,59.8,38.0,4G
1100,2024-08-12 15:06:00,SENSOR_024,PM2.5,Bogota,Centro,102.14,µg/m3,Critico,56.31,61.0,LoRaWAN
1101,2024-06-16 13:21:00,SENSOR_085,CO2,Medellin,Norte,1786.51,ppm,Critico,92.39,23.0,4G
1102,2024-11-16 03:16:00,SENSOR_016,Ruido,Bucaramanga,Centro,90.52,dB,Critico,9.68,45.0,4G
1103,2024-10-04 01:48:00,SENSOR_076,Humedad,Bogota,Centro,67.59,%,Normal,20.47,82.0,LoRaWAN
1104,2024-08-18 17:52:00,SENSOR_054,Temperatura,Medellin,Norte,19.0,°C,Normal,15.64,20.0,Ethernet
1105,2024-11-01 20:16:00,SENSOR_052,CO2,Bogota,Sur,1554.8,ppm,Critico,85.54,30.0,Ethernet
1106,2024-12-09 05:38:00,SENSOR_003,Temperatura,Cali,Sur,16.22,°C,Normal,17.16,80.0,WiFi
1107,2024-02-14 13:13:00,SENSOR_077,CO2,Medellin,Sur,1534.88,ppm,Critico,21.59,39.0,4G
1108,2024-09-22 20:01:00,SENSOR_015,Ruido,Medellin,Centro,61.24,dB,Normal,84.94,23.0,WiFi
1109,2024-08-29 10:48:00,SENSOR_004,Humedad,Bucaramanga,Centro,33.02,%,Alerta,61.86,40.0,WiFi
1110,2024-01-11 21:04:00,SENSOR_045,Ruido,Medellin,Centro,42.31,dB,Normal,98.42,88.0,Ethernet
1111,2024-04-07 20:54:00,SENSOR_078,CO2,Barranquilla,Centro,1649.32,ppm,Critico,35.67,98.0,WiFi
1112,2024-12-13 21:58:00,SENSOR_064,Humedad,Barranquilla,Occidente,63.46,%,Normal,18.55,32.0,Ethernet
1113,2024-07-24 13:32:00,SENSOR_079,Humedad,Bogota,Norte,77.45,%,Normal,72.49,95.0,LoRaWAN
1114,2024-04-05 21:44:00,SENSOR_042,Humedad,Bucaramanga,Sur,90.75,%,Critico,91.07,26.0,4G
1115,2024-05-12 15:41:00,SENSOR_002,Humedad,Medellin,Centro,50.96,%,Normal,50.97,100.0,Ethernet
1116,2024-11-25 05:05:00,SENSOR_028,CO2,Bucaramanga,Occidente,476.73,ppm,Normal,78.01,63.0,4G
1117,2024-07-04 21:25:00,SENSOR_044,Ruido,Bucaramanga,Occidente,78.42,dB,Alerta,54.31,66.0,Ethernet
1118,2024-01-19 12:08:00,SENSOR_070,Humedad,Medellin,Centro,83.96,%,Alerta,72.71,64.0,LoRaWAN
1119,2024-11-25 13:08:00,SENSOR_056,PM2.5,Cartagena,Centro,99.3,µg/m3,Critico,53.54,48.0,WiFi
1120,2024-05-24 16:08:00,SENSOR_094,PM2.5,Barranquilla,Sur,22.45,µg/m3,Normal,54.88,66.0,4G
1121,2024-05-01 10:13:00,SENSOR_048,Humedad,Medellin,Centro,85.83,%,Alerta,93.41,89.0,Ethernet
1122,2024-05-27 05:38:00,SENSOR_036,CO2,Bogota,Oriente,1082.62,ppm,Alerta,50.27,58.0,WiFi
1123,2024-02-24 12:27:00,SENSOR_033,CO2,Barranquilla,Occidente,1400.19,ppm,Critico,11.35,37.0,4G
1124,2024-12-16 04:53:00,SENSOR_021,Humedad,Medellin,Oriente,55.41,%,Normal,84.26,55.0,4G
1125,2024-10-19 07:40:00,SENSOR_016,Humedad,Barranquilla,Occidente,39.26,%,Alerta,36.11,86.0,LoRaWAN
1126,2024-03-15 17:16:00,SENSOR_099,Ruido,Barranquilla,Occidente,63.49,dB,Normal,56.42,39.0,WiFi
1127,2024-09-05 13:59:00,SENSOR_035,CO2,Bogota,Oriente,999.79,ppm,Alerta,88.24,82.0,LoRaWAN
1128,2024-06-12 13:45:00,SENSOR_067,PM2.5,Bogota,Centro,104.48,µg/m3,Critico,85.75,75.0,Ethernet
1129,2024-02-11 06:04:00,SENSOR_082,CO2,Bogota,Sur,1260.4,ppm,Critico,68.36,65.0,WiFi
1130,2024-01-10 09:54:00,SENSOR_013,Humedad,Barranquilla,Oriente,44.39,%,Normal,30.25,82.0,Ethernet
1131,2024-10-05 14:11:00,SENSOR_006,PM2.5,Cartagena,Centro,78.91,µg/m3,Critico,14.02,50.0,LoRaWAN
1132,2024-11-03 04:00:00,SENSOR_051,CO2,Barranquilla,Centro,960.37,ppm,Alerta,87.02,71.0,Ethernet
1133,2024-01-19 16:06:00,SENSOR_028,Temperatura,Cartagena,Norte,18.22,°C,Normal,44.15,,Ethernet
1134,2024-07-03 14:28:00,SENSOR_046,CO2,Barranquilla,Sur,673.05,ppm,Normal,9.54,53.0,4G
1135,2024-06-01 11:11:00,SENSOR_072,Ruido,Cartagena,Sur,85.76,dB,Critico,52.48,65.0,4G
1136,2024-08-18 11:50:00,SENSOR_040,Ruido,Bogota,Centro,67.32,dB,Normal,41.36,82.0,LoRaWAN
1137,2024-09-02 09:31:00,SENSOR_057,Humedad,Cali,Norte,37.25,%,Alerta,91.34,91.0,LoRaWAN
1138,2024-05-09 13:10:00,SENSOR_051,Humedad,Cartagena,Centro,76.26,%,Normal,68.0,38.0,LoRaWAN
1139,2024-09-14 15:05:00,SENSOR_051,Temperatura,Medellin,Oriente,28.41,°C,Alerta,80.86,30.0,LoRaWAN
1140,2024-06-12 17:05:00,SENSOR_057,PM2.5,Bogota,Norte,119.16,µg/m3,Critico,,48.0,4G
1141,2024-06-13 10:42:00,SENSOR_057,Humedad,Barranquilla,Norte,,%,Sin_Dato,6.97,76.0,Ethernet
1142,2024-05-19 23:37:00,SENSOR_053,PM2.5,Medellin,Occidente,71.18,µg/m3,Alerta,41.77,66.0,LoRaWAN
1143,2024-11-10 01:46:00,SENSOR_048,CO2,Cali,Norte,415.56,ppm,Normal,35.56,51.0,4G
1144,2024-03-11 08:34:00,SENSOR_065,PM2.5,Barranquilla,Oriente,97.83,µg/m3,Critico,73.41,90.0,4G
1145,2024-12-04 19:28:00,SENSOR_035,Ruido,Cartagena,Centro,67.31,dB,Normal,95.55,91.0,Ethernet
1146,2024-02-11 21:41:00,SENSOR_045,Temperatura,Bucaramanga,Norte,11.64,°C,Normal,59.13,23.0,Ethernet
1147,2024-11-09 17:18:00,SENSOR_091,Humedad,Medellin,Oriente,50.14,%,Normal,33.94,85.0,Ethernet
1148,2024-04-15 00:39:00,SENSOR_099,CO2,Cartagena,Occidente,1756.33,ppm,Critico,76.67,29.0,WiFi
1149,2024-10-28 06:07:00,SENSOR_094,Humedad,Medellin,Norte,80.29,%,Alerta,84.4,,Ethernet
1150,2024-03-28 00:24:00,SENSOR_043,Ruido,Bogota,Centro,96.69,dB,Critico,43.72,37.0,LoRaWAN
1151,2024-05-13 05:58:00,SENSOR_013,Humedad,Cali,Sur,87.14,%,Alerta,22.53,49.0,LoRaWAN
1152,2024-02-29 09:30:00,SENSOR_044,PM2.5,Bucaramanga,Centro,106.12,µg/m3,Critico,57.93,32.0,4G
1153,2024-01-02 06:12:00,SENSOR_068,CO2,Bogota,Centro,341.48,ppm,Normal,58.52,42.0,4G
1154,2024-12-28 18:41:00,SENSOR_024,CO2,Cartagena,Norte,1324.77,ppm,Critico,40.55,76.0,4G
1155,2024-04-18 09:20:00,SENSOR_057,Temperatura,Bogota,Occidente,32.21,°C,Critico,16.43,57.0,WiFi
1156,2024-09-11 04:09:00,SENSOR_088,PM2.5,Medellin,Occidente,16.47,µg/m3,Normal,19.75,63.0,Ethernet
1157,2024-10-10 03:34:00,SENSOR_058,Temperatura,Bogota,Occidente,19.14,°C,Normal,82.67,71.0,WiFi
1158,2024-09-17 22:07:00,SENSOR_008,Temperatura,Bucaramanga,Occidente,12.27,°C,Normal,91.63,88.0,Ethernet
1159,2024-05-26 07:32:00,SENSOR_037,Ruido,Cali,Norte,54.04,dB,Normal,43.4,82.0,WiFi
1160,2024-12-23 17:01:00,SENSOR_014,Ruido,Cali,Occidente,54.88,dB,Normal,78.22,27.0,WiFi
1161,2024-05-16 22:55:00,SENSOR_012,PM2.5,Cali,Occidente,78.71,µg/m3,Critico,55.76,58.0,Ethernet
1162,2024-05-17 01:42:00,SENSOR_046,Ruido,Cartagena,Centro,69.06,dB,Normal,40.23,47.0,WiFi
1163,2024-11-28 22:44:00,SENSOR_024,Temperatura,Medellin,Sur,22.38,°C,Normal,63.24,68.0,4G
1164,2024-03-25 17:01:00,SENSOR_038,CO2,Bogota,Norte,1780.63,ppm,Critico,40.32,25.0,4G
1165,2024-04-13 03:51:00,SENSOR_077,CO2,Medellin,Occidente,934.26,ppm,Alerta,87.06,46.0,LoRaWAN
1166,2024-10-24 23:20:00,SENSOR_089,Ruido,Bogota,Oriente,89.77,dB,Critico,79.03,21.0,Ethernet
1167,2024-01-31 10:29:00,SENSOR_090,Humedad,Bucaramanga,Norte,37.43,%,Alerta,80.16,88.0,LoRaWAN
1168,2024-05-01 20:56:00,SENSOR_095,CO2,Cali,Oriente,727.06,ppm,Normal,15.31,45.0,WiFi
1169,2024-12-28 14:36:00,SENSOR_026,Temperatura,Medellin,Occidente,12.73,°C,Normal,84.14,28.0,4G
1170,2024-11-13 10:45:00,SENSOR_079,Humedad,Cali,Oriente,79.99,%,Normal,52.84,46.0,LoRaWAN
1171,2024-02-01 20:43:00,SENSOR_073,CO2,Bogota,Norte,676.2,ppm,Normal,48.89,27.0,Ethernet
1172,2024-10-03 17:34:00,SENSOR_020,Temperatura,Cali,Occidente,25.68,°C,Normal,73.51,,Ethernet
1173,2024-02-20 12:33:00,SENSOR_032,CO2,Cartagena,Occidente,515.05,ppm,Normal,10.39,72.0,WiFi
1174,2024-05-03 17:29:00,SENSOR_093,Temperatura,Cali,Sur,12.59,°C,Normal,41.22,69.0,WiFi
1175,2024-06-12 11:44:00,SENSOR_098,PM2.5,Barranquilla,Centro,7.28,µg/m3,Normal,50.26,69.0,LoRaWAN
1176,2024-10-08 15:14:00,SENSOR_058,Ruido,Barranquilla,Norte,57.43,dB,Normal,48.22,39.0,Ethernet
1177,2024-09-19 05:49:00,SENSOR_029,Humedad,Medellin,Sur,55.25,%,Normal,20.23,75.0,LoRaWAN
1178,2024-04-14 20:17:00,SENSOR_006,PM2.5,Bucaramanga,Oriente,118.56,µg/m3,Critico,64.52,71.0,Ethernet
1179,2024-10-31 04:17:00,SENSOR_059,Ruido,Barranquilla,Oriente,65.13,dB,Normal,68.21,87.0,4G
1180,2024-06-28 03:17:00,SENSOR_028,PM2.5,Barranquilla,Norte,105.46,µg/m3,Critico,63.79,90.0,Ethernet
1181,2024-09-29 22:23:00,SENSOR_083,Ruido,Cali,Norte,42.06,dB,Normal,33.53,99.0,Ethernet
1182,2024-02-07 01:17:00,SENSOR_026,PM2.5,Medellin,Sur,80.86,µg/m3,Critico,46.02,23.0,4G
1183,2024-10-08 01:19:00,SENSOR_073,CO2,Barranquilla,Norte,1320.95,ppm,Critico,65.92,45.0,4G
1184,2024-10-26 11:48:00,SENSOR_041,Humedad,Bucaramanga,Norte,61.63,%,Normal,77.52,100.0,WiFi
1185,2024-03-11 16:19:00,SENSOR_009,Temperatura,Bogota,Centro,31.74,°C,Alerta,13.54,65.0,4G
1186,2024-04-19 15:58:00,SENSOR_028,CO2,Cali,Centro,773.25,ppm,Normal,47.43,42.0,LoRaWAN
1187,2024-08-08 19:30:00,SENSOR_013,Humedad,Cartagena,Norte,37.7,%,Alerta,43.92,100.0,Ethernet
1188,2024-07-23 18:55:00,SENSOR_089,Humedad,Medellin,Centro,36.31,%,Alerta,88.62,81.0,4G
1189,2024-01-15 12:43:00,SENSOR_076,Ruido,Barranquilla,Sur,46.82,dB,Normal,97.18,92.0,LoRaWAN
1190,2024-09-04 10:01:00,SENSOR_011,Humedad,Cali,Centro,49.51,%,Normal,19.2,45.0,LoRaWAN
1191,2024-07-31 21:10:00,SENSOR_092,PM2.5,Bogota,Sur,61.9,µg/m3,Alerta,61.08,66.0,LoRaWAN
1192,2024-05-19 19:50:00,SENSOR_066,Temperatura,Cali,Occidente,32.65,°C,Critico,27.69,77.0,Ethernet
1193,2024-09-02 18:33:00,SENSOR_006,Temperatura,Cali,Oriente,10.78,°C,Normal,93.02,,WiFi
1194,2024-08-08 10:14:00,SENSOR_049,Ruido,Medellin,Oriente,80.19,dB,Alerta,40.64,85.0,Ethernet
1195,2024-10-23 12:14:00,SENSOR_091,CO2,Cali,Norte,1128.57,ppm,Alerta,30.33,30.0,LoRaWAN
1196,2024-03-23 15:59:00,SENSOR_003,Humedad,Medellin,Centro,54.27,%,Normal,81.14,29.0,WiFi
1197,2024-01-10 19:00:00,SENSOR_095,Temperatura,Cali,Occidente,25.65,°C,Normal,48.77,33.0,WiFi
1198,2024-02-10 21:34:00,SENSOR_091,Temperatura,Medellin,Norte,27.96,°C,Normal,46.13,46.0,WiFi
1199,2024-02-27 19:49:00,SENSOR_050,Humedad,Cali,Occidente,42.82,%,Normal,62.52,56.0,WiFi
1200,2024-11-18 05:32:00,SENSOR_024,Temperatura,Cartagena,Centro,14.94,°C,Normal,56.49,35.0,WiFi
1201,2024-05-17 01:00:00,SENSOR_024,Humedad,Cali,Norte,84.34,%,Alerta,44.17,47.0,Ethernet
1202,2024-07-01 17:39:00,SENSOR_045,PM2.5,Barranquilla,Norte,,µg/m3,Sin_Dato,69.94,40.0,WiFi
1203,2024-02-14 20:52:00,SENSOR_009,Temperatura,Bucaramanga,Sur,30.44,°C,Alerta,77.62,21.0,WiFi
1204,2024-08-19 20:24:00,SENSOR_076,Temperatura,Cali,Occidente,28.18,°C,Alerta,39.02,67.0,Ethernet
1205,2024-08-06 15:11:00,SENSOR_098,PM2.5,Bucaramanga,Sur,26.88,µg/m3,Normal,9.06,79.0,Ethernet
1206,2024-08-24 04:44:00,SENSOR_052,Ruido,Bucaramanga,Oriente,82.96,dB,Alerta,95.22,60.0,Ethernet
1207,2024-04-18 18:40:00,SENSOR_052,Ruido,Cali,Centro,78.02,dB,Alerta,61.33,32.0,WiFi
1208,2024-10-11 22:19:00,SENSOR_061,CO2,Medellin,Sur,1045.98,ppm,Alerta,83.83,55.0,4G
1209,2024-05-18 07:32:00,SENSOR_063,Ruido,Cartagena,Oriente,90.35,dB,Critico,68.25,33.0,WiFi
1210,2024-08-23 09:46:00,SENSOR_091,CO2,Bucaramanga,Occidente,1078.14,ppm,Alerta,25.56,59.0,4G
1211,2024-09-03 13:07:00,SENSOR_081,Ruido,Cali,Occidente,73.94,dB,Alerta,37.4,36.0,LoRaWAN
1212,2024-12-10 19:24:00,SENSOR_009,CO2,Bogota,Oriente,614.18,ppm,Normal,27.18,60.0,Ethernet
1213,2024-07-23 06:38:00,SENSOR_072,CO2,Cali,Occidente,1652.78,ppm,Critico,79.25,49.0,4G
1214,2024-06-30 09:19:00,SENSOR_063,Temperatura,Cartagena,Oriente,32.02,°C,Critico,19.09,87.0,Ethernet
1215,2024-12-02 22:04:00,SENSOR_078,Temperatura,Barranquilla,Sur,29.44,°C,Alerta,31.24,27.0,Ethernet
1216,2024-06-28 13:23:00,SENSOR_029,CO2,Barranquilla,Centro,1230.98,ppm,Critico,79.45,82.0,LoRaWAN
1217,2024-05-25 16:16:00,SENSOR_083,PM2.5,Medellin,Occidente,89.34,µg/m3,Critico,23.52,56.0,4G
1218,2024-09-30 19:13:00,SENSOR_055,CO2,Barranquilla,Centro,516.09,ppm,Normal,,73.0,WiFi
1219,2024-09-25 10:18:00,SENSOR_060,Ruido,Medellin,Oriente,73.6,dB,Alerta,15.24,55.0,4G
1220,2024-11-26 02:34:00,SENSOR_037,Humedad,Medellin,Occidente,31.1,%,Alerta,36.02,38.0,LoRaWAN
1221,2024-09-30 02:06:00,SENSOR_071,CO2,Bogota,Oriente,789.92,ppm,Normal,8.28,92.0,WiFi
1222,2024-02-10 16:12:00,SENSOR_093,Ruido,Barranquilla,Norte,39.41,dB,Normal,54.66,50.0,WiFi
1223,2024-09-19 08:59:00,SENSOR_046,Ruido,Cali,Centro,39.52,dB,Normal,10.9,70.0,4G
1224,2024-03-06 03:39:00,SENSOR_027,Temperatura,Bucaramanga,Norte,31.72,°C,Alerta,10.37,23.0,WiFi
1225,2024-06-13 05:14:00,SENSOR_062,Humedad,Bogota,Centro,91.75,%,Critico,18.08,69.0,Ethernet
1226,2024-01-15 00:31:00,SENSOR_066,Temperatura,Cali,Oriente,27.43,°C,Normal,8.81,46.0,4G
1227,2024-12-23 20:58:00,SENSOR_001,PM2.5,Cali,Centro,63.55,µg/m3,Alerta,42.73,20.0,LoRaWAN
1228,2024-07-12 10:30:00,SENSOR_072,Ruido,Cali,Occidente,48.1,dB,Normal,36.78,53.0,Ethernet
1229,2024-03-27 18:36:00,SENSOR_084,Temperatura,Cali,Oriente,34.19,°C,Critico,78.15,34.0,WiFi
1230,2024-10-09 03:12:00,SENSOR_014,Humedad,Barranquilla,Norte,77.82,%,Normal,70.53,95.0,LoRaWAN
1231,2024-09-19 19:51:00,SENSOR_060,PM2.5,Bogota,Norte,102.01,µg/m3,Critico,7.26,,4G
1232,2024-08-31 03:53:00,SENSOR_027,CO2,Bucaramanga,Oriente,886.13,ppm,Alerta,92.48,96.0,LoRaWAN
1233,2024-06-29 23:10:00,SENSOR_010,Temperatura,Cartagena,Centro,25.48,°C,Normal,94.94,58.0,Ethernet
1234,2024-10-04 17:48:00,SENSOR_094,Temperatura,Cartagena,Norte,15.38,°C,Normal,45.2,29.0,LoRaWAN
1235,2024-10-31 00:06:00,SENSOR_084,Temperatura,Bogota,Sur,17.55,°C,Normal,93.36,46.0,WiFi
1236,2024-01-23 02:42:00,SENSOR_061,Temperatura,Medellin,Centro,15.87,°C,Normal,60.08,54.0,WiFi
1237,2024-12-15 07:48:00,SENSOR_009,Humedad,Barranquilla,Norte,74.07,%,Normal,,79.0,Ethernet
1238,2024-05-07 10:44:00,SENSOR_002,Temperatura,Cartagena,Centro,31.91,°C,Alerta,73.29,54.0,WiFi
1239,2024-07-17 00:53:00,SENSOR_025,Temperatura,Medellin,Oriente,11.1,°C,Normal,86.41,82.0,4G
1240,2024-02-04 10:31:00,SENSOR_037,PM2.5,Cali,Centro,99.38,µg/m3,Critico,40.46,90.0,4G
1241,2024-08-21 12:50:00,SENSOR_095,Ruido,Barranquilla,Sur,61.12,dB,Normal,38.01,83.0,Ethernet
1242,2024-09-19 09:12:00,SENSOR_056,CO2,Bogota,Occidente,799.21,ppm,Normal,49.32,41.0,WiFi
1243,2024-09-07 02:17:00,SENSOR_065,PM2.5,Barranquilla,Norte,77.76,µg/m3,Critico,85.85,46.0,Ethernet
1244,2024-02-29 12:34:00,SENSOR_054,PM2.5,Bogota,Occidente,16.94,µg/m3,Normal,,41.0,4G
1245,2024-08-31 20:47:00,SENSOR_063,CO2,Bogota,Sur,892.44,ppm,Alerta,42.32,72.0,WiFi
1246,2024-06-13 10:23:00,SENSOR_082,Humedad,Barranquilla,Oriente,88.19,%,Alerta,5.06,84.0,WiFi
1247,2024-12-26 14:17:00,SENSOR_019,Humedad,Bogota,Sur,49.69,%,Normal,65.63,44.0,WiFi
1248,2024-01-12 19:27:00,SENSOR_004,Humedad,Cali,Centro,80.44,%,Alerta,29.08,74.0,LoRaWAN
1249,2024-10-20 10:56:00,SENSOR_002,CO2,Barranquilla,Occidente,862.37,ppm,Alerta,63.83,98.0,WiFi
1250,2024-12-23 18:40:00,SENSOR_005,CO2,Bucaramanga,Sur,,ppm,Sin_Dato,86.81,88.0,WiFi
1251,2024-11-03 19:14:00,SENSOR_089,CO2,Cartagena,Occidente,1327.27,ppm,Critico,41.1,31.0,Ethernet
1252,2024-07-02 14:45:00,SENSOR_070,Humedad,Bogota,Centro,76.51,%,Normal,48.2,50.0,Ethernet
1253,2024-01-26 00:10:00,SENSOR_042,Ruido,Cali,Occidente,61.69,dB,Normal,,23.0,Ethernet
1254,2024-02-20 07:36:00,SENSOR_065,CO2,Medellin,Oriente,882.27,ppm,Alerta,67.1,94.0,WiFi
1255,2024-12-23 14:34:00,SENSOR_023,Humedad,Bucaramanga,Sur,,%,Sin_Dato,45.54,29.0,4G
1256,2024-12-17 02:06:00,SENSOR_063,Ruido,Medellin,Centro,87.44,dB,Critico,78.38,43.0,4G
1257,2024-09-04 15:09:00,SENSOR_088,Humedad,Cartagena,Oriente,82.55,%,Alerta,16.03,36.0,WiFi
1258,2024-11-15 00:18:00,SENSOR_064,Temperatura,Cali,Oriente,32.44,°C,Critico,56.63,24.0,LoRaWAN
1259,2024-11-13 16:44:00,SENSOR_072,Temperatura,Barranquilla,Oriente,16.57,°C,Normal,38.98,51.0,4G
1260,2024-03-29 02:49:00,SENSOR_004,PM2.5,Medellin,Centro,27.6,µg/m3,Normal,56.86,81.0,WiFi
1261,2024-05-15 02:01:00,SENSOR_075,PM2.5,Bucaramanga,Centro,,µg/m3,Sin_Dato,33.53,70.0,WiFi
1262,2024-09-27 18:41:00,SENSOR_008,Temperatura,Cartagena,Centro,16.65,°C,Normal,33.82,60.0,4G
1263,2024-12-15 19:24:00,SENSOR_028,Ruido,Medellin,Oriente,41.44,dB,Normal,65.17,29.0,4G
1264,2024-04-02 10:42:00,SENSOR_066,Ruido,Medellin,Centro,99.18,dB,Critico,28.47,100.0,LoRaWAN
1265,2024-06-13 02:08:00,SENSOR_034,Ruido,Bucaramanga,Centro,55.83,dB,Normal,23.3,67.0,Ethernet
1266,2024-11-23 13:19:00,SENSOR_078,Ruido,Medellin,Norte,86.38,dB,Critico,66.37,40.0,4G
1267,2024-07-28 10:39:00,SENSOR_064,PM2.5,Bogota,Oriente,,µg/m3,Sin_Dato,13.06,38.0,WiFi
1268,2024-09-26 01:50:00,SENSOR_036,Ruido,Bucaramanga,Sur,99.13,dB,Critico,84.45,59.0,Ethernet
1269,2024-12-21 04:42:00,SENSOR_050,PM2.5,Barranquilla,Occidente,74.6,µg/m3,Alerta,59.53,31.0,Ethernet
1270,2024-09-06 08:02:00,SENSOR_069,Temperatura,Cartagena,Occidente,16.71,°C,Normal,32.45,60.0,LoRaWAN
1271,2024-06-23 08:04:00,SENSOR_073,CO2,Medellin,Sur,802.5,ppm,Alerta,31.46,44.0,4G
1272,2024-08-02 19:45:00,SENSOR_025,PM2.5,Barranquilla,Sur,28.51,µg/m3,Normal,54.41,57.0,4G
1273,2024-05-29 19:27:00,SENSOR_077,Humedad,Barranquilla,Sur,82.62,%,Alerta,42.2,92.0,Ethernet
1274,2024-09-05 14:23:00,SENSOR_019,Temperatura,Cali,Occidente,34.16,°C,Critico,98.47,,4G
1275,2024-07-04 13:08:00,SENSOR_064,PM2.5,Bucaramanga,Occidente,63.78,µg/m3,Alerta,30.24,100.0,Ethernet
1276,2024-03-19 16:49:00,SENSOR_061,CO2,Bucaramanga,Oriente,571.66,ppm,Normal,81.12,28.0,LoRaWAN
1277,2024-03-19 06:01:00,SENSOR_071,Humedad,Cartagena,Sur,90.17,%,Critico,24.46,92.0,WiFi
1278,2024-01-08 04:14:00,SENSOR_015,CO2,Cali,Occidente,661.02,ppm,Normal,62.35,90.0,LoRaWAN
1279,2024-06-21 02:43:00,SENSOR_020,PM2.5,Bogota,Occidente,30.29,µg/m3,Normal,83.39,98.0,WiFi
1280,2024-04-26 19:07:00,SENSOR_012,CO2,Cartagena,Occidente,486.84,ppm,Normal,43.61,98.0,4G
1281,2024-05-06 08:53:00,SENSOR_029,Temperatura,Cali,Centro,17.71,°C,Normal,61.97,47.0,4G
1282,2024-03-14 02:02:00,SENSOR_011,Ruido,Bucaramanga,Oriente,92.73,dB,Critico,76.32,,LoRaWAN
1283,2024-05-29 08:53:00,SENSOR_087,PM2.5,Bucaramanga,Oriente,7.38,µg/m3,Normal,41.85,46.0,LoRaWAN
1284,2024-04-15 05:35:00,SENSOR_091,Ruido,Bogota,Occidente,61.26,dB,Normal,38.56,57.0,4G
1285,2024-10-03 07:15:00,SENSOR_077,PM2.5,Bucaramanga,Centro,85.22,µg/m3,Critico,81.01,64.0,LoRaWAN
1286,2024-10-04 09:56:00,SENSOR_003,Ruido,Bucaramanga,Oriente,40.81,dB,Normal,26.71,53.0,Ethernet
1287,2024-04-25 02:57:00,SENSOR_022,PM2.5,Medellin,Occidente,98.17,µg/m3,Critico,98.02,49.0,WiFi
1288,2024-04-25 14:25:00,SENSOR_012,Temperatura,Cartagena,Occidente,23.13,°C,Normal,19.16,75.0,LoRaWAN
1289,2024-05-15 10:56:00,SENSOR_030,Humedad,Bucaramanga,Sur,45.07,%,Normal,9.95,42.0,LoRaWAN
1290,2024-12-08 10:11:00,SENSOR_055,Temperatura,Medellin,Norte,14.88,°C,Normal,11.4,42.0,WiFi
1291,2024-12-02 19:25:00,SENSOR_071,Humedad,Cali,Norte,42.14,%,Normal,35.92,54.0,WiFi
1292,2024-12-30 18:05:00,SENSOR_065,Humedad,Bogota,Oriente,60.49,%,Normal,27.98,67.0,LoRaWAN
1293,2024-12-02 17:07:00,SENSOR_032,Temperatura,Bucaramanga,Norte,14.05,°C,Normal,9.02,37.0,WiFi
1294,2024-07-28 03:13:00,SENSOR_059,Ruido,Cartagena,Oriente,82.21,dB,Alerta,49.33,86.0,LoRaWAN
1295,2024-10-22 01:21:00,SENSOR_097,Ruido,Cali,Occidente,90.77,dB,Critico,8.46,67.0,LoRaWAN
1296,2024-03-25 03:08:00,SENSOR_078,Ruido,Bucaramanga,Oriente,36.55,dB,Normal,76.28,38.0,Ethernet
1297,2024-04-11 19:58:00,SENSOR_084,Humedad,Cali,Oriente,88.53,%,Alerta,29.03,79.0,LoRaWAN
1298,2024-05-29 01:15:00,SENSOR_060,Temperatura,Medellin,Oriente,13.64,°C,Normal,14.62,64.0,Ethernet
1299,2024-10-08 11:34:00,SENSOR_084,PM2.5,Bucaramanga,Centro,99.43,µg/m3,Critico,8.85,81.0,WiFi
1300,2024-09-13 16:04:00,SENSOR_043,PM2.5,Medellin,Sur,119.09,µg/m3,Critico,72.55,23.0,4G
1301,2024-09-27 08:21:00,SENSOR_004,CO2,Bucaramanga,Oriente,990.44,ppm,Alerta,32.07,86.0,WiFi
1302,2024-11-15 05:33:00,SENSOR_098,PM2.5,Bucaramanga,Oriente,,µg/m3,Sin_Dato,74.22,28.0,4G
1303,2024-10-02 04:43:00,SENSOR_043,CO2,Barranquilla,Oriente,1443.16,ppm,Critico,63.6,48.0,WiFi
1304,2024-02-02 01:11:00,SENSOR_039,Humedad,Bogota,Norte,42.59,%,Normal,88.9,92.0,LoRaWAN
1305,2024-06-02 08:46:00,SENSOR_001,Temperatura,Bogota,Norte,22.07,°C,Normal,49.49,83.0,WiFi
1306,2024-02-28 05:34:00,SENSOR_086,PM2.5,Bucaramanga,Sur,47.79,µg/m3,Alerta,95.87,90.0,LoRaWAN
1307,2024-08-25 18:34:00,SENSOR_068,PM2.5,Medellin,Occidente,97.71,µg/m3,Critico,28.3,75.0,Ethernet
1308,2024-07-17 04:50:00,SENSOR_043,Ruido,Cartagena,Sur,99.44,dB,Critico,61.21,52.0,WiFi
1309,2024-04-17 17:59:00,SENSOR_072,Humedad,Medellin,Norte,39.96,%,Alerta,56.51,71.0,Ethernet
1310,2024-08-29 04:22:00,SENSOR_039,Humedad,Bogota,Norte,91.65,%,Critico,78.62,27.0,Ethernet
1311,2024-10-22 14:02:00,SENSOR_056,Ruido,Medellin,Oriente,56.7,dB,Normal,34.26,82.0,Ethernet
1312,2024-06-04 20:25:00,SENSOR_052,CO2,Bucaramanga,Norte,1506.79,ppm,Critico,61.81,30.0,WiFi
1313,2024-02-29 18:42:00,SENSOR_011,Humedad,Barranquilla,Centro,62.02,%,Normal,97.16,39.0,WiFi
1314,2024-01-02 12:28:00,SENSOR_061,Humedad,Medellin,Centro,84.83,%,Alerta,92.22,93.0,WiFi
1315,2024-01-30 10:33:00,SENSOR_022,Temperatura,Cali,Sur,,°C,Sin_Dato,98.88,44.0,4G
1316,2024-10-11 14:50:00,SENSOR_063,PM2.5,Bogota,Sur,101.24,µg/m3,Critico,63.21,79.0,LoRaWAN
1317,2024-04-24 14:39:00,SENSOR_083,Temperatura,Barranquilla,Occidente,15.59,°C,Normal,42.37,40.0,Ethernet
1318,2024-11-25 12:09:00,SENSOR_046,CO2,Cartagena,Sur,1521.96,ppm,Critico,93.4,59.0,LoRaWAN
1319,2024-06-02 07:34:00,SENSOR_031,Humedad,Bucaramanga,Norte,,%,Sin_Dato,88.14,77.0,4G
1320,2024-04-18 17:40:00,SENSOR_093,CO2,Bogota,Sur,1168.91,ppm,Alerta,46.36,90.0,LoRaWAN
1321,2024-06-01 18:01:00,SENSOR_061,CO2,Barranquilla,Centro,587.23,ppm,Normal,7.98,52.0,Ethernet
1322,2024-05-15 20:24:00,SENSOR_064,CO2,Bucaramanga,Oriente,1523.67,ppm,Critico,72.2,92.0,4G
1323,2024-01-06 10:00:00,SENSOR_022,Temperatura,Cali,Oriente,34.71,°C,Critico,89.0,97.0,Ethernet
1324,2024-07-21 07:59:00,SENSOR_026,Ruido,Barranquilla,Norte,,dB,Sin_Dato,,63.0,LoRaWAN
1325,2024-09-02 12:38:00,SENSOR_001,PM2.5,Bogota,Oriente,22.0,µg/m3,Normal,86.49,55.0,Ethernet
1326,2024-05-23 04:54:00,SENSOR_056,Ruido,Barranquilla,Centro,73.41,dB,Alerta,99.7,56.0,LoRaWAN
1327,2024-01-14 01:05:00,SENSOR_053,Ruido,Cartagena,Centro,62.12,dB,Normal,89.01,60.0,4G
1328,2024-11-23 03:35:00,SENSOR_034,Humedad,Cali,Centro,67.67,%,Normal,5.41,48.0,Ethernet
1329,2024-06-23 00:28:00,SENSOR_051,Temperatura,Bogota,Oriente,30.06,°C,Alerta,82.37,73.0,WiFi
1330,2024-08-10 23:18:00,SENSOR_099,Ruido,Cartagena,Centro,48.87,dB,Normal,32.32,50.0,Ethernet
1331,2024-08-27 06:28:00,SENSOR_023,Temperatura,Cartagena,Norte,11.99,°C,Normal,94.92,,4G
1332,2024-07-07 00:15:00,SENSOR_022,CO2,Barranquilla,Sur,1658.93,ppm,Critico,20.57,56.0,LoRaWAN
1333,2024-02-19 22:41:00,SENSOR_010,Temperatura,Medellin,Centro,11.65,°C,Normal,77.05,42.0,WiFi
1334,2024-11-24 14:53:00,SENSOR_044,PM2.5,Bogota,Occidente,19.04,µg/m3,Normal,31.44,31.0,LoRaWAN
1335,2024-05-08 10:47:00,SENSOR_050,CO2,Medellin,Occidente,1666.38,ppm,Critico,97.1,28.0,4G
1336,2024-04-16 04:15:00,SENSOR_044,PM2.5,Medellin,Occidente,118.98,µg/m3,Critico,38.38,69.0,Ethernet
1337,2024-03-16 10:00:00,SENSOR_066,Humedad,Bucaramanga,Norte,71.44,%,Normal,76.03,49.0,Ethernet
1338,2024-11-29 09:33:00,SENSOR_050,Humedad,Cali,Sur,32.36,%,Alerta,59.24,,LoRaWAN
1339,2024-09-03 15:39:00,SENSOR_054,CO2,Barranquilla,Centro,427.84,ppm,Normal,61.49,34.0,4G
1340,2024-12-10 17:47:00,SENSOR_064,CO2,Cartagena,Occidente,1516.24,ppm,Critico,65.62,88.0,Ethernet
1341,2024-08-01 16:26:00,SENSOR_005,CO2,Bogota,Centro,1797.6,ppm,Critico,82.49,55.0,LoRaWAN
1342,2024-10-27 00:44:00,SENSOR_010,Temperatura,Cartagena,Sur,28.47,°C,Alerta,7.48,43.0,WiFi
1343,2024-04-10 01:40:00,SENSOR_068,Temperatura,Cartagena,Occidente,12.38,°C,Normal,36.71,43.0,4G
1344,2024-02-27 09:48:00,SENSOR_030,CO2,Bogota,Sur,1125.31,ppm,Alerta,86.63,90.0,LoRaWAN
1345,2024-08-04 15:59:00,SENSOR_013,CO2,Bucaramanga,Centro,930.26,ppm,Alerta,30.56,28.0,WiFi
1346,2024-01-03 22:04:00,SENSOR_014,Ruido,Bucaramanga,Centro,61.39,dB,Normal,20.09,51.0,WiFi
1347,2024-08-31 06:10:00,SENSOR_022,Temperatura,Medellin,Occidente,10.42,°C,Normal,72.28,85.0,4G
1348,2024-10-24 00:45:00,SENSOR_001,CO2,Barranquilla,Occidente,1394.78,ppm,Critico,51.8,75.0,4G
1349,2024-10-09 20:30:00,SENSOR_025,CO2,Cartagena,Sur,1760.58,ppm,Critico,59.94,98.0,WiFi
1350,2024-11-01 23:56:00,SENSOR_033,Ruido,Barranquilla,Occidente,,dB,Sin_Dato,61.12,36.0,4G
1351,2024-03-28 08:45:00,SENSOR_086,Temperatura,Medellin,Norte,16.25,°C,Normal,11.86,47.0,LoRaWAN
1352,2024-03-23 00:03:00,SENSOR_074,Temperatura,Bogota,Norte,10.34,°C,Normal,24.6,35.0,LoRaWAN
1353,2024-08-24 17:44:00,SENSOR_053,CO2,Bucaramanga,Occidente,602.32,ppm,Normal,24.64,51.0,Ethernet
1354,2024-12-22 00:22:00,SENSOR_036,CO2,Bucaramanga,Centro,,ppm,Sin_Dato,10.83,27.0,Ethernet
1355,2024-07-29 11:54:00,SENSOR_027,CO2,Bucaramanga,Centro,718.99,ppm,Normal,6.31,87.0,WiFi
1356,2024-11-26 21:43:00,SENSOR_045,Ruido,Cali,Norte,91.15,dB,Critico,96.53,81.0,4G
1357,2024-11-15 00:51:00,SENSOR_018,Ruido,Bogota,Norte,99.12,dB,Critico,65.98,54.0,LoRaWAN
1358,2024-07-04 13:08:00,SENSOR_089,PM2.5,Bogota,Sur,90.84,µg/m3,Critico,,33.0,4G
1359,2024-07-24 22:31:00,SENSOR_033,PM2.5,Medellin,Occidente,111.31,µg/m3,Critico,64.61,20.0,4G
1360,2024-01-15 06:00:00,SENSOR_042,Ruido,Barranquilla,Occidente,35.09,dB,Normal,15.3,74.0,LoRaWAN
1361,2024-07-17 00:31:00,SENSOR_076,PM2.5,Medellin,Oriente,46.04,µg/m3,Alerta,64.34,61.0,WiFi
1362,2024-09-01 18:36:00,SENSOR_046,PM2.5,Bucaramanga,Norte,31.17,µg/m3,Normal,6.56,92.0,4G
1363,2024-06-17 10:20:00,SENSOR_053,Ruido,Bogota,Norte,99.74,dB,Critico,69.69,76.0,4G
1364,2024-06-09 17:34:00,SENSOR_095,CO2,Medellin,Norte,684.68,ppm,Normal,43.87,95.0,Ethernet
1365,2024-06-01 06:00:00,SENSOR_012,PM2.5,Cali,Norte,97.62,µg/m3,Critico,56.0,50.0,WiFi
1366,2024-12-12 14:55:00,SENSOR_089,Humedad,Cali,Occidente,75.23,%,Normal,,47.0,Ethernet
1367,2024-08-28 20:10:00,SENSOR_013,PM2.5,Bogota,Occidente,71.2,µg/m3,Alerta,,65.0,Ethernet
1368,2024-04-29 15:15:00,SENSOR_004,PM2.5,Barranquilla,Centro,,µg/m3,Sin_Dato,21.35,25.0,4G
1369,2024-05-22 14:49:00,SENSOR_027,CO2,Medellin,Norte,1292.49,ppm,Critico,17.78,46.0,LoRaWAN
1370,2024-08-06 03:46:00,SENSOR_088,Temperatura,Bucaramanga,Norte,13.98,°C,Normal,21.28,42.0,Ethernet
1371,2024-03-20 00:36:00,SENSOR_011,Temperatura,Medellin,Norte,12.71,°C,Normal,82.2,86.0,LoRaWAN
1372,2024-11-25 21:42:00,SENSOR_021,PM2.5,Cartagena,Occidente,56.64,µg/m3,Alerta,84.49,60.0,LoRaWAN
1373,2024-06-04 22:29:00,SENSOR_094,Ruido,Bogota,Norte,85.22,dB,Critico,13.65,36.0,WiFi
1374,2024-06-16 06:57:00,SENSOR_095,Temperatura,Barranquilla,Occidente,19.87,°C,Normal,72.68,26.0,4G
1375,2024-06-17 19:00:00,SENSOR_017,PM2.5,Medellin,Centro,67.52,µg/m3,Alerta,56.21,87.0,WiFi
1376,2024-07-08 01:51:00,SENSOR_034,Humedad,Cali,Occidente,32.86,%,Alerta,84.6,48.0,WiFi
1377,2024-04-17 15:22:00,SENSOR_080,Ruido,Bucaramanga,Centro,70.54,dB,Alerta,35.58,55.0,LoRaWAN
1378,2024-01-22 19:35:00,SENSOR_005,Temperatura,Bogota,Centro,28.08,°C,Alerta,20.67,94.0,WiFi
1379,2024-03-01 04:06:00,SENSOR_089,Temperatura,Medellin,Oriente,32.36,°C,Critico,10.44,97.0,WiFi
1380,2024-04-19 01:30:00,SENSOR_046,Temperatura,Cali,Oriente,22.6,°C,Normal,32.75,89.0,4G
1381,2024-12-13 04:18:00,SENSOR_037,Temperatura,Bucaramanga,Occidente,30.61,°C,Alerta,64.06,68.0,Ethernet
1382,2024-01-30 09:44:00,SENSOR_065,Temperatura,Bucaramanga,Oriente,11.22,°C,Normal,89.15,63.0,WiFi
1383,2024-09-20 05:05:00,SENSOR_093,PM2.5,Cartagena,Sur,48.44,µg/m3,Alerta,44.23,85.0,4G
1384,2024-08-22 05:04:00,SENSOR_048,CO2,Barranquilla,Centro,555.35,ppm,Normal,74.31,25.0,Ethernet
1385,2024-02-08 14:53:00,SENSOR_053,Ruido,Medellin,Norte,74.92,dB,Alerta,38.73,99.0,4G
1386,2024-04-01 13:55:00,SENSOR_009,Temperatura,Bogota,Sur,31.63,°C,Alerta,55.21,87.0,WiFi
1387,2024-07-09 11:55:00,SENSOR_081,Humedad,Barranquilla,Sur,60.79,%,Normal,28.66,44.0,WiFi
1388,2024-10-18 01:24:00,SENSOR_035,Temperatura,Medellin,Norte,20.0,°C,Normal,73.97,59.0,Ethernet
1389,2024-08-04 16:42:00,SENSOR_021,Ruido,Bogota,Norte,43.48,dB,Normal,85.28,33.0,LoRaWAN
1390,2024-07-02 09:23:00,SENSOR_011,Ruido,Bucaramanga,Centro,98.84,dB,Critico,38.69,57.0,WiFi
1391,2024-05-15 20:52:00,SENSOR_052,CO2,Medellin,Sur,580.43,ppm,Normal,87.22,30.0,Ethernet
1392,2024-10-01 17:17:00,SENSOR_040,CO2,Bucaramanga,Sur,1739.96,ppm,Critico,92.05,,4G
1393,2024-03-20 08:18:00,SENSOR_048,PM2.5,Medellin,Occidente,100.5,µg/m3,Critico,73.92,98.0,WiFi
1394,2024-09-04 12:41:00,SENSOR_005,CO2,Cali,Centro,1674.73,ppm,Critico,77.68,87.0,LoRaWAN
1395,2024-08-17 10:18:00,SENSOR_091,Humedad,Bogota,Oriente,82.39,%,Alerta,72.57,79.0,WiFi
1396,2024-02-05 04:38:00,SENSOR_078,PM2.5,Medellin,Norte,83.06,µg/m3,Critico,17.8,48.0,WiFi
1397,2024-10-23 02:40:00,SENSOR_005,Temperatura,Barranquilla,Centro,25.3,°C,Normal,77.05,69.0,WiFi
1398,2024-12-02 05:01:00,SENSOR_065,PM2.5,Bucaramanga,Occidente,6.23,µg/m3,Normal,82.93,23.0,WiFi
1399,2024-08-31 15:21:00,SENSOR_100,PM2.5,Bucaramanga,Centro,73.68,µg/m3,Alerta,28.22,80.0,Ethernet
1400,2024-07-11 03:45:00,SENSOR_094,Temperatura,Cali,Occidente,32.7,°C,Critico,88.82,70.0,LoRaWAN
1401,2024-09-08 19:09:00,SENSOR_018,CO2,Bogota,Centro,1512.77,ppm,Critico,65.73,33.0,LoRaWAN
1402,2024-06-13 10:54:00,SENSOR_030,Ruido,Bucaramanga,Occidente,36.71,dB,Normal,99.71,40.0,4G
1403,2024-04-17 16:25:00,SENSOR_010,CO2,Medellin,Oriente,927.4,ppm,Alerta,93.71,57.0,4G
1404,2024-10-23 13:10:00,SENSOR_096,Temperatura,Bogota,Sur,18.44,°C,Normal,42.57,25.0,WiFi
1405,2024-03-25 20:12:00,SENSOR_096,Temperatura,Medellin,Oriente,33.6,°C,Critico,10.26,66.0,Ethernet
1406,2024-10-16 16:35:00,SENSOR_078,Ruido,Bogota,Centro,64.62,dB,Normal,75.79,42.0,4G
1407,2024-07-03 23:26:00,SENSOR_044,Ruido,Cali,Centro,46.92,dB,Normal,51.11,74.0,4G
1408,2024-06-02 13:01:00,SENSOR_068,Temperatura,Cali,Sur,17.6,°C,Normal,80.41,44.0,LoRaWAN
1409,2024-08-05 07:37:00,SENSOR_031,PM2.5,Bucaramanga,Occidente,10.3,µg/m3,Normal,40.56,26.0,WiFi
1410,2024-09-26 20:03:00,SENSOR_058,PM2.5,Barranquilla,Centro,63.35,µg/m3,Alerta,60.18,57.0,LoRaWAN
1411,2024-05-12 08:48:00,SENSOR_003,CO2,Barranquilla,Oriente,548.4,ppm,Normal,72.09,100.0,Ethernet
1412,2024-09-30 16:46:00,SENSOR_100,PM2.5,Barranquilla,Sur,92.34,µg/m3,Critico,69.21,78.0,WiFi
1413,2024-08-03 05:04:00,SENSOR_019,PM2.5,Cartagena,Sur,114.47,µg/m3,Critico,36.38,22.0,LoRaWAN
1414,2024-05-21 14:16:00,SENSOR_023,Humedad,Medellin,Centro,82.46,%,Alerta,79.15,75.0,Ethernet
1415,2024-02-09 21:13:00,SENSOR_053,PM2.5,Cartagena,Centro,50.77,µg/m3,Alerta,77.56,23.0,Ethernet
1416,2024-05-06 15:22:00,SENSOR_096,PM2.5,Medellin,Sur,88.31,µg/m3,Critico,25.94,97.0,LoRaWAN
1417,2024-06-26 15:32:00,SENSOR_067,Temperatura,Medellin,Occidente,34.52,°C,Critico,90.24,35.0,4G
1418,2024-11-12 03:17:00,SENSOR_044,Humedad,Bogota,Occidente,79.6,%,Normal,18.93,31.0,Ethernet
1419,2024-10-02 11:12:00,SENSOR_045,Humedad,Bucaramanga,Centro,,%,Sin_Dato,45.47,38.0,4G
1420,2024-08-16 10:12:00,SENSOR_074,CO2,Cali,Centro,1465.83,ppm,Critico,19.15,59.0,LoRaWAN
1421,2024-01-30 12:52:00,SENSOR_004,Humedad,Medellin,Oriente,,%,Sin_Dato,53.82,69.0,WiFi
1422,2024-02-10 03:49:00,SENSOR_015,Humedad,Bucaramanga,Occidente,73.44,%,Normal,36.81,23.0,WiFi
1423,2024-02-18 05:19:00,SENSOR_049,PM2.5,Cartagena,Centro,14.21,µg/m3,Normal,11.95,26.0,Ethernet
1424,2024-10-23 22:39:00,SENSOR_100,Humedad,Medellin,Occidente,91.71,%,Critico,64.56,67.0,4G
1425,2024-07-22 17:51:00,SENSOR_035,Ruido,Bogota,Oriente,53.3,dB,Normal,72.86,37.0,Ethernet
1426,2024-10-26 18:02:00,SENSOR_086,Humedad,Medellin,Occidente,66.11,%,Normal,87.88,80.0,Ethernet
1427,2024-02-04 17:31:00,SENSOR_021,Temperatura,Cartagena,Occidente,16.59,°C,Normal,54.78,28.0,4G
1428,2024-05-24 11:58:00,SENSOR_026,Temperatura,Bucaramanga,Norte,33.85,°C,Critico,72.92,64.0,Ethernet
1429,2024-03-20 03:54:00,SENSOR_060,Ruido,Cartagena,Centro,,dB,Sin_Dato,90.42,33.0,WiFi
1430,2024-04-28 23:19:00,SENSOR_001,Humedad,Bucaramanga,Centro,45.47,%,Normal,68.62,83.0,LoRaWAN
1431,2024-09-30 18:44:00,SENSOR_016,Ruido,Medellin,Norte,78.41,dB,Alerta,30.14,41.0,LoRaWAN
1432,2024-02-04 19:06:00,SENSOR_019,PM2.5,Bucaramanga,Sur,99.01,µg/m3,Critico,32.05,77.0,4G
1433,2024-07-01 03:16:00,SENSOR_014,PM2.5,Bucaramanga,Oriente,21.3,µg/m3,Normal,80.14,41.0,4G
1434,2024-02-24 17:50:00,SENSOR_002,Ruido,Medellin,Centro,73.28,dB,Alerta,14.72,86.0,Ethernet
1435,2024-05-04 23:16:00,SENSOR_074,Ruido,Cartagena,Sur,79.64,dB,Alerta,77.0,49.0,4G
1436,2024-03-24 17:30:00,SENSOR_066,CO2,Medellin,Occidente,807.71,ppm,Alerta,47.72,83.0,Ethernet
1437,2024-10-20 07:06:00,SENSOR_088,Ruido,Bogota,Oriente,61.17,dB,Normal,27.42,38.0,WiFi
1438,2024-09-22 20:20:00,SENSOR_098,PM2.5,Bogota,Oriente,80.77,µg/m3,Critico,26.27,40.0,WiFi
1439,2024-10-13 10:24:00,SENSOR_087,Temperatura,Barranquilla,Sur,23.48,°C,Normal,14.97,92.0,4G
1440,2024-02-23 01:21:00,SENSOR_067,Temperatura,Barranquilla,Norte,13.47,°C,Normal,97.05,25.0,LoRaWAN
1441,2024-06-20 06:45:00,SENSOR_056,PM2.5,Cartagena,Occidente,67.87,µg/m3,Alerta,,24.0,LoRaWAN
1442,2024-01-25 16:38:00,SENSOR_078,PM2.5,Barranquilla,Norte,87.71,µg/m3,Critico,28.82,36.0,LoRaWAN
1443,2024-09-02 22:06:00,SENSOR_095,PM2.5,Cartagena,Occidente,79.44,µg/m3,Critico,47.93,78.0,WiFi
1444,2024-11-17 10:07:00,SENSOR_012,Humedad,Cali,Norte,56.11,%,Normal,23.62,43.0,WiFi
1445,2024-11-25 03:23:00,SENSOR_036,PM2.5,Bucaramanga,Centro,77.2,µg/m3,Critico,52.02,69.0,4G
1446,2024-11-13 19:46:00,SENSOR_065,Humedad,Bucaramanga,Norte,67.49,%,Normal,76.23,88.0,LoRaWAN
1447,2024-01-01 11:26:00,SENSOR_052,Humedad,Barranquilla,Norte,75.21,%,Normal,68.04,69.0,Ethernet
1448,2024-08-29 15:58:00,SENSOR_088,Temperatura,Bucaramanga,Occidente,,°C,Sin_Dato,31.56,63.0,LoRaWAN
1449,2024-07-14 09:16:00,SENSOR_033,Ruido,Medellin,Occidente,60.61,dB,Normal,83.51,43.0,4G
1450,2024-04-06 22:03:00,SENSOR_088,CO2,Cartagena,Occidente,1545.46,ppm,Critico,94.36,93.0,WiFi
1451,2024-09-04 17:10:00,SENSOR_052,Temperatura,Medellin,Sur,32.9,°C,Critico,77.34,81.0,4G
1452,2024-09-07 00:29:00,SENSOR_050,Humedad,Medellin,Occidente,68.29,%,Normal,26.12,67.0,WiFi
1453,2024-06-11 18:52:00,SENSOR_065,Ruido,Bogota,Occidente,36.67,dB,Normal,54.3,91.0,LoRaWAN
1454,2024-01-12 09:11:00,SENSOR_079,CO2,Cali,Oriente,636.31,ppm,Normal,64.67,85.0,WiFi
1455,2024-03-23 10:15:00,SENSOR_062,Humedad,Cartagena,Oriente,63.9,%,Normal,60.29,24.0,WiFi
1456,2024-09-22 05:16:00,SENSOR_027,Temperatura,Bucaramanga,Sur,21.34,°C,Normal,36.14,42.0,LoRaWAN
1457,2024-06-05 04:05:00,SENSOR_054,Temperatura,Bucaramanga,Occidente,20.66,°C,Normal,9.35,54.0,4G
1458,2024-03-20 10:44:00,SENSOR_037,CO2,Bogota,Centro,874.4,ppm,Alerta,99.77,87.0,Ethernet
1459,2024-02-13 19:03:00,SENSOR_078,Ruido,Barranquilla,Norte,,dB,Sin_Dato,27.33,91.0,LoRaWAN
1460,2024-10-19 20:50:00,SENSOR_021,PM2.5,Medellin,Sur,98.08,µg/m3,Critico,10.55,94.0,Ethernet
1461,2024-11-23 12:28:00,SENSOR_069,CO2,Bucaramanga,Sur,507.33,ppm,Normal,53.47,55.0,LoRaWAN
1462,2024-11-03 06:21:00,SENSOR_047,CO2,Cali,Occidente,493.35,ppm,Normal,91.5,74.0,LoRaWAN
1463,2024-01-19 11:49:00,SENSOR_018,Temperatura,Bogota,Centro,17.67,°C,Normal,60.7,29.0,4G
1464,2024-04-05 11:37:00,SENSOR_083,CO2,Bogota,Sur,308.35,ppm,Normal,8.21,74.0,4G
1465,2024-03-14 02:04:00,SENSOR_037,PM2.5,Cali,Sur,49.05,µg/m3,Alerta,99.53,83.0,4G
1466,2024-11-04 01:43:00,SENSOR_058,CO2,Barranquilla,Oriente,524.56,ppm,Normal,,85.0,4G
1467,2024-09-25 13:50:00,SENSOR_037,PM2.5,Medellin,Centro,98.56,µg/m3,Critico,81.73,37.0,4G
1468,2024-02-15 19:31:00,SENSOR_017,Humedad,Medellin,Occidente,71.93,%,Normal,64.29,21.0,WiFi
1469,2024-06-27 05:17:00,SENSOR_054,Humedad,Cali,Oriente,65.93,%,Normal,55.59,71.0,WiFi
1470,2024-11-28 01:39:00,SENSOR_023,Ruido,Medellin,Sur,51.92,dB,Normal,58.39,37.0,Ethernet
1471,2024-04-22 16:32:00,SENSOR_074,Humedad,Bogota,Sur,63.21,%,Normal,68.63,90.0,4G
1472,2024-03-15 10:56:00,SENSOR_051,Humedad,Bogota,Occidente,92.42,%,Critico,21.68,47.0,4G
1473,2024-11-18 12:12:00,SENSOR_092,PM2.5,Barranquilla,Norte,116.16,µg/m3,Critico,92.98,42.0,4G
1474,2024-06-04 21:38:00,SENSOR_095,Temperatura,Bucaramanga,Norte,29.99,°C,Alerta,60.59,50.0,4G
1475,2024-06-21 04:20:00,SENSOR_022,Humedad,Cali,Sur,85.62,%,Alerta,35.42,54.0,Ethernet
1476,2024-03-29 22:50:00,SENSOR_063,Ruido,Barranquilla,Oriente,87.54,dB,Critico,94.48,53.0,LoRaWAN
1477,2024-12-28 17:13:00,SENSOR_079,Humedad,Barranquilla,Centro,69.23,%,Normal,60.32,,4G
1478,2024-11-16 12:02:00,SENSOR_009,CO2,Medellin,Centro,1651.61,ppm,Critico,55.07,34.0,4G
1479,2024-12-23 01:05:00,SENSOR_091,PM2.5,Cali,Norte,113.77,µg/m3,Critico,17.41,,WiFi
1480,2024-04-08 02:20:00,SENSOR_047,PM2.5,Bucaramanga,Centro,9.33,µg/m3,Normal,77.29,79.0,Ethernet
1481,2024-09-11 08:41:00,SENSOR_088,PM2.5,Medellin,Sur,32.23,µg/m3,Normal,92.81,25.0,4G
1482,2024-01-13 14:59:00,SENSOR_036,Ruido,Cali,Norte,87.95,dB,Critico,59.52,28.0,LoRaWAN
1483,2024-04-28 16:42:00,SENSOR_027,Temperatura,Barranquilla,Occidente,,°C,Sin_Dato,59.83,95.0,LoRaWAN
1484,2024-01-18 11:57:00,SENSOR_012,Ruido,Cali,Norte,91.41,dB,Critico,10.39,20.0,Ethernet
1485,2024-12-08 07:32:00,SENSOR_011,Ruido,Medellin,Occidente,97.88,dB,Critico,9.6,39.0,WiFi
1486,2024-05-30 21:52:00,SENSOR_021,Ruido,Bogota,Oriente,77.91,dB,Alerta,62.55,31.0,WiFi
1487,2024-03-23 01:44:00,SENSOR_049,Humedad,Bucaramanga,Centro,32.72,%,Alerta,8.03,63.0,Ethernet
1488,2024-06-30 01:53:00,SENSOR_026,Temperatura,Cartagena,Norte,14.81,°C,Normal,24.8,,4G
1489,2024-11-27 13:42:00,SENSOR_084,PM2.5,Barranquilla,Sur,92.9,µg/m3,Critico,14.54,91.0,Ethernet
1490,2024-04-12 09:21:00,SENSOR_044,CO2,Bogota,Occidente,525.19,ppm,Normal,17.24,95.0,4G
1491,2024-09-24 01:01:00,SENSOR_045,Temperatura,Barranquilla,Oriente,28.4,°C,Alerta,,92.0,LoRaWAN
1492,2024-04-03 08:30:00,SENSOR_100,Ruido,Barranquilla,Occidente,85.46,dB,Critico,48.1,44.0,Ethernet
1493,2024-09-18 10:15:00,SENSOR_071,CO2,Cali,Occidente,1443.86,ppm,Critico,85.4,29.0,4G
1494,2024-01-19 16:11:00,SENSOR_019,Ruido,Bucaramanga,Centro,74.93,dB,Alerta,57.97,41.0,WiFi
1495,2024-11-18 15:59:00,SENSOR_093,Ruido,Barranquilla,Centro,73.4,dB,Alerta,17.35,87.0,WiFi
1496,2024-09-06 07:42:00,SENSOR_041,Temperatura,Cali,Norte,27.76,°C,Normal,28.72,98.0,LoRaWAN
1497,2024-10-22 07:19:00,SENSOR_064,CO2,Cartagena,Oriente,1480.26,ppm,Critico,40.23,64.0,LoRaWAN
1498,2024-07-26 13:29:00,SENSOR_055,CO2,Medellin,Norte,459.64,ppm,Normal,28.85,34.0,WiFi
1499,2024-02-13 06:03:00,SENSOR_099,Temperatura,Bogota,Occidente,,°C,Sin_Dato,,72.0,4G
1500,2024-03-14 02:13:00,SENSOR_058,Temperatura,Bucaramanga,Sur,20.6,°C,Normal,6.25,66.0,Ethernet
1501,2024-03-19 04:59:00,SENSOR_019,Temperatura,Cartagena,Centro,27.61,°C,Normal,23.57,77.0,WiFi
1502,2024-06-28 11:57:00,SENSOR_007,CO2,Bucaramanga,Norte,371.7,ppm,Normal,39.31,55.0,Ethernet
1503,2024-08-06 15:00:00,SENSOR_026,Temperatura,Bucaramanga,Norte,10.62,°C,Normal,22.26,87.0,LoRaWAN
1504,2024-11-21 08:44:00,SENSOR_055,PM2.5,Barranquilla,Oriente,8.41,µg/m3,Normal,5.52,45.0,Ethernet
1505,2024-04-24 00:30:00,SENSOR_057,Ruido,Cali,Oriente,44.68,dB,Normal,11.09,37.0,Ethernet
1506,2024-01-14 19:42:00,SENSOR_005,Ruido,Bogota,Sur,41.51,dB,Normal,64.55,,WiFi
1507,2024-03-25 19:37:00,SENSOR_007,Ruido,Bucaramanga,Occidente,43.08,dB,Normal,6.87,94.0,4G
1508,2024-02-19 11:25:00,SENSOR_092,PM2.5,Cartagena,Sur,,µg/m3,Sin_Dato,99.76,42.0,WiFi
1509,2024-07-05 01:33:00,SENSOR_079,Temperatura,Cartagena,Occidente,17.44,°C,Normal,83.06,70.0,Ethernet
1510,2024-06-11 21:06:00,SENSOR_083,Ruido,Bogota,Norte,79.54,dB,Alerta,41.31,57.0,WiFi
1511,2024-10-26 04:46:00,SENSOR_049,Humedad,Bogota,Norte,91.92,%,Critico,59.25,42.0,LoRaWAN
1512,2024-11-14 03:16:00,SENSOR_024,PM2.5,Medellin,Occidente,72.03,µg/m3,Alerta,99.59,21.0,WiFi
1513,2024-07-11 07:43:00,SENSOR_022,Temperatura,Bucaramanga,Norte,11.27,°C,Normal,90.89,33.0,WiFi
1514,2024-10-26 02:14:00,SENSOR_008,CO2,Medellin,Centro,1696.33,ppm,Critico,94.65,50.0,LoRaWAN
1515,2024-11-22 15:30:00,SENSOR_019,Ruido,Bogota,Centro,82.51,dB,Alerta,64.47,85.0,WiFi
1516,2024-02-21 09:59:00,SENSOR_070,CO2,Bucaramanga,Sur,541.07,ppm,Normal,94.95,86.0,4G
1517,2024-11-16 15:44:00,SENSOR_065,Temperatura,Cali,Oriente,11.54,°C,Normal,,73.0,Ethernet
1518,2024-08-21 03:52:00,SENSOR_061,Humedad,Barranquilla,Centro,54.72,%,Normal,61.59,30.0,4G
1519,2024-12-29 20:37:00,SENSOR_087,Humedad,Cartagena,Sur,57.53,%,Normal,19.29,70.0,Ethernet
1520,2024-02-06 10:15:00,SENSOR_035,CO2,Bogota,Occidente,476.87,ppm,Normal,13.4,34.0,LoRaWAN
1521,2024-11-07 00:58:00,SENSOR_006,Humedad,Bucaramanga,Occidente,48.47,%,Normal,70.64,62.0,Ethernet
1522,2024-09-14 19:20:00,SENSOR_014,Ruido,Bucaramanga,Occidente,76.6,dB,Alerta,92.99,56.0,Ethernet
1523,2024-10-06 10:10:00,SENSOR_070,PM2.5,Medellin,Sur,35.55,µg/m3,Alerta,19.41,39.0,LoRaWAN
1524,2024-03-15 10:14:00,SENSOR_050,CO2,Medellin,Norte,664.74,ppm,Normal,31.15,20.0,4G
1525,2024-07-12 15:15:00,SENSOR_069,PM2.5,Bucaramanga,Occidente,9.73,µg/m3,Normal,98.58,39.0,Ethernet
1526,2024-02-19 15:00:00,SENSOR_055,Temperatura,Bogota,Occidente,11.85,°C,Normal,15.73,51.0,LoRaWAN
1527,2024-04-28 20:54:00,SENSOR_027,Temperatura,Barranquilla,Oriente,21.88,°C,Normal,5.04,51.0,WiFi
1528,2024-07-04 07:55:00,SENSOR_042,Temperatura,Cartagena,Occidente,29.49,°C,Alerta,91.45,55.0,LoRaWAN
1529,2024-12-26 21:05:00,SENSOR_019,PM2.5,Cali,Centro,41.56,µg/m3,Alerta,23.36,23.0,Ethernet
1530,2024-10-19 18:35:00,SENSOR_009,Temperatura,Bucaramanga,Oriente,13.17,°C,Normal,56.13,100.0,WiFi
1531,2024-01-03 01:50:00,SENSOR_052,Humedad,Bucaramanga,Occidente,35.18,%,Alerta,54.11,48.0,LoRaWAN
1532,2024-05-14 12:00:00,SENSOR_051,CO2,Barranquilla,Oriente,1224.7,ppm,Critico,81.45,94.0,Ethernet
1533,2024-11-16 15:36:00,SENSOR_040,PM2.5,Cartagena,Oriente,107.64,µg/m3,Critico,37.33,60.0,WiFi
1534,2024-03-21 13:40:00,SENSOR_016,PM2.5,Cartagena,Norte,11.74,µg/m3,Normal,50.39,68.0,WiFi
1535,2024-09-12 18:43:00,SENSOR_015,Temperatura,Bogota,Oriente,28.2,°C,Alerta,61.62,91.0,Ethernet
1536,2024-05-30 20:03:00,SENSOR_054,Ruido,Cali,Norte,77.1,dB,Alerta,60.03,96.0,WiFi
1537,2024-10-02 23:12:00,SENSOR_063,Temperatura,Bogota,Centro,26.28,°C,Normal,17.91,94.0,LoRaWAN
1538,2024-05-10 06:59:00,SENSOR_007,Ruido,Cali,Oriente,52.81,dB,Normal,86.85,75.0,Ethernet
1539,2024-10-25 21:18:00,SENSOR_007,CO2,Cali,Oriente,1530.29,ppm,Critico,34.9,82.0,Ethernet
1540,2024-09-04 12:28:00,SENSOR_069,Ruido,Bogota,Occidente,55.05,dB,Normal,25.97,97.0,WiFi
1541,2024-11-05 14:03:00,SENSOR_017,CO2,Medellin,Sur,1613.83,ppm,Critico,86.16,73.0,LoRaWAN
1542,2024-07-29 13:58:00,SENSOR_007,CO2,Bogota,Oriente,820.54,ppm,Alerta,5.87,74.0,4G
1543,2024-05-15 23:29:00,SENSOR_016,CO2,Medellin,Norte,1443.05,ppm,Critico,96.61,80.0,LoRaWAN
1544,2024-10-19 04:06:00,SENSOR_018,Temperatura,Cali,Occidente,12.59,°C,Normal,72.37,67.0,LoRaWAN
1545,2024-10-09 17:04:00,SENSOR_008,Temperatura,Bogota,Occidente,24.72,°C,Normal,50.71,91.0,4G
1546,2024-05-22 15:19:00,SENSOR_011,PM2.5,Medellin,Occidente,46.21,µg/m3,Alerta,90.24,54.0,Ethernet
1547,2024-04-08 05:43:00,SENSOR_092,Humedad,Bucaramanga,Sur,57.62,%,Normal,15.54,46.0,LoRaWAN
1548,2024-06-15 14:42:00,SENSOR_095,Humedad,Bucaramanga,Sur,75.27,%,Normal,87.31,79.0,LoRaWAN
1549,2024-05-02 22:03:00,SENSOR_048,Humedad,Cali,Occidente,38.02,%,Alerta,76.36,52.0,LoRaWAN
1550,2024-07-14 09:50:00,SENSOR_007,CO2,Bogota,Oriente,851.14,ppm,Alerta,37.16,45.0,WiFi
1551,2024-03-22 02:55:00,SENSOR_018,Ruido,Medellin,Norte,69.92,dB,Normal,74.44,99.0,WiFi
1552,2024-11-24 05:25:00,SENSOR_057,Humedad,Bucaramanga,Norte,71.93,%,Normal,20.8,44.0,Ethernet
1553,2024-05-03 14:00:00,SENSOR_010,Temperatura,Bucaramanga,Sur,11.52,°C,Normal,62.64,51.0,WiFi
1554,2024-07-04 15:13:00,SENSOR_043,Temperatura,Barranquilla,Norte,34.86,°C,Critico,35.87,38.0,LoRaWAN
1555,2024-06-16 01:42:00,SENSOR_043,Temperatura,Medellin,Sur,,°C,Sin_Dato,71.5,33.0,WiFi
1556,2024-10-15 14:31:00,SENSOR_057,CO2,Bucaramanga,Occidente,400.44,ppm,Normal,98.95,52.0,LoRaWAN
1557,2024-07-09 12:42:00,SENSOR_034,PM2.5,Bucaramanga,Centro,66.53,µg/m3,Alerta,11.27,47.0,Ethernet
1558,2024-03-19 00:38:00,SENSOR_002,Humedad,Barranquilla,Sur,38.02,%,Alerta,96.23,52.0,Ethernet
1559,2024-11-05 21:38:00,SENSOR_076,Humedad,Cartagena,Occidente,79.68,%,Normal,34.08,81.0,4G
1560,2024-12-15 01:05:00,SENSOR_014,Humedad,Cali,Oriente,45.12,%,Normal,86.88,89.0,Ethernet
1561,2024-07-02 23:05:00,SENSOR_023,Humedad,Cali,Norte,72.17,%,Normal,20.46,92.0,WiFi
1562,2024-04-19 22:00:00,SENSOR_015,Ruido,Barranquilla,Occidente,,dB,Sin_Dato,19.93,46.0,4G
1563,2024-02-05 22:54:00,SENSOR_092,Humedad,Cartagena,Occidente,37.87,%,Alerta,6.42,20.0,WiFi
1564,2024-02-15 21:32:00,SENSOR_089,Ruido,Cartagena,Oriente,42.45,dB,Normal,53.25,91.0,Ethernet
1565,2024-10-08 05:55:00,SENSOR_016,Temperatura,Bogota,Occidente,14.73,°C,Normal,13.83,50.0,LoRaWAN
1566,2024-08-20 12:36:00,SENSOR_084,PM2.5,Medellin,Centro,10.45,µg/m3,Normal,45.01,90.0,4G
1567,2024-05-21 23:39:00,SENSOR_041,PM2.5,Cali,Oriente,82.77,µg/m3,Critico,5.35,22.0,Ethernet
1568,2024-10-21 09:15:00,SENSOR_024,CO2,Bogota,Sur,1728.75,ppm,Critico,46.57,22.0,WiFi
1569,2024-11-13 10:06:00,SENSOR_056,Ruido,Barranquilla,Oriente,39.8,dB,Normal,42.33,31.0,WiFi
1570,2024-06-12 16:35:00,SENSOR_037,PM2.5,Bogota,Oriente,50.86,µg/m3,Alerta,92.05,99.0,Ethernet
1571,2024-01-31 13:15:00,SENSOR_067,CO2,Cartagena,Centro,1440.31,ppm,Critico,57.08,38.0,Ethernet
1572,2024-10-22 02:22:00,SENSOR_021,Ruido,Bucaramanga,Occidente,69.32,dB,Normal,58.01,92.0,WiFi
1573,2024-12-10 01:09:00,SENSOR_068,PM2.5,Barranquilla,Oriente,8.52,µg/m3,Normal,45.73,29.0,Ethernet
1574,2024-10-01 13:30:00,SENSOR_003,Humedad,Barranquilla,Occidente,91.31,%,Critico,88.71,65.0,Ethernet
1575,2024-05-16 00:04:00,SENSOR_049,Temperatura,Bogota,Sur,10.15,°C,Normal,90.25,37.0,WiFi
1576,2024-12-01 16:18:00,SENSOR_047,CO2,Cali,Occidente,476.67,ppm,Normal,32.62,37.0,Ethernet
1577,2024-08-04 02:55:00,SENSOR_050,Temperatura,Cartagena,Norte,26.82,°C,Normal,57.39,97.0,Ethernet
1578,2024-04-10 07:43:00,SENSOR_056,Humedad,Cali,Norte,91.3,%,Critico,60.83,53.0,LoRaWAN
1579,2024-07-12 23:41:00,SENSOR_017,CO2,Bogota,Occidente,859.27,ppm,Alerta,9.31,84.0,4G
1580,2024-01-03 02:26:00,SENSOR_074,CO2,Medellin,Norte,300.09,ppm,Normal,94.12,100.0,Ethernet
1581,2024-06-08 21:02:00,SENSOR_091,CO2,Cali,Oriente,989.04,ppm,Alerta,17.92,80.0,4G
1582,2024-04-28 15:50:00,SENSOR_072,CO2,Cartagena,Sur,,ppm,Sin_Dato,54.42,86.0,4G
1583,2024-04-27 04:14:00,SENSOR_089,Humedad,Cali,Oriente,94.59,%,Critico,94.45,67.0,WiFi
1584,2024-12-16 14:18:00,SENSOR_009,PM2.5,Bogota,Sur,91.6,µg/m3,Critico,16.04,20.0,4G
1585,2024-12-03 17:52:00,SENSOR_014,CO2,Barranquilla,Centro,421.31,ppm,Normal,75.67,76.0,WiFi
1586,2024-04-09 03:38:00,SENSOR_026,Ruido,Bogota,Centro,62.96,dB,Normal,6.4,52.0,WiFi
1587,2024-08-15 09:06:00,SENSOR_072,CO2,Barranquilla,Sur,1268.79,ppm,Critico,54.58,91.0,4G
1588,2024-10-27 02:24:00,SENSOR_045,CO2,Medellin,Occidente,1008.33,ppm,Alerta,84.45,99.0,4G
1589,2024-12-11 06:06:00,SENSOR_026,Temperatura,Cali,Occidente,29.26,°C,Alerta,8.37,39.0,LoRaWAN
1590,2024-10-20 15:51:00,SENSOR_029,Temperatura,Barranquilla,Norte,17.42,°C,Normal,79.45,76.0,LoRaWAN
1591,2024-06-25 04:29:00,SENSOR_044,PM2.5,Medellin,Oriente,104.14,µg/m3,Critico,46.37,77.0,4G
1592,2024-06-08 11:48:00,SENSOR_092,PM2.5,Cali,Sur,67.92,µg/m3,Alerta,35.2,100.0,LoRaWAN
1593,2024-10-22 13:28:00,SENSOR_018,CO2,Cartagena,Centro,968.27,ppm,Alerta,31.29,66.0,Ethernet
1594,2024-09-01 08:23:00,SENSOR_046,Ruido,Bogota,Sur,71.7,dB,Alerta,5.92,62.0,LoRaWAN
1595,2024-03-19 00:24:00,SENSOR_006,Temperatura,Bucaramanga,Sur,25.0,°C,Normal,14.47,32.0,Ethernet
1596,2024-10-09 11:02:00,SENSOR_013,Humedad,Cartagena,Centro,49.17,%,Normal,69.79,42.0,4G
1597,2024-01-18 07:48:00,SENSOR_052,CO2,Barranquilla,Occidente,772.69,ppm,Normal,30.46,42.0,WiFi
1598,2024-03-01 05:09:00,SENSOR_086,Ruido,Medellin,Norte,86.02,dB,Critico,38.95,21.0,4G
1599,2024-10-31 03:30:00,SENSOR_098,Temperatura,Barranquilla,Centro,18.43,°C,Normal,93.4,64.0,LoRaWAN
1600,2024-11-16 12:15:00,SENSOR_082,Temperatura,Cartagena,Sur,11.1,°C,Normal,14.49,44.0,4G
1601,2024-12-03 15:40:00,SENSOR_077,CO2,Cartagena,Centro,1184.83,ppm,Alerta,7.66,28.0,WiFi
1602,2024-01-08 01:55:00,SENSOR_051,Humedad,Cali,Occidente,80.24,%,Alerta,,94.0,WiFi
1603,2024-01-03 04:30:00,SENSOR_036,Temperatura,Cali,Norte,20.71,°C,Normal,71.38,28.0,WiFi
1604,2024-08-06 08:59:00,SENSOR_081,Humedad,Cartagena,Centro,51.89,%,Normal,89.73,65.0,LoRaWAN
1605,2024-06-26 09:45:00,SENSOR_048,CO2,Barranquilla,Occidente,842.02,ppm,Alerta,10.64,92.0,WiFi
1606,2024-01-14 23:55:00,SENSOR_051,PM2.5,Cartagena,Oriente,67.87,µg/m3,Alerta,50.36,50.0,Ethernet
1607,2024-12-30 18:48:00,SENSOR_035,Humedad,Barranquilla,Norte,67.07,%,Normal,60.2,67.0,4G
1608,2024-01-15 22:27:00,SENSOR_001,Ruido,Bucaramanga,Oriente,90.12,dB,Critico,36.17,64.0,WiFi
1609,2024-02-23 01:38:00,SENSOR_064,CO2,Medellin,Oriente,1648.27,ppm,Critico,15.05,43.0,WiFi
1610,2024-05-16 00:02:00,SENSOR_085,Humedad,Cartagena,Norte,50.0,%,Normal,11.63,24.0,WiFi
1611,2024-11-03 02:42:00,SENSOR_087,Humedad,Bogota,Sur,,%,Sin_Dato,56.4,85.0,LoRaWAN
1612,2024-06-25 22:18:00,SENSOR_002,Temperatura,Medellin,Centro,21.1,°C,Normal,63.55,,LoRaWAN
1613,2024-11-28 10:35:00,SENSOR_043,PM2.5,Cartagena,Occidente,103.58,µg/m3,Critico,13.33,95.0,Ethernet
1614,2024-08-14 23:05:00,SENSOR_022,Humedad,Bucaramanga,Centro,45.62,%,Normal,88.82,38.0,Ethernet
1615,2024-09-26 10:59:00,SENSOR_046,Temperatura,Cartagena,Norte,34.58,°C,Critico,71.02,76.0,WiFi
1616,2024-03-07 03:26:00,SENSOR_045,PM2.5,Medellin,Norte,,µg/m3,Sin_Dato,71.54,97.0,4G
1617,2024-02-19 04:05:00,SENSOR_046,PM2.5,Cartagena,Centro,61.22,µg/m3,Alerta,,32.0,Ethernet
1618,2024-03-18 11:45:00,SENSOR_099,Ruido,Bogota,Occidente,59.14,dB,Normal,12.75,60.0,Ethernet
1619,2024-12-08 13:37:00,SENSOR_022,Ruido,Barranquilla,Centro,37.89,dB,Normal,99.28,50.0,Ethernet
1620,2024-06-06 05:57:00,SENSOR_009,PM2.5,Cartagena,Oriente,63.48,µg/m3,Alerta,90.43,55.0,LoRaWAN
1621,2024-08-14 10:58:00,SENSOR_007,PM2.5,Barranquilla,Centro,88.07,µg/m3,Critico,5.12,47.0,LoRaWAN
1622,2024-04-02 19:32:00,SENSOR_081,Humedad,Medellin,Norte,35.76,%,Alerta,98.8,36.0,WiFi
1623,2024-02-18 02:06:00,SENSOR_054,PM2.5,Cali,Occidente,85.63,µg/m3,Critico,74.89,36.0,WiFi
1624,2024-05-31 08:34:00,SENSOR_007,Humedad,Cali,Norte,38.49,%,Alerta,39.12,33.0,4G
1625,2024-09-28 13:26:00,SENSOR_092,Humedad,Medellin,Centro,57.17,%,Normal,43.68,20.0,WiFi
1626,2024-09-07 19:25:00,SENSOR_092,Ruido,Cartagena,Norte,58.13,dB,Normal,14.12,36.0,WiFi
1627,2024-01-17 16:31:00,SENSOR_084,Temperatura,Medellin,Occidente,32.09,°C,Critico,75.52,68.0,WiFi
1628,2024-04-25 20:50:00,SENSOR_075,Humedad,Barranquilla,Occidente,81.04,%,Alerta,85.0,55.0,WiFi
1629,2024-10-08 21:03:00,SENSOR_051,PM2.5,Medellin,Norte,104.89,µg/m3,Critico,44.88,,WiFi
1630,2024-09-24 03:54:00,SENSOR_052,Ruido,Cartagena,Sur,93.98,dB,Critico,76.55,69.0,4G
1631,2024-10-13 21:40:00,SENSOR_020,PM2.5,Bogota,Occidente,46.64,µg/m3,Alerta,60.22,52.0,LoRaWAN
1632,2024-01-27 08:15:00,SENSOR_057,Humedad,Bucaramanga,Oriente,69.3,%,Normal,26.35,21.0,LoRaWAN
1633,2024-10-01 11:18:00,SENSOR_022,Humedad,Bucaramanga,Norte,55.05,%,Normal,84.23,38.0,LoRaWAN
1634,2024-06-06 14:36:00,SENSOR_053,CO2,Barranquilla,Norte,1132.21,ppm,Alerta,68.98,85.0,WiFi
1635,2024-12-24 23:39:00,SENSOR_077,Temperatura,Barranquilla,Occidente,33.26,°C,Critico,27.81,30.0,Ethernet
1636,2024-07-10 23:57:00,SENSOR_029,CO2,Medellin,Occidente,1631.04,ppm,Critico,96.43,78.0,4G
1637,2024-09-23 05:54:00,SENSOR_086,PM2.5,Bogota,Sur,33.24,µg/m3,Normal,95.19,50.0,WiFi
1638,2024-02-27 07:07:00,SENSOR_091,Ruido,Cali,Occidente,59.3,dB,Normal,40.13,69.0,LoRaWAN
1639,2024-12-29 15:17:00,SENSOR_043,PM2.5,Bucaramanga,Oriente,87.86,µg/m3,Critico,73.57,62.0,4G
1640,2024-09-19 12:03:00,SENSOR_031,PM2.5,Bucaramanga,Sur,103.58,µg/m3,Critico,93.46,84.0,Ethernet
1641,2024-02-16 07:10:00,SENSOR_056,Humedad,Medellin,Sur,52.31,%,Normal,55.87,93.0,LoRaWAN
1642,2024-08-11 01:50:00,SENSOR_066,Humedad,Bogota,Sur,68.74,%,Normal,94.3,70.0,LoRaWAN
1643,2024-11-21 06:22:00,SENSOR_024,Temperatura,Bogota,Norte,34.52,°C,Critico,39.95,35.0,LoRaWAN
1644,2024-05-12 05:33:00,SENSOR_050,Temperatura,Bogota,Sur,33.84,°C,Critico,60.43,40.0,Ethernet
1645,2024-03-25 17:15:00,SENSOR_039,Humedad,Cali,Sur,33.63,%,Alerta,25.9,48.0,WiFi
1646,2024-01-14 03:49:00,SENSOR_004,Ruido,Cartagena,Centro,88.43,dB,Critico,18.5,67.0,Ethernet
1647,2024-03-08 06:25:00,SENSOR_072,Humedad,Cali,Sur,83.02,%,Alerta,75.22,84.0,Ethernet
1648,2024-07-08 03:39:00,SENSOR_035,Temperatura,Barranquilla,Oriente,14.85,°C,Normal,87.62,23.0,Ethernet
1649,2024-09-05 15:02:00,SENSOR_095,Ruido,Medellin,Norte,43.58,dB,Normal,69.79,44.0,Ethernet
1650,2024-01-03 11:30:00,SENSOR_015,Temperatura,Cali,Centro,25.73,°C,Normal,19.49,88.0,WiFi
1651,2024-01-18 21:40:00,SENSOR_048,Temperatura,Cali,Occidente,,°C,Sin_Dato,50.97,36.0,WiFi
1652,2024-08-13 03:27:00,SENSOR_024,Humedad,Cali,Oriente,31.72,%,Alerta,96.93,35.0,4G
1653,2024-10-16 19:29:00,SENSOR_068,Ruido,Barranquilla,Centro,94.05,dB,Critico,23.82,64.0,4G
1654,2024-10-11 13:07:00,SENSOR_023,PM2.5,Barranquilla,Centro,71.2,µg/m3,Alerta,51.04,36.0,LoRaWAN
1655,2024-09-13 11:59:00,SENSOR_085,Humedad,Barranquilla,Norte,39.8,%,Alerta,82.39,98.0,4G
1656,2024-05-06 22:13:00,SENSOR_001,Ruido,Cali,Sur,88.84,dB,Critico,26.1,36.0,4G
1657,2024-11-04 04:25:00,SENSOR_055,CO2,Bogota,Occidente,1004.31,ppm,Alerta,9.65,25.0,4G
1658,2024-10-10 07:50:00,SENSOR_078,PM2.5,Bucaramanga,Centro,100.42,µg/m3,Critico,8.66,,WiFi
1659,2024-04-23 13:47:00,SENSOR_051,PM2.5,Bogota,Sur,115.72,µg/m3,Critico,65.05,31.0,Ethernet
1660,2024-11-12 13:39:00,SENSOR_091,CO2,Cali,Occidente,1017.71,ppm,Alerta,76.61,46.0,4G
1661,2024-04-21 05:47:00,SENSOR_019,Temperatura,Medellin,Occidente,28.86,°C,Alerta,99.73,92.0,4G
1662,2024-05-14 01:56:00,SENSOR_023,Ruido,Barranquilla,Sur,46.9,dB,Normal,99.33,67.0,WiFi
1663,2024-10-10 16:57:00,SENSOR_032,Humedad,Barranquilla,Oriente,72.1,%,Normal,30.8,82.0,LoRaWAN
1664,2024-03-17 02:59:00,SENSOR_031,CO2,Bogota,Oriente,1138.34,ppm,Alerta,16.59,39.0,WiFi
1665,2024-02-22 05:41:00,SENSOR_029,Ruido,Bucaramanga,Norte,68.07,dB,Normal,42.93,80.0,LoRaWAN
1666,2024-10-08 03:52:00,SENSOR_009,Ruido,Cali,Sur,55.7,dB,Normal,80.93,28.0,LoRaWAN
1667,2024-03-03 23:18:00,SENSOR_055,Temperatura,Barranquilla,Sur,29.16,°C,Alerta,36.35,92.0,WiFi
1668,2024-09-30 18:38:00,SENSOR_076,CO2,Medellin,Occidente,1044.98,ppm,Alerta,10.72,37.0,WiFi
1669,2024-07-03 16:20:00,SENSOR_022,Temperatura,Bucaramanga,Norte,31.67,°C,Alerta,17.92,39.0,LoRaWAN
1670,2024-02-23 08:51:00,SENSOR_026,Ruido,Cartagena,Norte,75.32,dB,Alerta,58.82,24.0,Ethernet
1671,2024-06-06 00:13:00,SENSOR_010,Ruido,Medellin,Oriente,50.04,dB,Normal,98.58,76.0,Ethernet
1672,2024-01-21 14:53:00,SENSOR_059,PM2.5,Cali,Occidente,59.64,µg/m3,Alerta,38.48,46.0,LoRaWAN
1673,2024-05-27 19:56:00,SENSOR_015,Ruido,Cartagena,Centro,47.24,dB,Normal,68.85,62.0,4G
1674,2024-06-18 19:01:00,SENSOR_016,Humedad,Medellin,Centro,34.5,%,Alerta,78.59,68.0,LoRaWAN
1675,2024-07-24 22:05:00,SENSOR_073,CO2,Barranquilla,Oriente,1366.45,ppm,Critico,,91.0,Ethernet
1676,2024-10-15 02:21:00,SENSOR_040,Ruido,Cali,Occidente,54.35,dB,Normal,47.76,31.0,Ethernet
1677,2024-05-26 14:04:00,SENSOR_050,Temperatura,Cali,Oriente,18.27,°C,Normal,,60.0,4G
1678,2024-12-08 10:23:00,SENSOR_026,Ruido,Bogota,Occidente,71.73,dB,Alerta,96.47,34.0,LoRaWAN
1679,2024-04-10 00:25:00,SENSOR_073,Humedad,Barranquilla,Oriente,33.22,%,Alerta,49.27,,LoRaWAN
1680,2024-09-11 16:34:00,SENSOR_015,Humedad,Medellin,Occidente,73.84,%,Normal,27.3,60.0,LoRaWAN
1681,2024-09-01 05:31:00,SENSOR_079,CO2,Bucaramanga,Sur,951.94,ppm,Alerta,36.39,57.0,4G
1682,2024-08-11 20:03:00,SENSOR_091,CO2,Cali,Centro,893.28,ppm,Alerta,60.96,51.0,LoRaWAN
1683,2024-07-19 19:44:00,SENSOR_075,Humedad,Bucaramanga,Sur,47.53,%,Normal,6.63,91.0,4G
1684,2024-04-16 09:21:00,SENSOR_029,CO2,Bogota,Occidente,492.46,ppm,Normal,73.74,93.0,LoRaWAN
1685,2024-03-13 15:24:00,SENSOR_032,Temperatura,Medellin,Centro,29.01,°C,Alerta,10.81,81.0,WiFi
1686,2024-12-14 17:54:00,SENSOR_042,CO2,Cali,Occidente,1245.45,ppm,Critico,40.2,94.0,4G
1687,2024-04-01 12:05:00,SENSOR_005,Temperatura,Medellin,Centro,24.17,°C,Normal,41.24,98.0,4G
1688,2024-02-09 18:20:00,SENSOR_004,Temperatura,Medellin,Sur,12.87,°C,Normal,48.84,65.0,Ethernet
1689,2024-05-18 13:59:00,SENSOR_043,Ruido,Cartagena,Sur,71.1,dB,Alerta,81.59,98.0,4G
1690,2024-02-20 02:05:00,SENSOR_034,PM2.5,Barranquilla,Sur,34.83,µg/m3,Normal,41.85,48.0,LoRaWAN
1691,2024-02-04 23:52:00,SENSOR_027,Humedad,Cali,Norte,40.24,%,Normal,17.89,44.0,LoRaWAN
1692,2024-11-29 03:43:00,SENSOR_038,Ruido,Medellin,Sur,42.01,dB,Normal,68.01,73.0,Ethernet
1693,2024-01-21 09:41:00,SENSOR_005,Humedad,Cartagena,Sur,48.24,%,Normal,96.13,31.0,Ethernet
1694,2024-11-15 01:17:00,SENSOR_037,CO2,Bogota,Oriente,356.31,ppm,Normal,35.26,88.0,LoRaWAN
1695,2024-02-04 04:11:00,SENSOR_021,PM2.5,Medellin,Occidente,53.54,µg/m3,Alerta,47.6,40.0,4G
1696,2024-05-26 09:27:00,SENSOR_018,PM2.5,Cartagena,Norte,6.07,µg/m3,Normal,,93.0,WiFi
1697,2024-06-05 22:35:00,SENSOR_027,Temperatura,Bogota,Norte,16.34,°C,Normal,11.43,74.0,Ethernet
1698,2024-09-22 22:20:00,SENSOR_002,Humedad,Bucaramanga,Oriente,69.63,%,Normal,82.31,27.0,4G
1699,2024-07-21 10:17:00,SENSOR_083,Temperatura,Cali,Norte,32.59,°C,Critico,74.8,53.0,Ethernet
1700,2024-05-04 05:55:00,SENSOR_031,CO2,Bogota,Norte,1726.14,ppm,Critico,17.07,28.0,WiFi
1701,2024-03-07 04:00:00,SENSOR_059,Humedad,Barranquilla,Norte,38.61,%,Alerta,40.46,72.0,LoRaWAN
1702,2024-12-02 19:59:00,SENSOR_094,Ruido,Bogota,Oriente,51.93,dB,Normal,79.73,43.0,LoRaWAN
1703,2024-02-06 10:37:00,SENSOR_050,Humedad,Cali,Occidente,89.83,%,Alerta,69.38,63.0,WiFi
1704,2024-05-10 23:36:00,SENSOR_020,Temperatura,Cali,Occidente,24.62,°C,Normal,41.6,56.0,LoRaWAN
1705,2024-04-17 08:34:00,SENSOR_032,Humedad,Bucaramanga,Norte,80.01,%,Alerta,22.7,31.0,WiFi
1706,2024-03-27 19:37:00,SENSOR_068,Temperatura,Bucaramanga,Occidente,18.67,°C,Normal,44.51,98.0,WiFi
1707,2024-02-23 20:05:00,SENSOR_059,CO2,Bogota,Oriente,1496.91,ppm,Critico,61.84,95.0,LoRaWAN
1708,2024-09-15 11:22:00,SENSOR_023,Temperatura,Cartagena,Sur,14.32,°C,Normal,51.76,52.0,4G
1709,2024-06-09 10:13:00,SENSOR_072,Humedad,Bucaramanga,Norte,,%,Sin_Dato,19.22,42.0,Ethernet
1710,2024-08-21 09:11:00,SENSOR_088,Ruido,Cali,Occidente,47.5,dB,Normal,74.91,45.0,4G
1711,2024-07-30 02:18:00,SENSOR_038,Temperatura,Cali,Oriente,31.02,°C,Alerta,61.93,21.0,LoRaWAN
1712,2024-12-04 07:54:00,SENSOR_003,CO2,Medellin,Centro,866.28,ppm,Alerta,38.19,60.0,4G
1713,2024-11-22 08:46:00,SENSOR_064,Humedad,Cali,Occidente,71.25,%,Normal,95.02,60.0,Ethernet
1714,2024-06-18 18:57:00,SENSOR_035,Ruido,Medellin,Oriente,86.66,dB,Critico,39.08,73.0,WiFi
1715,2024-10-17 19:27:00,SENSOR_045,Humedad,Cartagena,Centro,38.7,%,Alerta,59.41,39.0,LoRaWAN
1716,2024-03-26 05:10:00,SENSOR_010,Humedad,Cali,Oriente,68.44,%,Normal,68.16,49.0,Ethernet
1717,2024-06-26 22:33:00,SENSOR_060,Ruido,Barranquilla,Norte,75.46,dB,Alerta,77.57,75.0,Ethernet
1718,2024-02-25 08:09:00,SENSOR_043,PM2.5,Barranquilla,Sur,79.33,µg/m3,Critico,14.22,33.0,4G
1719,2024-01-30 10:52:00,SENSOR_006,PM2.5,Cali,Occidente,30.81,µg/m3,Normal,11.1,42.0,4G
1720,2024-03-09 17:04:00,SENSOR_023,CO2,Bogota,Sur,1667.54,ppm,Critico,40.39,75.0,Ethernet
1721,2024-12-29 17:27:00,SENSOR_052,Temperatura,Cali,Centro,12.74,°C,Normal,57.85,59.0,LoRaWAN
1722,2024-04-07 06:13:00,SENSOR_087,Ruido,Bogota,Centro,95.32,dB,Critico,52.29,81.0,4G
1723,2024-08-16 09:55:00,SENSOR_067,Ruido,Cali,Oriente,91.56,dB,Critico,78.63,75.0,4G
1724,2024-06-07 12:47:00,SENSOR_038,Temperatura,Barranquilla,Norte,27.87,°C,Normal,18.76,43.0,WiFi
1725,2024-08-10 13:24:00,SENSOR_089,CO2,Bogota,Centro,679.4,ppm,Normal,97.4,82.0,WiFi
1726,2024-03-06 13:41:00,SENSOR_061,Humedad,Cartagena,Oriente,56.41,%,Normal,97.79,87.0,WiFi
1727,2024-04-27 03:38:00,SENSOR_066,Temperatura,Barranquilla,Norte,10.5,°C,Normal,46.04,41.0,WiFi
1728,2024-02-15 10:18:00,SENSOR_001,Humedad,Cali,Norte,42.57,%,Normal,87.93,,WiFi
1729,2024-08-25 20:24:00,SENSOR_023,PM2.5,Cali,Norte,68.23,µg/m3,Alerta,,40.0,Ethernet
1730,2024-05-04 10:58:00,SENSOR_085,Temperatura,Cartagena,Occidente,19.95,°C,Normal,20.58,75.0,4G
1731,2024-06-14 09:31:00,SENSOR_023,PM2.5,Cartagena,Norte,49.32,µg/m3,Alerta,96.18,81.0,Ethernet
1732,2024-03-01 15:48:00,SENSOR_065,PM2.5,Cali,Centro,91.25,µg/m3,Critico,21.82,51.0,Ethernet
1733,2024-08-09 21:04:00,SENSOR_100,Temperatura,Bogota,Centro,26.6,°C,Normal,24.11,97.0,4G
1734,2024-03-13 04:45:00,SENSOR_087,Humedad,Cartagena,Occidente,42.14,%,Normal,74.19,81.0,LoRaWAN
1735,2024-01-15 09:45:00,SENSOR_052,Ruido,Bucaramanga,Oriente,37.82,dB,Normal,73.72,41.0,WiFi
1736,2024-03-14 03:30:00,SENSOR_084,Temperatura,Cali,Norte,21.68,°C,Normal,43.93,84.0,WiFi
1737,2024-09-13 13:38:00,SENSOR_076,PM2.5,Bucaramanga,Occidente,67.22,µg/m3,Alerta,67.77,22.0,4G
1738,2024-10-11 13:32:00,SENSOR_049,PM2.5,Cali,Oriente,24.64,µg/m3,Normal,59.6,61.0,Ethernet
1739,2024-05-28 15:36:00,SENSOR_040,PM2.5,Cartagena,Occidente,114.53,µg/m3,Critico,26.23,75.0,WiFi
1740,2024-11-19 13:21:00,SENSOR_095,PM2.5,Cali,Norte,7.58,µg/m3,Normal,50.14,72.0,Ethernet
1741,2024-08-09 17:44:00,SENSOR_009,PM2.5,Bucaramanga,Occidente,7.48,µg/m3,Normal,,78.0,LoRaWAN
1742,2024-12-28 15:42:00,SENSOR_033,PM2.5,Cartagena,Sur,37.69,µg/m3,Alerta,95.59,97.0,LoRaWAN
1743,2024-03-22 22:51:00,SENSOR_053,CO2,Bucaramanga,Norte,1078.48,ppm,Alerta,24.59,88.0,WiFi
1744,2024-10-04 07:19:00,SENSOR_038,Temperatura,Cartagena,Occidente,17.9,°C,Normal,20.83,70.0,WiFi
1745,2024-08-25 20:55:00,SENSOR_022,Humedad,Bogota,Centro,92.48,%,Critico,43.02,27.0,WiFi
1746,2024-05-10 10:43:00,SENSOR_035,CO2,Cartagena,Sur,1455.26,ppm,Critico,,93.0,4G
1747,2024-01-30 23:07:00,SENSOR_043,PM2.5,Bucaramanga,Sur,76.17,µg/m3,Critico,29.88,33.0,LoRaWAN
1748,2024-10-29 22:01:00,SENSOR_031,Ruido,Bogota,Norte,94.49,dB,Critico,25.22,69.0,Ethernet
1749,2024-03-15 03:28:00,SENSOR_076,Humedad,Cartagena,Sur,,%,Sin_Dato,38.96,91.0,LoRaWAN
1750,2024-05-19 12:08:00,SENSOR_057,Ruido,Cartagena,Sur,38.37,dB,Normal,91.83,35.0,Ethernet
1751,2024-04-27 23:04:00,SENSOR_054,Temperatura,Barranquilla,Centro,28.75,°C,Alerta,89.41,49.0,LoRaWAN
1752,2024-08-03 06:26:00,SENSOR_039,PM2.5,Cali,Norte,9.98,µg/m3,Normal,68.2,91.0,Ethernet
1753,2024-09-29 12:03:00,SENSOR_022,Ruido,Cali,Centro,85.58,dB,Critico,91.47,75.0,Ethernet
1754,2024-04-09 16:58:00,SENSOR_041,Humedad,Bucaramanga,Norte,41.75,%,Normal,36.52,57.0,Ethernet
1755,2024-01-22 09:47:00,SENSOR_034,Ruido,Bucaramanga,Sur,54.73,dB,Normal,79.62,48.0,Ethernet
1756,2024-08-25 13:45:00,SENSOR_022,PM2.5,Bogota,Norte,5.7,µg/m3,Normal,97.1,64.0,4G
1757,2024-03-15 00:04:00,SENSOR_022,Temperatura,Barranquilla,Occidente,,°C,Sin_Dato,17.13,31.0,WiFi
1758,2024-12-09 22:03:00,SENSOR_031,Ruido,Barranquilla,Norte,62.66,dB,Normal,66.04,99.0,LoRaWAN
1759,2024-08-21 17:37:00,SENSOR_092,PM2.5,Barranquilla,Sur,25.81,µg/m3,Normal,21.18,37.0,LoRaWAN
1760,2024-03-14 20:08:00,SENSOR_052,CO2,Bogota,Occidente,1222.42,ppm,Critico,10.2,87.0,WiFi
1761,2024-09-21 12:39:00,SENSOR_040,CO2,Cartagena,Centro,760.88,ppm,Normal,77.65,65.0,4G
1762,2024-08-04 16:17:00,SENSOR_057,Temperatura,Cartagena,Sur,31.1,°C,Alerta,60.16,93.0,Ethernet
1763,2024-05-25 05:26:00,SENSOR_034,Humedad,Cali,Occidente,,%,Sin_Dato,53.5,44.0,WiFi
1764,2024-06-07 13:51:00,SENSOR_054,Humedad,Bogota,Centro,71.88,%,Normal,98.14,24.0,Ethernet
1765,2024-05-07 11:47:00,SENSOR_072,Humedad,Bogota,Sur,60.89,%,Normal,,75.0,4G
1766,2024-08-18 01:58:00,SENSOR_088,Humedad,Bogota,Sur,74.95,%,Normal,84.01,61.0,4G
1767,2024-12-17 10:35:00,SENSOR_066,PM2.5,Bogota,Centro,17.35,µg/m3,Normal,50.44,68.0,Ethernet
1768,2024-03-04 19:18:00,SENSOR_095,Ruido,Bucaramanga,Oriente,73.51,dB,Alerta,93.55,48.0,4G
1769,2024-10-15 09:32:00,SENSOR_018,PM2.5,Cartagena,Occidente,48.25,µg/m3,Alerta,29.89,26.0,WiFi
1770,2024-01-27 21:25:00,SENSOR_015,PM2.5,Bogota,Occidente,60.16,µg/m3,Alerta,55.47,63.0,4G
1771,2024-03-10 07:44:00,SENSOR_091,PM2.5,Bogota,Occidente,65.04,µg/m3,Alerta,21.17,55.0,LoRaWAN
1772,2024-11-29 09:00:00,SENSOR_075,Humedad,Cali,Oriente,86.99,%,Alerta,89.53,93.0,LoRaWAN
1773,2024-04-02 01:19:00,SENSOR_067,PM2.5,Barranquilla,Centro,21.5,µg/m3,Normal,60.46,97.0,WiFi
1774,2024-04-10 05:45:00,SENSOR_039,Humedad,Cartagena,Occidente,88.97,%,Alerta,12.79,,LoRaWAN
1775,2024-08-05 21:45:00,SENSOR_034,CO2,Cali,Centro,609.17,ppm,Normal,88.02,70.0,WiFi
1776,2024-03-01 10:31:00,SENSOR_024,Temperatura,Barranquilla,Norte,22.57,°C,Normal,85.65,30.0,4G
1777,2024-12-24 00:48:00,SENSOR_069,CO2,Bogota,Sur,1631.26,ppm,Critico,,93.0,4G
1778,2024-03-17 17:24:00,SENSOR_057,Temperatura,Bucaramanga,Occidente,13.7,°C,Normal,92.84,48.0,LoRaWAN
1779,2024-03-06 02:54:00,SENSOR_081,PM2.5,Barranquilla,Sur,7.38,µg/m3,Normal,96.31,,LoRaWAN
1780,2024-05-22 02:38:00,SENSOR_017,Temperatura,Barranquilla,Oriente,13.04,°C,Normal,79.79,51.0,4G
1781,2024-12-11 09:10:00,SENSOR_040,CO2,Medellin,Sur,1385.26,ppm,Critico,10.61,88.0,WiFi
1782,2024-03-30 13:52:00,SENSOR_006,Temperatura,Cali,Sur,17.48,°C,Normal,24.63,63.0,Ethernet
1783,2024-05-29 17:50:00,SENSOR_049,Ruido,Bucaramanga,Norte,79.86,dB,Alerta,61.96,46.0,LoRaWAN
1784,2024-06-25 05:09:00,SENSOR_080,CO2,Bogota,Centro,1763.14,ppm,Critico,84.95,66.0,LoRaWAN
1785,2024-11-23 22:39:00,SENSOR_086,CO2,Medellin,Centro,1530.62,ppm,Critico,51.3,64.0,WiFi
1786,2024-03-14 17:40:00,SENSOR_049,Ruido,Cali,Norte,74.87,dB,Alerta,84.64,80.0,Ethernet
1787,2024-05-12 07:37:00,SENSOR_059,PM2.5,Bogota,Norte,119.63,µg/m3,Critico,43.94,51.0,LoRaWAN
1788,2024-05-08 22:51:00,SENSOR_067,CO2,Bogota,Oriente,1525.5,ppm,Critico,12.27,99.0,Ethernet
1789,2024-08-23 10:35:00,SENSOR_082,PM2.5,Medellin,Sur,78.0,µg/m3,Critico,83.68,67.0,WiFi
1790,2024-01-28 06:53:00,SENSOR_025,PM2.5,Barranquilla,Occidente,,µg/m3,Sin_Dato,25.33,82.0,Ethernet
1791,2024-05-31 20:20:00,SENSOR_055,Temperatura,Medellin,Occidente,16.48,°C,Normal,16.03,49.0,LoRaWAN
1792,2024-06-02 22:44:00,SENSOR_003,PM2.5,Cartagena,Oriente,53.11,µg/m3,Alerta,71.04,97.0,WiFi
1793,2024-05-06 11:38:00,SENSOR_023,CO2,Cartagena,Occidente,1063.72,ppm,Alerta,87.76,64.0,WiFi
1794,2024-06-21 16:08:00,SENSOR_099,Ruido,Cali,Occidente,66.91,dB,Normal,89.39,,Ethernet
1795,2024-03-28 05:58:00,SENSOR_014,Temperatura,Bucaramanga,Sur,33.68,°C,Critico,77.2,84.0,Ethernet
1796,2024-05-29 16:11:00,SENSOR_071,CO2,Bucaramanga,Oriente,633.67,ppm,Normal,43.45,77.0,WiFi
1797,2024-07-01 19:44:00,SENSOR_013,PM2.5,Medellin,Centro,,µg/m3,Sin_Dato,94.5,85.0,Ethernet
1798,2024-01-17 21:18:00,SENSOR_024,Ruido,Cartagena,Norte,52.19,dB,Normal,8.75,41.0,4G
1799,2024-03-02 21:21:00,SENSOR_079,Ruido,Bogota,Sur,35.48,dB,Normal,11.3,83.0,LoRaWAN
1800,2024-03-13 14:28:00,SENSOR_073,CO2,Medellin,Norte,1471.17,ppm,Critico,66.11,81.0,LoRaWAN
1801,2024-03-12 22:29:00,SENSOR_082,CO2,Medellin,Norte,998.42,ppm,Alerta,74.86,69.0,LoRaWAN
1802,2024-10-23 06:38:00,SENSOR_027,CO2,Medellin,Norte,1044.01,ppm,Alerta,18.69,53.0,4G
1803,2024-05-05 12:45:00,SENSOR_054,PM2.5,Bogota,Centro,10.94,µg/m3,Normal,41.34,68.0,4G
1804,2024-02-06 14:21:00,SENSOR_061,PM2.5,Bogota,Norte,84.86,µg/m3,Critico,93.75,24.0,WiFi
1805,2024-09-01 02:24:00,SENSOR_100,Ruido,Medellin,Oriente,39.56,dB,Normal,43.88,23.0,WiFi
1806,2024-09-03 19:49:00,SENSOR_060,CO2,Bucaramanga,Occidente,,ppm,Sin_Dato,28.12,92.0,WiFi
1807,2024-01-19 22:19:00,SENSOR_060,Ruido,Medellin,Occidente,83.92,dB,Alerta,47.89,33.0,4G
1808,2024-10-04 04:46:00,SENSOR_073,Ruido,Bogota,Occidente,77.58,dB,Alerta,22.64,,LoRaWAN
1809,2024-08-18 06:13:00,SENSOR_091,Temperatura,Cali,Oriente,12.77,°C,Normal,81.74,80.0,WiFi
1810,2024-11-27 03:59:00,SENSOR_033,Ruido,Cali,Norte,98.59,dB,Critico,77.16,36.0,4G
1811,2024-09-19 12:59:00,SENSOR_019,Temperatura,Bogota,Oriente,14.53,°C,Normal,30.64,22.0,LoRaWAN
1812,2024-08-10 03:51:00,SENSOR_095,Humedad,Bucaramanga,Oriente,31.47,%,Alerta,44.96,60.0,WiFi
1813,2024-06-12 14:01:00,SENSOR_017,Temperatura,Bucaramanga,Oriente,25.07,°C,Normal,57.93,37.0,LoRaWAN
1814,2024-09-08 04:22:00,SENSOR_089,PM2.5,Cali,Occidente,48.96,µg/m3,Alerta,15.1,60.0,WiFi
1815,2024-05-04 07:42:00,SENSOR_056,CO2,Cartagena,Oriente,1503.5,ppm,Critico,29.25,85.0,Ethernet
1816,2024-04-02 09:46:00,SENSOR_028,Temperatura,Bucaramanga,Oriente,22.5,°C,Normal,48.34,,4G
1817,2024-11-15 04:13:00,SENSOR_085,PM2.5,Cartagena,Centro,8.74,µg/m3,Normal,85.41,75.0,LoRaWAN
1818,2024-02-01 18:10:00,SENSOR_007,PM2.5,Bucaramanga,Occidente,93.38,µg/m3,Critico,24.15,100.0,4G
1819,2024-05-23 17:28:00,SENSOR_042,PM2.5,Medellin,Sur,55.26,µg/m3,Alerta,95.31,35.0,4G
1820,2024-10-25 17:05:00,SENSOR_041,Humedad,Cali,Oriente,85.62,%,Alerta,99.8,82.0,4G
1821,2024-01-11 14:11:00,SENSOR_046,Humedad,Cali,Centro,30.13,%,Alerta,,68.0,4G
1822,2024-07-31 09:39:00,SENSOR_096,Ruido,Barranquilla,Oriente,42.23,dB,Normal,,93.0,WiFi
1823,2024-03-29 08:11:00,SENSOR_033,Temperatura,Bogota,Oriente,,°C,Sin_Dato,85.79,100.0,4G
1824,2024-06-20 04:37:00,SENSOR_018,Humedad,Barranquilla,Oriente,78.24,%,Normal,55.53,78.0,WiFi
1825,2024-10-09 16:22:00,SENSOR_002,CO2,Cartagena,Sur,1563.97,ppm,Critico,86.18,74.0,Ethernet
1826,2024-07-06 21:06:00,SENSOR_050,Temperatura,Medellin,Centro,,°C,Sin_Dato,84.91,55.0,4G
1827,2024-06-30 08:18:00,SENSOR_056,Humedad,Bogota,Centro,35.36,%,Alerta,88.83,97.0,LoRaWAN
1828,2024-07-07 16:45:00,SENSOR_043,PM2.5,Cartagena,Norte,40.54,µg/m3,Alerta,22.97,21.0,WiFi
1829,2024-09-21 08:12:00,SENSOR_027,CO2,Cali,Norte,344.96,ppm,Normal,94.63,52.0,LoRaWAN
1830,2024-07-18 00:55:00,SENSOR_052,Humedad,Bucaramanga,Oriente,36.21,%,Alerta,30.36,22.0,4G
1831,2024-03-07 16:51:00,SENSOR_089,Humedad,Cartagena,Norte,63.37,%,Normal,77.87,39.0,Ethernet
1832,2024-04-12 11:34:00,SENSOR_005,PM2.5,Cartagena,Sur,62.14,µg/m3,Alerta,90.96,65.0,4G
1833,2024-10-26 16:59:00,SENSOR_040,CO2,Medellin,Norte,326.1,ppm,Normal,20.15,91.0,4G
1834,2024-08-29 18:23:00,SENSOR_014,Ruido,Cartagena,Centro,75.84,dB,Alerta,97.58,22.0,LoRaWAN
1835,2024-10-16 12:15:00,SENSOR_015,Ruido,Bogota,Centro,49.24,dB,Normal,43.8,36.0,4G
1836,2024-04-14 08:46:00,SENSOR_059,Temperatura,Bogota,Centro,28.64,°C,Alerta,98.44,100.0,Ethernet
1837,2024-02-19 23:38:00,SENSOR_045,Temperatura,Bogota,Norte,16.61,°C,Normal,40.55,74.0,Ethernet
1838,2024-08-24 17:34:00,SENSOR_029,CO2,Barranquilla,Sur,369.01,ppm,Normal,67.23,76.0,Ethernet
1839,2024-06-08 07:09:00,SENSOR_082,Temperatura,Cali,Oriente,12.2,°C,Normal,39.77,100.0,4G
1840,2024-08-13 02:23:00,SENSOR_063,Humedad,Medellin,Sur,92.47,%,Critico,99.92,40.0,LoRaWAN
1841,2024-03-14 22:50:00,SENSOR_096,Ruido,Barranquilla,Norte,46.91,dB,Normal,5.36,73.0,Ethernet
1842,2024-09-12 15:36:00,SENSOR_090,Humedad,Bucaramanga,Norte,34.98,%,Alerta,88.54,72.0,Ethernet
1843,2024-07-15 06:56:00,SENSOR_080,Ruido,Cali,Oriente,78.06,dB,Alerta,65.72,24.0,Ethernet
1844,2024-03-20 06:20:00,SENSOR_066,PM2.5,Cali,Occidente,39.65,µg/m3,Alerta,27.35,46.0,LoRaWAN
1845,2024-02-09 01:33:00,SENSOR_040,Ruido,Barranquilla,Oriente,96.59,dB,Critico,36.95,52.0,LoRaWAN
1846,2024-04-29 03:35:00,SENSOR_046,Humedad,Cali,Occidente,,%,Sin_Dato,70.64,31.0,WiFi
1847,2024-03-14 14:25:00,SENSOR_086,Ruido,Barranquilla,Occidente,70.54,dB,Alerta,18.94,74.0,4G
1848,2024-08-11 08:22:00,SENSOR_029,CO2,Cali,Occidente,1596.0,ppm,Critico,73.78,55.0,Ethernet
1849,2024-01-17 21:26:00,SENSOR_052,Temperatura,Bucaramanga,Sur,12.46,°C,Normal,9.16,67.0,LoRaWAN
1850,2024-05-22 18:37:00,SENSOR_085,Temperatura,Barranquilla,Sur,14.66,°C,Normal,16.25,59.0,Ethernet
1851,2024-01-04 01:14:00,SENSOR_031,Temperatura,Bucaramanga,Norte,26.05,°C,Normal,10.02,40.0,WiFi
1852,2024-05-26 19:59:00,SENSOR_014,PM2.5,Cartagena,Oriente,76.63,µg/m3,Critico,9.7,55.0,WiFi
1853,2024-01-10 14:47:00,SENSOR_027,Temperatura,Cali,Oriente,28.76,°C,Alerta,14.4,91.0,Ethernet
1854,2024-02-03 04:41:00,SENSOR_100,Ruido,Barranquilla,Centro,45.11,dB,Normal,38.7,26.0,LoRaWAN
1855,2024-03-12 17:47:00,SENSOR_075,Ruido,Barranquilla,Sur,56.36,dB,Normal,5.9,46.0,Ethernet
1856,2024-09-05 02:37:00,SENSOR_029,Humedad,Cali,Occidente,31.47,%,Alerta,58.02,76.0,WiFi
1857,2024-12-09 11:05:00,SENSOR_018,Temperatura,Bucaramanga,Occidente,21.7,°C,Normal,15.05,,WiFi
1858,2024-12-08 05:31:00,SENSOR_020,PM2.5,Medellin,Norte,72.63,µg/m3,Alerta,28.87,35.0,4G
1859,2024-12-19 06:52:00,SENSOR_044,Ruido,Medellin,Centro,71.38,dB,Alerta,90.78,56.0,WiFi
1860,2024-09-23 18:11:00,SENSOR_046,Temperatura,Bucaramanga,Occidente,,°C,Sin_Dato,68.57,37.0,4G
1861,2024-10-14 19:41:00,SENSOR_024,Ruido,Medellin,Centro,86.31,dB,Critico,68.54,65.0,Ethernet
1862,2024-07-08 00:31:00,SENSOR_051,Temperatura,Barranquilla,Oriente,21.06,°C,Normal,11.3,35.0,4G
1863,2024-09-22 13:11:00,SENSOR_090,Temperatura,Barranquilla,Norte,28.39,°C,Alerta,89.99,69.0,WiFi
1864,2024-01-04 05:06:00,SENSOR_062,Humedad,Bogota,Norte,93.65,%,Critico,66.63,40.0,LoRaWAN
1865,2024-06-03 06:53:00,SENSOR_090,PM2.5,Barranquilla,Centro,30.55,µg/m3,Normal,56.47,28.0,4G
1866,2024-01-18 04:10:00,SENSOR_002,Ruido,Cali,Centro,87.62,dB,Critico,35.06,38.0,WiFi
1867,2024-09-25 04:31:00,SENSOR_010,CO2,Bucaramanga,Oriente,1371.46,ppm,Critico,71.34,51.0,4G
1868,2024-08-28 07:04:00,SENSOR_030,Temperatura,Cali,Occidente,18.15,°C,Normal,88.64,83.0,Ethernet
1869,2024-07-08 00:25:00,SENSOR_099,PM2.5,Medellin,Oriente,72.3,µg/m3,Alerta,96.12,51.0,LoRaWAN
1870,2024-08-21 17:02:00,SENSOR_096,PM2.5,Bogota,Norte,109.17,µg/m3,Critico,36.3,49.0,LoRaWAN
1871,2024-12-28 10:49:00,SENSOR_065,CO2,Bogota,Sur,864.57,ppm,Alerta,9.33,96.0,Ethernet
1872,2024-04-27 01:46:00,SENSOR_030,Temperatura,Barranquilla,Oriente,29.67,°C,Alerta,75.12,55.0,Ethernet
1873,2024-12-02 20:06:00,SENSOR_060,CO2,Medellin,Centro,452.62,ppm,Normal,10.81,35.0,LoRaWAN
1874,2024-10-06 19:40:00,SENSOR_034,PM2.5,Barranquilla,Oriente,91.55,µg/m3,Critico,73.65,82.0,LoRaWAN
1875,2024-08-11 11:23:00,SENSOR_030,Humedad,Cartagena,Centro,49.27,%,Normal,33.66,78.0,4G
1876,2024-10-06 03:02:00,SENSOR_007,Humedad,Medellin,Occidente,80.09,%,Alerta,55.17,77.0,4G
1877,2024-08-06 15:22:00,SENSOR_006,Ruido,Bucaramanga,Oriente,35.67,dB,Normal,40.84,81.0,WiFi
1878,2024-05-30 09:19:00,SENSOR_044,Ruido,Medellin,Occidente,79.96,dB,Alerta,16.91,75.0,Ethernet
1879,2024-02-07 22:49:00,SENSOR_053,CO2,Barranquilla,Centro,1704.19,ppm,Critico,61.18,27.0,LoRaWAN
1880,2024-09-26 19:14:00,SENSOR_100,Temperatura,Medellin,Sur,10.63,°C,Normal,84.25,80.0,4G
1881,2024-10-31 11:10:00,SENSOR_096,PM2.5,Bogota,Sur,54.34,µg/m3,Alerta,5.84,61.0,Ethernet
1882,2024-11-23 20:22:00,SENSOR_008,PM2.5,Barranquilla,Oriente,58.29,µg/m3,Alerta,37.7,29.0,WiFi
1883,2024-06-24 15:58:00,SENSOR_068,Humedad,Cali,Norte,85.92,%,Alerta,17.37,43.0,WiFi
1884,2024-05-08 04:56:00,SENSOR_023,Ruido,Barranquilla,Norte,84.5,dB,Alerta,83.86,82.0,Ethernet
1885,2024-03-28 21:14:00,SENSOR_063,Humedad,Bogota,Oriente,49.14,%,Normal,56.6,54.0,Ethernet
1886,2024-06-18 10:32:00,SENSOR_005,Temperatura,Cali,Norte,33.88,°C,Critico,,42.0,4G
1887,2024-01-22 13:05:00,SENSOR_024,PM2.5,Barranquilla,Oriente,6.6,µg/m3,Normal,89.6,70.0,LoRaWAN
1888,2024-12-26 18:42:00,SENSOR_010,PM2.5,Bogota,Oriente,,µg/m3,Sin_Dato,49.13,22.0,4G
1889,2024-02-28 12:49:00,SENSOR_052,Temperatura,Medellin,Oriente,27.13,°C,Normal,32.66,43.0,Ethernet
1890,2024-11-30 02:46:00,SENSOR_024,Ruido,Cali,Sur,90.43,dB,Critico,46.85,76.0,Ethernet
1891,2024-06-24 23:25:00,SENSOR_072,Humedad,Bogota,Occidente,32.11,%,Alerta,93.31,40.0,LoRaWAN
1892,2024-08-24 16:39:00,SENSOR_014,Humedad,Barranquilla,Occidente,44.62,%,Normal,20.01,43.0,WiFi
1893,2024-04-26 13:20:00,SENSOR_074,Humedad,Bogota,Oriente,33.1,%,Alerta,58.51,36.0,Ethernet
1894,2024-11-01 16:12:00,SENSOR_058,Humedad,Bucaramanga,Sur,40.8,%,Normal,38.81,82.0,LoRaWAN
1895,2024-09-29 01:44:00,SENSOR_003,PM2.5,Bucaramanga,Centro,55.01,µg/m3,Alerta,44.78,66.0,Ethernet
1896,2024-01-16 19:14:00,SENSOR_022,Temperatura,Bogota,Occidente,33.06,°C,Critico,85.03,25.0,4G
1897,2024-05-15 13:34:00,SENSOR_099,CO2,Bogota,Sur,657.29,ppm,Normal,29.61,24.0,4G
1898,2024-05-06 05:33:00,SENSOR_021,Humedad,Cali,Norte,30.43,%,Alerta,38.96,67.0,LoRaWAN
1899,2024-09-07 12:45:00,SENSOR_008,Humedad,Bogota,Occidente,48.44,%,Normal,69.88,71.0,LoRaWAN
1900,2024-05-31 13:42:00,SENSOR_080,Humedad,Medellin,Norte,49.15,%,Normal,92.32,36.0,WiFi
1901,2024-01-20 09:46:00,SENSOR_045,Humedad,Cartagena,Occidente,84.06,%,Alerta,76.5,94.0,WiFi
1902,2024-11-19 13:14:00,SENSOR_100,Ruido,Cali,Occidente,91.85,dB,Critico,17.72,38.0,4G
1903,2024-12-27 11:26:00,SENSOR_052,Ruido,Medellin,Centro,73.22,dB,Alerta,11.23,,4G
1904,2024-07-14 07:09:00,SENSOR_083,Humedad,Bogota,Occidente,52.22,%,Normal,14.29,70.0,Ethernet
1905,2024-02-25 08:25:00,SENSOR_090,Ruido,Medellin,Centro,81.97,dB,Alerta,45.24,80.0,LoRaWAN
1906,2024-04-20 01:26:00,SENSOR_086,CO2,Cartagena,Oriente,1645.95,ppm,Critico,7.41,35.0,Ethernet
1907,2024-06-15 10:31:00,SENSOR_004,PM2.5,Bogota,Occidente,90.31,µg/m3,Critico,30.52,54.0,WiFi
1908,2024-05-19 02:52:00,SENSOR_022,Temperatura,Barranquilla,Centro,15.76,°C,Normal,5.94,46.0,4G
1909,2024-03-14 02:02:00,SENSOR_075,CO2,Barranquilla,Centro,1561.97,ppm,Critico,46.95,79.0,4G
1910,2024-07-09 00:03:00,SENSOR_060,CO2,Cartagena,Norte,676.99,ppm,Normal,97.22,50.0,LoRaWAN
1911,2024-08-21 23:45:00,SENSOR_090,PM2.5,Cartagena,Centro,111.68,µg/m3,Critico,,81.0,Ethernet
1912,2024-01-31 04:20:00,SENSOR_056,PM2.5,Bucaramanga,Oriente,29.03,µg/m3,Normal,21.16,91.0,Ethernet
1913,2024-09-14 23:40:00,SENSOR_013,Temperatura,Cali,Occidente,21.68,°C,Normal,32.53,27.0,LoRaWAN
1914,2024-09-18 14:49:00,SENSOR_095,Humedad,Cartagena,Occidente,65.2,%,Normal,35.46,81.0,4G
1915,2024-10-21 13:41:00,SENSOR_023,CO2,Bogota,Occidente,487.99,ppm,Normal,20.99,47.0,LoRaWAN
1916,2024-09-28 18:42:00,SENSOR_011,Humedad,Cartagena,Oriente,41.22,%,Normal,5.82,43.0,LoRaWAN
1917,2024-10-22 10:43:00,SENSOR_022,Humedad,Cali,Oriente,42.27,%,Normal,88.68,31.0,4G
1918,2024-04-28 08:20:00,SENSOR_032,CO2,Cali,Centro,562.5,ppm,Normal,,,Ethernet
1919,2024-10-14 04:58:00,SENSOR_022,Temperatura,Barranquilla,Oriente,19.96,°C,Normal,83.95,26.0,LoRaWAN
1920,2024-11-09 08:11:00,SENSOR_025,Ruido,Medellin,Centro,77.06,dB,Alerta,,29.0,WiFi
1921,2024-03-02 11:02:00,SENSOR_074,CO2,Medellin,Norte,1108.11,ppm,Alerta,20.23,31.0,WiFi
1922,2024-06-10 19:06:00,SENSOR_049,Ruido,Bogota,Centro,95.56,dB,Critico,51.16,71.0,LoRaWAN
1923,2024-10-18 10:35:00,SENSOR_015,Temperatura,Barranquilla,Oriente,20.9,°C,Normal,31.73,65.0,WiFi
1924,2024-01-11 17:20:00,SENSOR_074,Ruido,Cali,Norte,52.64,dB,Normal,83.49,48.0,WiFi
1925,2024-05-29 16:52:00,SENSOR_026,Temperatura,Bucaramanga,Centro,29.81,°C,Alerta,72.69,58.0,4G
1926,2024-05-25 16:07:00,SENSOR_092,CO2,Bogota,Oriente,1525.69,ppm,Critico,76.14,79.0,Ethernet
1927,2024-10-09 19:06:00,SENSOR_067,Ruido,Cali,Oriente,83.88,dB,Alerta,70.79,97.0,LoRaWAN
1928,2024-05-11 02:47:00,SENSOR_080,Ruido,Bogota,Sur,65.77,dB,Normal,14.51,22.0,WiFi
1929,2024-12-26 00:30:00,SENSOR_080,Humedad,Cartagena,Occidente,75.33,%,Normal,21.03,76.0,LoRaWAN
1930,2024-07-13 03:19:00,SENSOR_099,Ruido,Cali,Centro,52.46,dB,Normal,36.85,69.0,LoRaWAN
1931,2024-11-22 16:28:00,SENSOR_073,CO2,Bogota,Norte,1459.07,ppm,Critico,26.41,37.0,Ethernet
1932,2024-01-31 04:36:00,SENSOR_036,Humedad,Barranquilla,Oriente,58.2,%,Normal,11.01,,WiFi
1933,2024-09-03 18:46:00,SENSOR_030,CO2,Cartagena,Sur,1715.41,ppm,Critico,42.13,61.0,WiFi
1934,2024-01-24 16:00:00,SENSOR_075,PM2.5,Medellin,Oriente,82.28,µg/m3,Critico,51.43,72.0,WiFi
1935,2024-08-01 19:01:00,SENSOR_029,PM2.5,Bucaramanga,Occidente,29.41,µg/m3,Normal,74.14,77.0,LoRaWAN
1936,2024-10-29 15:47:00,SENSOR_033,Humedad,Bucaramanga,Oriente,55.2,%,Normal,57.58,28.0,LoRaWAN
1937,2024-08-04 05:18:00,SENSOR_089,CO2,Bogota,Occidente,1419.82,ppm,Critico,94.15,80.0,4G
1938,2024-03-21 02:19:00,SENSOR_002,CO2,Cartagena,Sur,981.63,ppm,Alerta,58.4,,4G
1939,2024-09-21 13:50:00,SENSOR_053,CO2,Bucaramanga,Centro,641.84,ppm,Normal,30.37,85.0,4G
1940,2024-06-02 20:16:00,SENSOR_004,Ruido,Bucaramanga,Oriente,36.45,dB,Normal,71.58,35.0,4G
1941,2024-05-13 06:47:00,SENSOR_095,Ruido,Medellin,Oriente,65.9,dB,Normal,31.71,22.0,Ethernet
1942,2024-11-09 18:39:00,SENSOR_043,CO2,Medellin,Occidente,1512.51,ppm,Critico,49.72,73.0,4G
1943,2024-08-09 20:40:00,SENSOR_088,PM2.5,Medellin,Occidente,62.93,µg/m3,Alerta,42.98,60.0,LoRaWAN
1944,2024-01-16 22:51:00,SENSOR_086,PM2.5,Barranquilla,Sur,100.27,µg/m3,Critico,10.57,91.0,Ethernet
1945,2024-02-26 14:46:00,SENSOR_070,Temperatura,Bucaramanga,Oriente,15.15,°C,Normal,77.44,40.0,WiFi
1946,2024-12-11 13:39:00,SENSOR_025,Humedad,Cartagena,Occidente,63.08,%,Normal,68.93,88.0,4G
1947,2024-12-23 04:46:00,SENSOR_016,Ruido,Cartagena,Norte,97.78,dB,Critico,78.4,31.0,Ethernet
1948,2024-01-05 10:10:00,SENSOR_069,PM2.5,Bucaramanga,Sur,51.6,µg/m3,Alerta,7.87,95.0,4G
1949,2024-03-04 10:08:00,SENSOR_087,CO2,Medellin,Sur,1259.6,ppm,Critico,15.73,92.0,Ethernet
1950,2024-11-23 10:02:00,SENSOR_004,Humedad,Bucaramanga,Occidente,52.1,%,Normal,23.04,97.0,4G
1951,2024-07-16 17:45:00,SENSOR_030,CO2,Cartagena,Occidente,668.04,ppm,Normal,18.94,29.0,Ethernet
1952,2024-03-22 07:09:00,SENSOR_054,Temperatura,Bucaramanga,Occidente,19.42,°C,Normal,68.02,63.0,WiFi
1953,2024-03-15 23:17:00,SENSOR_049,PM2.5,Barranquilla,Sur,80.69,µg/m3,Critico,67.13,20.0,4G
1954,2024-11-22 18:47:00,SENSOR_100,Ruido,Bogota,Centro,73.94,dB,Alerta,64.93,26.0,4G
1955,2024-01-23 15:17:00,SENSOR_066,Temperatura,Barranquilla,Occidente,32.46,°C,Critico,11.23,39.0,4G
1956,2024-10-28 21:59:00,SENSOR_071,CO2,Medellin,Sur,789.37,ppm,Normal,67.75,,4G
1957,2024-09-03 18:20:00,SENSOR_073,CO2,Medellin,Oriente,928.42,ppm,Alerta,,34.0,Ethernet
1958,2024-03-21 05:30:00,SENSOR_022,Ruido,Bucaramanga,Oriente,71.24,dB,Alerta,84.86,35.0,Ethernet
1959,2024-02-11 08:58:00,SENSOR_082,Humedad,Medellin,Oriente,87.35,%,Alerta,25.74,68.0,4G
1960,2024-07-03 06:55:00,SENSOR_043,Temperatura,Cartagena,Oriente,10.27,°C,Normal,82.0,38.0,LoRaWAN
1961,2024-04-28 04:30:00,SENSOR_085,Ruido,Cali,Norte,73.06,dB,Alerta,19.84,66.0,4G
1962,2024-01-07 12:29:00,SENSOR_024,PM2.5,Cartagena,Sur,99.64,µg/m3,Critico,10.59,77.0,WiFi
1963,2024-04-06 00:24:00,SENSOR_097,Ruido,Cali,Norte,89.89,dB,Critico,34.29,48.0,Ethernet
1964,2024-07-05 07:09:00,SENSOR_065,Ruido,Bogota,Occidente,85.63,dB,Critico,6.55,71.0,LoRaWAN
1965,2024-04-16 22:44:00,SENSOR_016,Ruido,Cali,Occidente,51.17,dB,Normal,94.21,39.0,4G
1966,2024-04-02 14:30:00,SENSOR_030,Ruido,Bucaramanga,Centro,65.13,dB,Normal,97.16,94.0,WiFi
1967,2024-04-04 04:30:00,SENSOR_048,PM2.5,Cartagena,Sur,116.3,µg/m3,Critico,68.32,26.0,LoRaWAN
1968,2024-05-15 10:30:00,SENSOR_078,Humedad,Cartagena,Oriente,56.7,%,Normal,6.05,29.0,Ethernet
1969,2024-10-24 05:29:00,SENSOR_023,Ruido,Medellin,Sur,73.35,dB,Alerta,62.08,95.0,4G
1970,2024-06-05 19:16:00,SENSOR_042,Ruido,Cartagena,Oriente,65.16,dB,Normal,63.04,75.0,WiFi
1971,2024-08-07 06:14:00,SENSOR_016,PM2.5,Medellin,Sur,65.17,µg/m3,Alerta,28.89,51.0,WiFi
1972,2024-08-26 09:12:00,SENSOR_026,Humedad,Cartagena,Occidente,68.97,%,Normal,16.98,,WiFi
1973,2024-02-18 10:08:00,SENSOR_038,Ruido,Cali,Centro,44.54,dB,Normal,75.96,59.0,4G
1974,2024-01-25 13:55:00,SENSOR_037,Temperatura,Barranquilla,Occidente,12.96,°C,Normal,82.1,39.0,Ethernet
1975,2024-04-06 09:46:00,SENSOR_005,PM2.5,Cartagena,Occidente,42.63,µg/m3,Alerta,33.23,37.0,LoRaWAN
1976,2024-01-09 06:28:00,SENSOR_043,Temperatura,Cartagena,Norte,15.84,°C,Normal,7.94,74.0,Ethernet
1977,2024-03-15 11:54:00,SENSOR_080,PM2.5,Cali,Occidente,110.27,µg/m3,Critico,97.79,24.0,LoRaWAN
1978,2024-10-19 22:40:00,SENSOR_069,Temperatura,Medellin,Centro,19.11,°C,Normal,5.26,72.0,WiFi
1979,2024-11-09 13:30:00,SENSOR_074,Humedad,Cali,Oriente,72.36,%,Normal,96.54,20.0,LoRaWAN
1980,2024-06-29 12:31:00,SENSOR_040,Temperatura,Bucaramanga,Sur,17.95,°C,Normal,67.38,99.0,LoRaWAN
1981,2024-10-21 16:43:00,SENSOR_013,Ruido,Bogota,Centro,47.77,dB,Normal,52.15,27.0,4G
1982,2024-11-01 03:19:00,SENSOR_012,Temperatura,Cartagena,Norte,18.34,°C,Normal,84.4,29.0,4G
1983,2024-12-18 15:23:00,SENSOR_025,Temperatura,Medellin,Oriente,28.29,°C,Alerta,85.92,77.0,LoRaWAN
1984,2024-01-01 01:29:00,SENSOR_100,Ruido,Cali,Oriente,,dB,Sin_Dato,55.78,48.0,LoRaWAN
1985,2024-02-17 19:59:00,SENSOR_001,Ruido,Barranquilla,Oriente,85.53,dB,Critico,79.71,91.0,LoRaWAN
1986,2024-03-06 09:51:00,SENSOR_062,Humedad,Barranquilla,Norte,68.55,%,Normal,38.41,52.0,WiFi
1987,2024-02-23 10:18:00,SENSOR_072,Temperatura,Cali,Occidente,23.62,°C,Normal,74.98,77.0,LoRaWAN
1988,2024-07-16 12:24:00,SENSOR_092,CO2,Cartagena,Oriente,1299.61,ppm,Critico,9.45,80.0,WiFi
1989,2024-02-06 19:55:00,SENSOR_037,Humedad,Bogota,Occidente,82.08,%,Alerta,35.3,89.0,LoRaWAN
1990,2024-01-14 09:07:00,SENSOR_098,PM2.5,Medellin,Occidente,14.37,µg/m3,Normal,69.69,70.0,4G
1991,2024-01-30 01:24:00,SENSOR_031,PM2.5,Cartagena,Sur,83.72,µg/m3,Critico,97.35,76.0,WiFi
1992,2024-04-20 08:33:00,SENSOR_051,PM2.5,Cali,Norte,15.41,µg/m3,Normal,31.84,96.0,4G
1993,2024-05-28 08:19:00,SENSOR_093,Ruido,Medellin,Sur,38.61,dB,Normal,98.62,22.0,WiFi
1994,2024-11-10 13:47:00,SENSOR_063,PM2.5,Bogota,Occidente,119.13,µg/m3,Critico,20.98,35.0,WiFi
1995,2024-07-24 10:53:00,SENSOR_029,Humedad,Bogota,Centro,89.18,%,Alerta,40.96,88.0,LoRaWAN
1996,2024-09-03 11:46:00,SENSOR_072,Humedad,Bogota,Sur,45.66,%,Normal,15.59,24.0,LoRaWAN
1997,2024-11-27 04:35:00,SENSOR_088,Humedad,Barranquilla,Norte,,%,Sin_Dato,90.97,80.0,Ethernet
1998,2024-07-17 12:40:00,SENSOR_047,CO2,Barranquilla,Sur,1347.34,ppm,Critico,87.04,37.0,4G
1999,2024-02-28 04:50:00,SENSOR_057,Ruido,Bogota,Sur,88.49,dB,Critico,74.27,73.0,Ethernet
2000,2024-10-09 03:48:00,SENSOR_053,Humedad,Medellin,Oriente,75.7,%,Normal,92.67,21.0,4G
2001,2024-10-06 21:18:00,SENSOR_010,CO2,Barranquilla,Occidente,,ppm,Sin_Dato,82.23,20.0,4G
2002,2024-10-09 17:21:00,SENSOR_067,CO2,Bucaramanga,Centro,377.75,ppm,Normal,42.64,21.0,LoRaWAN
2003,2024-02-02 01:14:00,SENSOR_017,Temperatura,Barranquilla,Occidente,20.72,°C,Normal,64.27,21.0,4G
2004,2024-02-01 21:29:00,SENSOR_076,Temperatura,Bogota,Norte,15.93,°C,Normal,,22.0,LoRaWAN
2005,2024-09-03 19:52:00,SENSOR_021,Ruido,Barranquilla,Norte,71.95,dB,Alerta,39.83,93.0,4G
2006,2024-10-12 18:05:00,SENSOR_006,PM2.5,Bogota,Occidente,20.3,µg/m3,Normal,38.14,83.0,LoRaWAN
2007,2024-08-22 05:46:00,SENSOR_033,Humedad,Cali,Occidente,48.58,%,Normal,62.47,62.0,4G
2008,2024-03-06 22:42:00,SENSOR_016,PM2.5,Cartagena,Centro,68.02,µg/m3,Alerta,64.78,56.0,LoRaWAN
2009,2024-08-28 10:09:00,SENSOR_051,Humedad,Bucaramanga,Norte,74.58,%,Normal,51.87,60.0,Ethernet
2010,2024-10-03 14:59:00,SENSOR_002,Temperatura,Medellin,Oriente,31.01,°C,Alerta,45.19,57.0,Ethernet
2011,2024-04-22 07:56:00,SENSOR_097,Temperatura,Bucaramanga,Oriente,18.83,°C,Normal,39.77,29.0,LoRaWAN
2012,2024-05-24 22:36:00,SENSOR_088,Ruido,Bogota,Centro,82.18,dB,Alerta,45.2,60.0,Ethernet
2013,2024-02-09 07:10:00,SENSOR_045,PM2.5,Cartagena,Oriente,19.83,µg/m3,Normal,12.13,61.0,LoRaWAN
2014,2024-11-18 02:24:00,SENSOR_073,Ruido,Cali,Centro,82.57,dB,Alerta,14.22,79.0,WiFi
2015,2024-08-20 12:29:00,SENSOR_093,PM2.5,Bucaramanga,Centro,14.19,µg/m3,Normal,54.85,70.0,Ethernet
2016,2024-08-06 16:53:00,SENSOR_092,Humedad,Bucaramanga,Occidente,55.24,%,Normal,27.33,97.0,Ethernet
2017,2024-07-11 02:59:00,SENSOR_081,Ruido,Barranquilla,Occidente,97.06,dB,Critico,49.53,51.0,Ethernet
2018,2024-12-11 04:35:00,SENSOR_094,CO2,Bogota,Occidente,308.97,ppm,Normal,58.55,97.0,LoRaWAN
2019,2024-11-10 22:15:00,SENSOR_063,Humedad,Medellin,Norte,39.34,%,Alerta,71.37,37.0,4G
2020,2024-10-21 19:39:00,SENSOR_038,Humedad,Cali,Centro,89.9,%,Alerta,77.49,78.0,Ethernet
2021,2024-05-16 01:07:00,SENSOR_034,Ruido,Medellin,Oriente,75.43,dB,Alerta,26.26,63.0,4G
2022,2024-02-04 00:44:00,SENSOR_018,Temperatura,Medellin,Norte,16.28,°C,Normal,11.2,49.0,4G
2023,2024-07-22 02:08:00,SENSOR_038,CO2,Medellin,Norte,405.9,ppm,Normal,19.19,81.0,LoRaWAN
2024,2024-08-21 19:19:00,SENSOR_011,CO2,Cali,Sur,883.51,ppm,Alerta,47.04,97.0,WiFi
2025,2024-05-26 21:39:00,SENSOR_071,Temperatura,Medellin,Centro,,°C,Sin_Dato,79.92,47.0,4G
2026,2024-05-14 04:57:00,SENSOR_100,Humedad,Bucaramanga,Norte,60.38,%,Normal,94.23,84.0,WiFi
2027,2024-10-17 02:59:00,SENSOR_052,Temperatura,Cali,Oriente,21.07,°C,Normal,39.34,24.0,LoRaWAN
2028,2024-08-16 01:25:00,SENSOR_022,CO2,Cartagena,Occidente,731.5,ppm,Normal,8.57,58.0,WiFi
2029,2024-04-06 07:41:00,SENSOR_064,Ruido,Cali,Centro,84.31,dB,Alerta,45.66,67.0,WiFi
2030,2024-11-08 21:33:00,SENSOR_021,Humedad,Bogota,Centro,42.41,%,Normal,98.3,71.0,LoRaWAN
2031,2024-10-26 17:38:00,SENSOR_094,PM2.5,Bogota,Sur,41.23,µg/m3,Alerta,60.69,47.0,Ethernet
2032,2024-07-21 06:50:00,SENSOR_077,PM2.5,Bogota,Sur,63.2,µg/m3,Alerta,75.31,60.0,WiFi
2033,2024-07-24 09:58:00,SENSOR_077,Humedad,Barranquilla,Norte,80.38,%,Alerta,25.57,48.0,LoRaWAN
2034,2024-10-04 10:33:00,SENSOR_013,Humedad,Medellin,Centro,68.07,%,Normal,55.7,33.0,LoRaWAN
2035,2024-07-28 22:41:00,SENSOR_072,CO2,Cali,Norte,,ppm,Sin_Dato,22.33,40.0,4G
2036,2024-05-20 14:48:00,SENSOR_076,Ruido,Cartagena,Sur,88.74,dB,Critico,20.35,79.0,Ethernet
2037,2024-02-16 18:13:00,SENSOR_066,Humedad,Cartagena,Occidente,38.37,%,Alerta,66.08,27.0,LoRaWAN
2038,2024-07-30 06:16:00,SENSOR_009,Temperatura,Bucaramanga,Occidente,11.93,°C,Normal,71.3,67.0,Ethernet
2039,2024-08-10 18:49:00,SENSOR_060,PM2.5,Barranquilla,Occidente,105.03,µg/m3,Critico,7.33,85.0,Ethernet
2040,2024-11-19 04:21:00,SENSOR_080,Ruido,Cali,Occidente,79.09,dB,Alerta,5.35,76.0,4G
2041,2024-05-26 14:30:00,SENSOR_051,PM2.5,Bogota,Centro,106.21,µg/m3,Critico,41.5,32.0,Ethernet
2042,2024-08-22 22:44:00,SENSOR_046,PM2.5,Cali,Oriente,36.95,µg/m3,Alerta,93.04,61.0,LoRaWAN
2043,2024-09-18 00:47:00,SENSOR_064,Humedad,Cali,Centro,58.01,%,Normal,,87.0,Ethernet
2044,2024-09-02 19:36:00,SENSOR_067,Humedad,Bucaramanga,Occidente,33.74,%,Alerta,41.35,33.0,4G
2045,2024-05-07 12:31:00,SENSOR_033,Temperatura,Cali,Sur,24.72,°C,Normal,33.13,45.0,4G
2046,2024-10-23 00:43:00,SENSOR_069,PM2.5,Bucaramanga,Centro,101.2,µg/m3,Critico,87.39,77.0,WiFi
2047,2024-06-27 12:18:00,SENSOR_053,PM2.5,Medellin,Centro,112.71,µg/m3,Critico,25.16,27.0,4G
2048,2024-02-02 22:18:00,SENSOR_089,PM2.5,Cali,Centro,66.49,µg/m3,Alerta,62.83,28.0,4G
2049,2024-07-14 23:07:00,SENSOR_086,PM2.5,Cartagena,Centro,78.37,µg/m3,Critico,50.18,93.0,Ethernet
2050,2024-04-08 06:03:00,SENSOR_035,PM2.5,Cali,Norte,29.12,µg/m3,Normal,30.68,,LoRaWAN
2051,2024-01-31 18:09:00,SENSOR_060,Ruido,Medellin,Sur,66.99,dB,Normal,97.5,,LoRaWAN
2052,2024-12-28 19:49:00,SENSOR_082,PM2.5,Barranquilla,Norte,7.17,µg/m3,Normal,83.7,25.0,4G
2053,2024-11-10 17:10:00,SENSOR_001,CO2,Medellin,Occidente,1276.01,ppm,Critico,9.21,31.0,LoRaWAN
2054,2024-04-11 21:08:00,SENSOR_043,PM2.5,Cartagena,Sur,7.02,µg/m3,Normal,34.66,32.0,Ethernet
2055,2024-11-30 20:13:00,SENSOR_061,Ruido,Cali,Occidente,74.63,dB,Alerta,15.8,85.0,Ethernet
2056,2024-07-13 15:29:00,SENSOR_088,Humedad,Cartagena,Norte,,%,Sin_Dato,73.77,60.0,Ethernet
2057,2024-07-20 07:22:00,SENSOR_014,Humedad,Cartagena,Oriente,79.82,%,Normal,89.69,66.0,Ethernet
2058,2024-07-22 20:29:00,SENSOR_022,Ruido,Bucaramanga,Oriente,68.56,dB,Normal,98.31,20.0,Ethernet
2059,2024-10-20 08:24:00,SENSOR_024,Temperatura,Cartagena,Norte,34.54,°C,Critico,89.88,79.0,4G
2060,2024-08-02 17:46:00,SENSOR_100,CO2,Medellin,Oriente,1144.69,ppm,Alerta,57.13,73.0,4G
2061,2024-06-20 12:49:00,SENSOR_018,Humedad,Bucaramanga,Norte,37.74,%,Alerta,94.85,,4G
2062,2024-05-04 17:02:00,SENSOR_030,Temperatura,Bucaramanga,Occidente,,°C,Sin_Dato,77.48,54.0,Ethernet
2063,2024-02-10 12:11:00,SENSOR_086,Ruido,Cartagena,Sur,72.76,dB,Alerta,11.71,73.0,Ethernet
2064,2024-08-16 14:51:00,SENSOR_041,PM2.5,Medellin,Occidente,99.13,µg/m3,Critico,56.37,77.0,4G
2065,2024-12-02 23:28:00,SENSOR_066,PM2.5,Bogota,Sur,61.82,µg/m3,Alerta,60.2,97.0,Ethernet
2066,2024-05-02 01:51:00,SENSOR_052,PM2.5,Cartagena,Norte,63.85,µg/m3,Alerta,54.89,22.0,Ethernet
2067,2024-10-17 05:55:00,SENSOR_011,PM2.5,Medellin,Norte,17.51,µg/m3,Normal,65.0,23.0,LoRaWAN
2068,2024-03-05 05:40:00,SENSOR_071,Humedad,Cartagena,Centro,72.06,%,Normal,66.14,32.0,4G
2069,2024-01-20 08:02:00,SENSOR_084,Ruido,Bucaramanga,Centro,84.43,dB,Alerta,8.48,78.0,4G
2070,2024-06-08 19:05:00,SENSOR_062,PM2.5,Medellin,Occidente,68.63,µg/m3,Alerta,26.27,85.0,Ethernet
2071,2024-08-09 05:04:00,SENSOR_078,Humedad,Bucaramanga,Centro,32.88,%,Alerta,48.72,86.0,4G
2072,2024-05-19 02:07:00,SENSOR_044,Temperatura,Cali,Oriente,21.06,°C,Normal,77.76,47.0,WiFi
2073,2024-08-23 03:10:00,SENSOR_043,CO2,Cali,Centro,1657.6,ppm,Critico,66.15,99.0,4G
2074,2024-07-18 09:50:00,SENSOR_091,Temperatura,Cali,Sur,34.55,°C,Critico,14.94,28.0,LoRaWAN
2075,2024-12-17 23:58:00,SENSOR_007,Humedad,Barranquilla,Centro,93.56,%,Critico,85.83,88.0,Ethernet
2076,2024-03-23 21:20:00,SENSOR_042,PM2.5,Barranquilla,Oriente,90.52,µg/m3,Critico,46.6,99.0,Ethernet
2077,2024-02-08 21:52:00,SENSOR_019,CO2,Medellin,Sur,1068.57,ppm,Alerta,97.75,57.0,WiFi
2078,2024-06-17 20:47:00,SENSOR_099,CO2,Bucaramanga,Oriente,399.59,ppm,Normal,17.8,47.0,Ethernet
2079,2024-05-31 16:31:00,SENSOR_016,Ruido,Cali,Occidente,80.92,dB,Alerta,91.45,76.0,4G
2080,2024-03-17 01:34:00,SENSOR_066,Humedad,Bucaramanga,Occidente,38.89,%,Alerta,36.49,58.0,4G
2081,2024-06-14 03:04:00,SENSOR_030,Temperatura,Medellin,Sur,34.82,°C,Critico,57.25,52.0,4G
2082,2024-11-11 04:47:00,SENSOR_050,Humedad,Bogota,Oriente,81.66,%,Alerta,72.36,35.0,LoRaWAN
2083,2024-09-16 18:25:00,SENSOR_070,Ruido,Cali,Centro,95.57,dB,Critico,15.92,20.0,LoRaWAN
2084,2024-01-10 13:25:00,SENSOR_021,PM2.5,Medellin,Centro,51.52,µg/m3,Alerta,66.33,32.0,4G
2085,2024-08-06 08:17:00,SENSOR_036,Ruido,Barranquilla,Oriente,38.81,dB,Normal,82.64,82.0,Ethernet
2086,2024-07-28 13:41:00,SENSOR_004,PM2.5,Barranquilla,Norte,103.83,µg/m3,Critico,32.42,50.0,4G
2087,2024-01-21 21:04:00,SENSOR_020,Temperatura,Bucaramanga,Sur,26.15,°C,Normal,82.82,44.0,Ethernet
2088,2024-10-01 14:30:00,SENSOR_058,PM2.5,Bucaramanga,Centro,118.84,µg/m3,Critico,95.49,,LoRaWAN
2089,2024-10-14 00:22:00,SENSOR_031,Temperatura,Cali,Norte,31.23,°C,Alerta,69.6,54.0,WiFi
2090,2024-02-22 16:45:00,SENSOR_027,Ruido,Barranquilla,Oriente,92.92,dB,Critico,63.63,,Ethernet
2091,2024-11-25 09:12:00,SENSOR_079,Humedad,Bogota,Sur,47.95,%,Normal,31.06,,4G
2092,2024-06-02 20:32:00,SENSOR_032,Ruido,Cali,Centro,60.7,dB,Normal,88.76,68.0,WiFi
2093,2024-03-21 03:09:00,SENSOR_071,Ruido,Bucaramanga,Norte,59.67,dB,Normal,60.53,68.0,LoRaWAN
2094,2024-09-16 05:48:00,SENSOR_075,Ruido,Medellin,Norte,59.42,dB,Normal,82.13,25.0,WiFi
2095,2024-06-06 12:40:00,SENSOR_071,Humedad,Cali,Centro,51.74,%,Normal,73.59,54.0,LoRaWAN
2096,2024-07-05 06:44:00,SENSOR_071,Humedad,Bucaramanga,Oriente,89.19,%,Alerta,5.08,50.0,4G
2097,2024-02-18 03:15:00,SENSOR_033,Ruido,Cali,Sur,80.22,dB,Alerta,50.81,45.0,4G
2098,2024-09-17 09:28:00,SENSOR_012,PM2.5,Bogota,Sur,64.46,µg/m3,Alerta,35.1,21.0,LoRaWAN
2099,2024-01-11 04:02:00,SENSOR_075,Humedad,Cali,Sur,72.29,%,Normal,53.81,87.0,LoRaWAN
2100,2024-02-07 13:44:00,SENSOR_008,Ruido,Bogota,Occidente,40.58,dB,Normal,13.01,28.0,LoRaWAN
2101,2024-06-15 15:16:00,SENSOR_056,Ruido,Bucaramanga,Occidente,41.75,dB,Normal,51.16,90.0,Ethernet
2102,2024-03-11 20:45:00,SENSOR_006,PM2.5,Cartagena,Oriente,39.64,µg/m3,Alerta,48.14,90.0,WiFi
2103,2024-04-13 23:23:00,SENSOR_055,Humedad,Cartagena,Norte,76.9,%,Normal,30.01,45.0,WiFi
2104,2024-10-21 08:40:00,SENSOR_005,Humedad,Bogota,Norte,92.33,%,Critico,36.85,62.0,WiFi
2105,2024-08-25 16:58:00,SENSOR_018,Temperatura,Medellin,Sur,29.71,°C,Alerta,,24.0,WiFi
2106,2024-08-17 09:40:00,SENSOR_010,PM2.5,Cali,Sur,7.2,µg/m3,Normal,43.17,46.0,4G
2107,2024-04-03 17:37:00,SENSOR_018,Temperatura,Medellin,Sur,,°C,Sin_Dato,87.56,43.0,4G
2108,2024-02-04 08:43:00,SENSOR_048,Temperatura,Bucaramanga,Norte,26.58,°C,Normal,9.4,46.0,LoRaWAN
2109,2024-08-11 08:47:00,SENSOR_027,Temperatura,Medellin,Occidente,26.04,°C,Normal,54.12,34.0,4G
2110,2024-04-25 06:54:00,SENSOR_032,CO2,Barranquilla,Occidente,1589.88,ppm,Critico,36.66,43.0,Ethernet
2111,2024-08-05 06:56:00,SENSOR_099,Ruido,Cali,Occidente,35.32,dB,Normal,53.64,54.0,4G
2112,2024-02-09 16:36:00,SENSOR_094,Humedad,Cartagena,Sur,59.5,%,Normal,64.38,51.0,LoRaWAN
2113,2024-09-19 12:35:00,SENSOR_023,Humedad,Cartagena,Oriente,84.26,%,Alerta,70.39,71.0,LoRaWAN
2114,2024-08-30 03:07:00,SENSOR_073,Ruido,Bogota,Sur,60.36,dB,Normal,79.82,85.0,WiFi
2115,2024-10-30 07:50:00,SENSOR_054,CO2,Cali,Centro,1788.93,ppm,Critico,43.41,67.0,4G
2116,2024-07-29 02:39:00,SENSOR_057,Ruido,Cali,Oriente,78.35,dB,Alerta,58.31,72.0,4G
2117,2024-09-03 21:55:00,SENSOR_096,CO2,Medellin,Norte,1666.17,ppm,Critico,41.88,39.0,LoRaWAN
2118,2024-03-16 04:33:00,SENSOR_044,Humedad,Bucaramanga,Centro,86.12,%,Alerta,44.74,100.0,4G
2119,2024-08-23 21:59:00,SENSOR_035,Ruido,Medellin,Sur,67.51,dB,Normal,68.53,,WiFi
2120,2024-10-13 09:21:00,SENSOR_094,CO2,Cartagena,Norte,1185.36,ppm,Alerta,62.8,89.0,WiFi
2121,2024-10-29 09:33:00,SENSOR_013,PM2.5,Cali,Norte,50.27,µg/m3,Alerta,67.3,31.0,WiFi
2122,2024-06-27 06:56:00,SENSOR_003,Ruido,Bucaramanga,Norte,38.83,dB,Normal,78.63,32.0,LoRaWAN
2123,2024-11-04 11:09:00,SENSOR_062,PM2.5,Cartagena,Centro,49.46,µg/m3,Alerta,24.76,35.0,LoRaWAN
2124,2024-10-16 23:36:00,SENSOR_026,Ruido,Cartagena,Sur,56.02,dB,Normal,18.69,41.0,Ethernet
2125,2024-08-03 22:22:00,SENSOR_045,Humedad,Bucaramanga,Norte,59.9,%,Normal,60.58,100.0,LoRaWAN
2126,2024-01-09 06:19:00,SENSOR_028,CO2,Bucaramanga,Occidente,1297.42,ppm,Critico,15.43,69.0,LoRaWAN
2127,2024-12-01 01:57:00,SENSOR_012,Ruido,Cartagena,Oriente,36.66,dB,Normal,57.32,48.0,WiFi
2128,2024-01-24 22:17:00,SENSOR_014,Humedad,Bucaramanga,Centro,80.27,%,Alerta,,51.0,LoRaWAN
2129,2024-01-25 16:13:00,SENSOR_098,Humedad,Bogota,Norte,93.18,%,Critico,92.18,81.0,4G
2130,2024-07-18 06:03:00,SENSOR_069,Temperatura,Bogota,Sur,23.64,°C,Normal,13.42,29.0,Ethernet
2131,2024-12-25 10:42:00,SENSOR_077,Temperatura,Medellin,Centro,32.72,°C,Critico,43.04,94.0,WiFi
2132,2024-01-19 03:25:00,SENSOR_007,Temperatura,Cali,Norte,24.05,°C,Normal,86.06,71.0,WiFi
2133,2024-02-22 16:28:00,SENSOR_080,Humedad,Cartagena,Centro,37.93,%,Alerta,24.05,62.0,LoRaWAN
2134,2024-07-09 03:37:00,SENSOR_020,CO2,Bogota,Norte,938.2,ppm,Alerta,58.72,82.0,WiFi
2135,2024-05-29 13:46:00,SENSOR_070,Temperatura,Bucaramanga,Centro,22.01,°C,Normal,88.96,34.0,4G
2136,2024-04-08 11:20:00,SENSOR_091,CO2,Bogota,Occidente,1525.37,ppm,Critico,33.83,20.0,4G
2137,2024-03-05 06:32:00,SENSOR_038,Humedad,Bogota,Centro,59.86,%,Normal,35.13,29.0,4G
2138,2024-11-13 14:05:00,SENSOR_061,Ruido,Cartagena,Sur,90.91,dB,Critico,11.82,30.0,WiFi
2139,2024-12-29 14:11:00,SENSOR_039,Ruido,Cartagena,Centro,72.54,dB,Alerta,28.7,64.0,LoRaWAN
2140,2024-02-04 20:51:00,SENSOR_010,Temperatura,Barranquilla,Norte,15.44,°C,Normal,61.7,43.0,Ethernet
2141,2024-02-18 08:56:00,SENSOR_053,CO2,Cartagena,Sur,1797.51,ppm,Critico,67.32,29.0,WiFi
2142,2024-04-11 03:59:00,SENSOR_082,Ruido,Cali,Sur,39.23,dB,Normal,60.46,98.0,LoRaWAN
2143,2024-09-18 08:01:00,SENSOR_055,CO2,Bucaramanga,Occidente,1772.96,ppm,Critico,98.21,33.0,LoRaWAN
2144,2024-11-11 01:44:00,SENSOR_058,Humedad,Cali,Oriente,80.59,%,Alerta,18.84,77.0,WiFi
2145,2024-11-27 19:40:00,SENSOR_020,Humedad,Bucaramanga,Oriente,53.51,%,Normal,29.6,80.0,WiFi
2146,2024-02-01 04:34:00,SENSOR_011,Temperatura,Cali,Sur,10.13,°C,Normal,53.38,73.0,4G
2147,2024-07-08 19:39:00,SENSOR_006,Ruido,Barranquilla,Occidente,41.67,dB,Normal,,72.0,Ethernet
2148,2024-02-12 23:00:00,SENSOR_087,Ruido,Cali,Centro,44.15,dB,Normal,21.01,34.0,WiFi
2149,2024-09-12 17:12:00,SENSOR_085,Humedad,Medellin,Norte,39.63,%,Alerta,19.73,,LoRaWAN
2150,2024-12-09 00:03:00,SENSOR_042,Humedad,Medellin,Occidente,69.39,%,Normal,8.04,24.0,LoRaWAN
2151,2024-11-25 09:45:00,SENSOR_078,CO2,Bogota,Norte,452.67,ppm,Normal,28.4,60.0,4G
2152,2024-08-20 01:24:00,SENSOR_100,Humedad,Bucaramanga,Norte,64.49,%,Normal,83.44,75.0,LoRaWAN
2153,2024-03-26 16:15:00,SENSOR_082,Ruido,Barranquilla,Sur,37.66,dB,Normal,54.8,,WiFi
2154,2024-02-23 00:03:00,SENSOR_004,PM2.5,Cali,Centro,104.67,µg/m3,Critico,28.05,62.0,4G
2155,2024-03-10 14:51:00,SENSOR_084,Ruido,Cali,Sur,86.99,dB,Critico,88.96,24.0,4G
2156,2024-03-02 21:31:00,SENSOR_083,PM2.5,Cartagena,Occidente,49.34,µg/m3,Alerta,52.28,23.0,4G
2157,2024-12-04 08:30:00,SENSOR_072,Humedad,Cartagena,Centro,83.55,%,Alerta,90.97,50.0,Ethernet
2158,2024-01-11 00:08:00,SENSOR_041,CO2,Cali,Occidente,1672.45,ppm,Critico,61.27,22.0,LoRaWAN
2159,2024-05-15 20:35:00,SENSOR_074,Ruido,Barranquilla,Centro,62.95,dB,Normal,70.5,39.0,Ethernet
2160,2024-01-11 18:10:00,SENSOR_049,Ruido,Bogota,Centro,64.88,dB,Normal,76.83,25.0,WiFi
2161,2024-10-17 14:18:00,SENSOR_041,Ruido,Medellin,Oriente,49.47,dB,Normal,11.57,90.0,WiFi
2162,2024-04-11 22:54:00,SENSOR_046,PM2.5,Medellin,Centro,60.07,µg/m3,Alerta,63.31,70.0,LoRaWAN
2163,2024-07-15 03:17:00,SENSOR_039,Humedad,Bucaramanga,Oriente,86.97,%,Alerta,,43.0,4G
2164,2024-04-12 13:19:00,SENSOR_033,CO2,Medellin,Norte,1450.19,ppm,Critico,48.17,34.0,LoRaWAN
2165,2024-09-06 01:01:00,SENSOR_032,Temperatura,Bucaramanga,Occidente,18.45,°C,Normal,85.36,23.0,Ethernet
2166,2024-05-06 18:55:00,SENSOR_064,Temperatura,Cartagena,Oriente,14.11,°C,Normal,27.72,48.0,4G
2167,2024-09-03 01:52:00,SENSOR_087,CO2,Cartagena,Sur,633.36,ppm,Normal,65.8,37.0,Ethernet
2168,2024-06-13 19:55:00,SENSOR_006,Humedad,Cali,Centro,55.5,%,Normal,70.57,76.0,4G
2169,2024-03-13 05:47:00,SENSOR_063,PM2.5,Cali,Norte,20.07,µg/m3,Normal,43.69,42.0,WiFi
2170,2024-09-18 13:10:00,SENSOR_088,Humedad,Medellin,Occidente,54.86,%,Normal,86.55,70.0,4G
2171,2024-04-01 21:32:00,SENSOR_046,Temperatura,Bogota,Norte,24.66,°C,Normal,33.7,65.0,WiFi
2172,2024-05-14 16:10:00,SENSOR_020,Temperatura,Bogota,Oriente,11.22,°C,Normal,66.08,99.0,4G
2173,2024-12-22 09:02:00,SENSOR_078,PM2.5,Bucaramanga,Centro,11.69,µg/m3,Normal,,63.0,Ethernet
2174,2024-03-13 10:00:00,SENSOR_049,CO2,Medellin,Norte,1376.91,ppm,Critico,51.76,67.0,LoRaWAN
2175,2024-08-13 01:59:00,SENSOR_001,PM2.5,Barranquilla,Oriente,98.37,µg/m3,Critico,5.04,64.0,4G
2176,2024-04-09 13:17:00,SENSOR_096,Ruido,Medellin,Centro,65.47,dB,Normal,55.78,62.0,Ethernet
2177,2024-07-29 21:34:00,SENSOR_057,Humedad,Barranquilla,Sur,80.85,%,Alerta,33.09,45.0,WiFi
2178,2024-02-28 10:59:00,SENSOR_086,Ruido,Bucaramanga,Oriente,81.25,dB,Alerta,37.74,73.0,WiFi
2179,2024-04-01 00:54:00,SENSOR_004,PM2.5,Cartagena,Norte,85.53,µg/m3,Critico,57.01,29.0,WiFi
2180,2024-04-23 12:11:00,SENSOR_017,Temperatura,Medellin,Centro,25.65,°C,Normal,46.97,81.0,Ethernet
2181,2024-05-28 21:51:00,SENSOR_043,Humedad,Medellin,Norte,61.61,%,Normal,60.65,37.0,Ethernet
2182,2024-07-26 03:42:00,SENSOR_083,Ruido,Cartagena,Sur,67.37,dB,Normal,85.35,44.0,WiFi
2183,2024-01-30 03:47:00,SENSOR_004,Ruido,Barranquilla,Norte,85.24,dB,Critico,76.47,39.0,4G
2184,2024-02-23 06:22:00,SENSOR_027,Ruido,Medellin,Sur,77.82,dB,Alerta,41.11,36.0,Ethernet
2185,2024-07-06 18:20:00,SENSOR_014,Humedad,Bucaramanga,Occidente,62.3,%,Normal,11.8,46.0,4G
2186,2024-01-31 00:47:00,SENSOR_013,Temperatura,Bogota,Sur,30.1,°C,Alerta,45.66,75.0,Ethernet
2187,2024-06-09 10:31:00,SENSOR_048,Ruido,Bogota,Norte,53.18,dB,Normal,25.96,51.0,Ethernet
2188,2024-09-23 02:22:00,SENSOR_087,Ruido,Bucaramanga,Sur,98.53,dB,Critico,46.92,74.0,4G
2189,2024-04-29 22:06:00,SENSOR_036,CO2,Cartagena,Sur,332.52,ppm,Normal,18.12,,Ethernet
2190,2024-04-04 09:09:00,SENSOR_073,Ruido,Bucaramanga,Sur,56.7,dB,Normal,82.75,73.0,4G
2191,2024-11-21 17:18:00,SENSOR_054,Humedad,Barranquilla,Oriente,45.04,%,Normal,7.07,47.0,LoRaWAN
2192,2024-07-15 02:11:00,SENSOR_018,PM2.5,Bogota,Norte,55.26,µg/m3,Alerta,40.27,,4G
2193,2024-05-22 15:18:00,SENSOR_038,PM2.5,Bucaramanga,Oriente,84.3,µg/m3,Critico,68.47,56.0,LoRaWAN
2194,2024-12-24 19:22:00,SENSOR_093,Humedad,Cartagena,Oriente,86.16,%,Alerta,67.27,46.0,4G
2195,2024-04-07 13:01:00,SENSOR_012,PM2.5,Cali,Oriente,113.89,µg/m3,Critico,18.68,76.0,4G
2196,2024-02-10 20:25:00,SENSOR_073,CO2,Barranquilla,Sur,1683.79,ppm,Critico,77.76,70.0,4G
2197,2024-10-23 08:46:00,SENSOR_081,PM2.5,Medellin,Norte,5.5,µg/m3,Normal,18.14,39.0,WiFi
2198,2024-02-05 16:31:00,SENSOR_093,CO2,Barranquilla,Occidente,702.63,ppm,Normal,29.05,89.0,4G
2199,2024-05-28 23:31:00,SENSOR_097,Ruido,Medellin,Oriente,59.77,dB,Normal,53.4,89.0,Ethernet
2200,2024-12-29 04:33:00,SENSOR_093,Humedad,Barranquilla,Centro,85.37,%,Alerta,29.05,75.0,4G
2201,2024-01-18 11:53:00,SENSOR_072,CO2,Cali,Oriente,1550.92,ppm,Critico,22.84,67.0,WiFi
2202,2024-06-05 16:00:00,SENSOR_048,Temperatura,Bogota,Centro,18.3,°C,Normal,50.14,87.0,WiFi
2203,2024-02-05 12:37:00,SENSOR_028,PM2.5,Cartagena,Occidente,88.75,µg/m3,Critico,29.25,56.0,WiFi
2204,2024-07-17 00:28:00,SENSOR_031,Ruido,Bogota,Sur,68.08,dB,Normal,25.29,86.0,WiFi
2205,2024-07-18 20:11:00,SENSOR_066,Ruido,Barranquilla,Norte,55.78,dB,Normal,23.72,21.0,WiFi
2206,2024-10-20 16:27:00,SENSOR_067,CO2,Cali,Oriente,1030.59,ppm,Alerta,57.15,97.0,WiFi
2207,2024-04-22 16:45:00,SENSOR_060,Ruido,Barranquilla,Centro,69.26,dB,Normal,71.81,33.0,Ethernet
2208,2024-03-09 00:26:00,SENSOR_014,Ruido,Cali,Occidente,86.92,dB,Critico,15.72,80.0,Ethernet
2209,2024-11-15 08:03:00,SENSOR_046,Humedad,Cartagena,Occidente,40.39,%,Normal,87.63,23.0,LoRaWAN
2210,2024-05-31 00:13:00,SENSOR_048,CO2,Medellin,Sur,400.46,ppm,Normal,36.08,89.0,LoRaWAN
2211,2024-06-28 19:07:00,SENSOR_047,PM2.5,Medellin,Norte,93.6,µg/m3,Critico,31.82,38.0,WiFi
2212,2024-12-06 21:04:00,SENSOR_100,CO2,Barranquilla,Oriente,399.8,ppm,Normal,82.37,74.0,Ethernet
2213,2024-05-31 11:22:00,SENSOR_001,Humedad,Medellin,Centro,52.16,%,Normal,83.44,69.0,Ethernet
2214,2024-06-10 15:21:00,SENSOR_033,CO2,Cali,Centro,1365.18,ppm,Critico,16.95,58.0,Ethernet
2215,2024-03-18 13:08:00,SENSOR_031,Ruido,Bogota,Occidente,96.19,dB,Critico,,80.0,4G
2216,2024-01-06 19:20:00,SENSOR_082,PM2.5,Bucaramanga,Norte,102.13,µg/m3,Critico,80.37,34.0,WiFi
2217,2024-07-31 23:37:00,SENSOR_018,Ruido,Cali,Norte,94.9,dB,Critico,79.12,76.0,WiFi
2218,2024-04-16 14:59:00,SENSOR_010,CO2,Bogota,Norte,742.8,ppm,Normal,25.58,26.0,LoRaWAN
2219,2024-12-18 00:31:00,SENSOR_089,Ruido,Barranquilla,Oriente,75.24,dB,Alerta,72.62,35.0,Ethernet
2220,2024-03-19 21:18:00,SENSOR_049,Ruido,Cali,Occidente,60.92,dB,Normal,43.64,98.0,Ethernet
2221,2024-06-19 18:41:00,SENSOR_025,Temperatura,Cali,Sur,,°C,Sin_Dato,19.47,56.0,4G
2222,2024-10-03 14:34:00,SENSOR_088,Humedad,Barranquilla,Sur,70.57,%,Normal,22.32,94.0,WiFi
2223,2024-07-07 03:23:00,SENSOR_032,Ruido,Cartagena,Centro,,dB,Sin_Dato,50.43,26.0,WiFi
2224,2024-08-31 15:07:00,SENSOR_064,Temperatura,Barranquilla,Occidente,33.62,°C,Critico,71.7,70.0,4G
2225,2024-11-01 03:35:00,SENSOR_002,Temperatura,Bogota,Occidente,18.72,°C,Normal,24.85,79.0,LoRaWAN
2226,2024-11-27 20:11:00,SENSOR_072,CO2,Medellin,Norte,1050.59,ppm,Alerta,51.74,43.0,WiFi
2227,2024-07-25 13:48:00,SENSOR_074,PM2.5,Bucaramanga,Oriente,34.0,µg/m3,Normal,90.14,72.0,Ethernet
2228,2024-07-25 12:48:00,SENSOR_087,Temperatura,Medellin,Norte,12.29,°C,Normal,52.01,72.0,Ethernet
2229,2024-09-22 16:30:00,SENSOR_019,CO2,Cartagena,Norte,799.61,ppm,Normal,61.26,83.0,4G
2230,2024-07-30 05:50:00,SENSOR_001,Humedad,Bogota,Centro,,%,Sin_Dato,9.71,68.0,WiFi
2231,2024-08-20 17:55:00,SENSOR_012,PM2.5,Cartagena,Centro,37.18,µg/m3,Alerta,52.07,45.0,WiFi
2232,2024-05-24 06:52:00,SENSOR_031,Humedad,Cali,Oriente,76.33,%,Normal,24.07,,WiFi
2233,2024-02-11 09:46:00,SENSOR_093,Temperatura,Bogota,Occidente,24.88,°C,Normal,57.54,20.0,LoRaWAN
2234,2024-02-02 15:53:00,SENSOR_023,CO2,Cartagena,Norte,718.02,ppm,Normal,88.67,43.0,WiFi
2235,2024-06-16 13:33:00,SENSOR_007,Ruido,Cali,Norte,40.75,dB,Normal,42.42,23.0,WiFi
2236,2024-04-12 04:27:00,SENSOR_018,PM2.5,Barranquilla,Oriente,103.1,µg/m3,Critico,59.35,52.0,Ethernet
2237,2024-01-03 17:27:00,SENSOR_045,Temperatura,Barranquilla,Norte,31.58,°C,Alerta,98.05,47.0,4G
2238,2024-01-07 02:13:00,SENSOR_079,Humedad,Bucaramanga,Oriente,70.22,%,Normal,18.25,35.0,LoRaWAN
2239,2024-04-11 21:28:00,SENSOR_086,Humedad,Bucaramanga,Occidente,56.53,%,Normal,66.53,33.0,Ethernet
2240,2024-12-19 18:21:00,SENSOR_055,PM2.5,Bucaramanga,Centro,50.78,µg/m3,Alerta,67.53,47.0,Ethernet
2241,2024-06-20 23:40:00,SENSOR_056,CO2,Cartagena,Occidente,,ppm,Sin_Dato,42.67,40.0,Ethernet
2242,2024-10-19 09:02:00,SENSOR_023,Humedad,Cartagena,Norte,58.27,%,Normal,70.66,,4G
2243,2024-11-21 21:26:00,SENSOR_083,Ruido,Bucaramanga,Centro,56.12,dB,Normal,92.09,88.0,WiFi
2244,2024-12-03 17:29:00,SENSOR_038,Humedad,Cartagena,Occidente,66.76,%,Normal,35.73,81.0,Ethernet
2245,2024-04-20 21:31:00,SENSOR_056,Ruido,Cali,Occidente,36.62,dB,Normal,91.65,88.0,WiFi
2246,2024-08-18 21:30:00,SENSOR_004,Temperatura,Bogota,Sur,12.73,°C,Normal,41.82,94.0,4G
2247,2024-02-20 22:49:00,SENSOR_018,Ruido,Cartagena,Sur,41.03,dB,Normal,12.63,59.0,Ethernet
2248,2024-01-29 16:10:00,SENSOR_008,Temperatura,Barranquilla,Sur,,°C,Sin_Dato,29.88,43.0,Ethernet
2249,2024-12-23 17:39:00,SENSOR_045,Temperatura,Barranquilla,Oriente,26.06,°C,Normal,61.02,,WiFi
2250,2024-04-19 04:08:00,SENSOR_044,Temperatura,Barranquilla,Centro,19.79,°C,Normal,51.87,22.0,Ethernet
2251,2024-09-07 22:50:00,SENSOR_020,Humedad,Medellin,Norte,56.52,%,Normal,16.31,69.0,4G
2252,2024-01-31 11:20:00,SENSOR_002,Temperatura,Bucaramanga,Norte,30.31,°C,Alerta,90.95,74.0,4G
2253,2024-07-08 00:10:00,SENSOR_090,CO2,Cartagena,Oriente,1717.79,ppm,Critico,32.39,,LoRaWAN
2254,2024-12-26 07:34:00,SENSOR_089,CO2,Bogota,Sur,1295.02,ppm,Critico,90.62,83.0,LoRaWAN
2255,2024-02-06 04:33:00,SENSOR_093,Ruido,Bucaramanga,Occidente,58.52,dB,Normal,94.28,62.0,WiFi
2256,2024-07-23 09:22:00,SENSOR_049,PM2.5,Barranquilla,Oriente,81.21,µg/m3,Critico,93.11,54.0,4G
2257,2024-08-04 00:44:00,SENSOR_072,CO2,Barranquilla,Norte,1717.05,ppm,Critico,86.19,47.0,Ethernet
2258,2024-10-12 04:21:00,SENSOR_039,Humedad,Cartagena,Sur,85.94,%,Alerta,49.91,20.0,LoRaWAN
2259,2024-06-26 11:01:00,SENSOR_021,PM2.5,Barranquilla,Oriente,80.54,µg/m3,Critico,33.57,75.0,LoRaWAN
2260,2024-01-24 01:32:00,SENSOR_046,CO2,Bogota,Sur,841.77,ppm,Alerta,61.61,71.0,Ethernet
2261,2024-04-30 06:48:00,SENSOR_094,Ruido,Bogota,Centro,46.19,dB,Normal,62.33,25.0,Ethernet
2262,2024-11-21 09:02:00,SENSOR_030,Humedad,Barranquilla,Oriente,68.37,%,Normal,79.9,100.0,WiFi
2263,2024-06-24 23:49:00,SENSOR_072,Ruido,Bogota,Centro,71.34,dB,Alerta,38.66,20.0,LoRaWAN
2264,2024-09-07 03:02:00,SENSOR_003,PM2.5,Barranquilla,Norte,29.12,µg/m3,Normal,11.15,96.0,LoRaWAN
2265,2024-06-18 07:56:00,SENSOR_029,CO2,Bucaramanga,Occidente,1496.23,ppm,Critico,14.55,65.0,WiFi
2266,2024-07-19 01:58:00,SENSOR_022,Humedad,Bucaramanga,Sur,83.11,%,Alerta,46.24,43.0,LoRaWAN
2267,2024-03-21 20:01:00,SENSOR_089,CO2,Bogota,Occidente,1092.79,ppm,Alerta,69.31,63.0,WiFi
2268,2024-07-07 23:51:00,SENSOR_081,PM2.5,Bucaramanga,Centro,76.97,µg/m3,Critico,35.8,58.0,LoRaWAN
2269,2024-09-17 07:24:00,SENSOR_041,Ruido,Barranquilla,Norte,95.05,dB,Critico,50.02,33.0,Ethernet
2270,2024-11-27 18:40:00,SENSOR_026,CO2,Medellin,Oriente,1796.53,ppm,Critico,13.25,80.0,LoRaWAN
2271,2024-11-04 03:34:00,SENSOR_093,Ruido,Barranquilla,Norte,41.6,dB,Normal,7.73,35.0,Ethernet
2272,2024-10-12 15:09:00,SENSOR_021,PM2.5,Bogota,Occidente,53.75,µg/m3,Alerta,62.33,22.0,4G
2273,2024-09-01 16:29:00,SENSOR_010,Temperatura,Bucaramanga,Oriente,10.81,°C,Normal,63.48,38.0,4G
2274,2024-10-31 22:35:00,SENSOR_057,Humedad,Medellin,Centro,44.0,%,Normal,83.64,91.0,WiFi
2275,2024-08-12 16:45:00,SENSOR_065,CO2,Cali,Centro,385.78,ppm,Normal,82.51,66.0,WiFi
2276,2024-04-15 09:44:00,SENSOR_071,Temperatura,Medellin,Norte,13.31,°C,Normal,40.25,43.0,WiFi
2277,2024-03-21 05:52:00,SENSOR_092,PM2.5,Cali,Sur,,µg/m3,Sin_Dato,29.58,86.0,4G
2278,2024-08-05 20:06:00,SENSOR_032,CO2,Bucaramanga,Occidente,1493.32,ppm,Critico,70.14,94.0,Ethernet
2279,2024-12-18 04:17:00,SENSOR_016,CO2,Barranquilla,Centro,,ppm,Sin_Dato,60.53,79.0,4G
2280,2024-10-10 20:43:00,SENSOR_044,Humedad,Bogota,Oriente,63.1,%,Normal,18.42,26.0,Ethernet
2281,2024-06-15 10:51:00,SENSOR_080,Temperatura,Medellin,Norte,16.15,°C,Normal,12.17,47.0,Ethernet
2282,2024-11-12 20:47:00,SENSOR_100,Temperatura,Bucaramanga,Centro,24.12,°C,Normal,51.3,57.0,LoRaWAN
2283,2024-02-28 23:08:00,SENSOR_048,CO2,Medellin,Centro,376.68,ppm,Normal,21.87,68.0,4G
2284,2024-12-25 23:41:00,SENSOR_072,Humedad,Cartagena,Centro,50.13,%,Normal,10.25,84.0,Ethernet
2285,2024-11-25 13:34:00,SENSOR_098,Humedad,Bucaramanga,Centro,33.09,%,Alerta,,46.0,LoRaWAN
2286,2024-10-24 03:50:00,SENSOR_088,CO2,Barranquilla,Oriente,403.21,ppm,Normal,18.89,89.0,WiFi
2287,2024-02-02 12:22:00,SENSOR_010,Humedad,Medellin,Occidente,34.66,%,Alerta,34.79,55.0,Ethernet
2288,2024-02-13 18:26:00,SENSOR_013,Humedad,Cartagena,Sur,36.41,%,Alerta,56.96,50.0,4G
2289,2024-01-23 22:57:00,SENSOR_099,Temperatura,Cartagena,Norte,26.8,°C,Normal,73.75,48.0,Ethernet
2290,2024-01-07 13:56:00,SENSOR_031,Temperatura,Cartagena,Occidente,27.54,°C,Normal,75.14,79.0,LoRaWAN
2291,2024-12-19 23:04:00,SENSOR_055,Temperatura,Bucaramanga,Norte,18.84,°C,Normal,71.38,26.0,Ethernet
2292,2024-01-07 10:24:00,SENSOR_059,Humedad,Bogota,Oriente,53.74,%,Normal,80.47,97.0,LoRaWAN
2293,2024-03-16 21:01:00,SENSOR_024,Temperatura,Medellin,Oriente,12.02,°C,Normal,79.2,99.0,LoRaWAN
2294,2024-08-09 07:36:00,SENSOR_047,Ruido,Cali,Sur,44.21,dB,Normal,37.15,96.0,4G
2295,2024-11-26 05:49:00,SENSOR_055,Humedad,Bucaramanga,Centro,77.73,%,Normal,70.37,84.0,Ethernet
2296,2024-04-12 22:33:00,SENSOR_055,CO2,Medellin,Occidente,501.71,ppm,Normal,83.77,76.0,4G
2297,2024-01-19 09:26:00,SENSOR_048,Humedad,Cali,Oriente,42.71,%,Normal,54.85,25.0,4G
2298,2024-04-11 19:00:00,SENSOR_028,Ruido,Barranquilla,Sur,54.63,dB,Normal,89.15,74.0,4G
2299,2024-06-08 01:01:00,SENSOR_001,Temperatura,Cali,Centro,20.4,°C,Normal,33.33,33.0,LoRaWAN
2300,2024-05-15 03:03:00,SENSOR_038,Temperatura,Cartagena,Norte,34.76,°C,Critico,24.68,53.0,Ethernet
2301,2024-01-20 19:35:00,SENSOR_033,Ruido,Bucaramanga,Sur,71.75,dB,Alerta,90.73,47.0,Ethernet
2302,2024-06-17 10:43:00,SENSOR_001,PM2.5,Bogota,Sur,83.53,µg/m3,Critico,26.64,30.0,LoRaWAN
2303,2024-05-11 21:23:00,SENSOR_096,Temperatura,Medellin,Occidente,14.19,°C,Normal,41.41,55.0,WiFi
2304,2024-02-01 19:22:00,SENSOR_034,Humedad,Bogota,Oriente,35.33,%,Alerta,17.19,81.0,WiFi
2305,2024-05-20 05:34:00,SENSOR_003,Temperatura,Bogota,Occidente,24.58,°C,Normal,43.05,81.0,LoRaWAN
2306,2024-11-22 08:51:00,SENSOR_068,CO2,Cartagena,Occidente,1015.6,ppm,Alerta,63.36,27.0,LoRaWAN
2307,2024-04-27 09:41:00,SENSOR_018,Temperatura,Bogota,Oriente,23.66,°C,Normal,36.9,86.0,WiFi
2308,2024-03-15 06:40:00,SENSOR_002,Ruido,Bucaramanga,Centro,87.05,dB,Critico,87.2,51.0,WiFi
2309,2024-10-24 01:10:00,SENSOR_026,PM2.5,Bogota,Norte,114.83,µg/m3,Critico,47.62,73.0,WiFi
2310,2024-10-31 18:44:00,SENSOR_077,Ruido,Cali,Occidente,94.4,dB,Critico,13.42,47.0,WiFi
2311,2024-10-12 10:03:00,SENSOR_068,Temperatura,Medellin,Centro,26.08,°C,Normal,,83.0,LoRaWAN
2312,2024-05-17 06:42:00,SENSOR_088,Temperatura,Barranquilla,Norte,30.06,°C,Alerta,45.05,50.0,WiFi
2313,2024-12-08 09:27:00,SENSOR_079,CO2,Cartagena,Sur,1431.47,ppm,Critico,70.48,51.0,Ethernet
2314,2024-04-28 22:36:00,SENSOR_077,CO2,Cali,Sur,799.36,ppm,Normal,71.01,50.0,WiFi
2315,2024-04-21 12:27:00,SENSOR_062,PM2.5,Cali,Norte,21.73,µg/m3,Normal,96.3,76.0,LoRaWAN
2316,2024-02-20 18:47:00,SENSOR_077,CO2,Barranquilla,Norte,1617.25,ppm,Critico,85.09,52.0,Ethernet
2317,2024-11-02 13:00:00,SENSOR_023,Humedad,Bogota,Norte,32.43,%,Alerta,42.54,53.0,LoRaWAN
2318,2024-07-07 00:30:00,SENSOR_013,CO2,Medellin,Occidente,440.72,ppm,Normal,78.72,21.0,Ethernet
2319,2024-10-18 05:30:00,SENSOR_067,PM2.5,Barranquilla,Sur,72.52,µg/m3,Alerta,34.06,94.0,Ethernet
2320,2024-04-08 17:58:00,SENSOR_081,PM2.5,Cali,Centro,75.3,µg/m3,Critico,71.75,44.0,LoRaWAN
2321,2024-03-08 16:22:00,SENSOR_054,Temperatura,Bucaramanga,Occidente,15.15,°C,Normal,49.69,77.0,WiFi
2322,2024-12-14 05:29:00,SENSOR_089,Ruido,Medellin,Centro,80.93,dB,Alerta,72.1,36.0,4G
2323,2024-05-04 07:49:00,SENSOR_095,PM2.5,Cali,Centro,96.07,µg/m3,Critico,82.02,51.0,4G
2324,2024-06-19 21:28:00,SENSOR_056,Temperatura,Cali,Sur,23.61,°C,Normal,34.45,57.0,LoRaWAN
2325,2024-04-23 02:05:00,SENSOR_086,Humedad,Barranquilla,Centro,45.9,%,Normal,39.95,59.0,Ethernet
2326,2024-10-26 12:54:00,SENSOR_045,Temperatura,Barranquilla,Centro,22.87,°C,Normal,98.09,55.0,WiFi
2327,2024-07-26 12:51:00,SENSOR_014,CO2,Cali,Oriente,1108.73,ppm,Alerta,90.24,60.0,LoRaWAN
2328,2024-04-07 17:55:00,SENSOR_039,PM2.5,Cali,Centro,109.57,µg/m3,Critico,86.71,29.0,WiFi
2329,2024-05-25 08:51:00,SENSOR_041,PM2.5,Bucaramanga,Sur,91.18,µg/m3,Critico,21.67,42.0,4G
2330,2024-12-15 17:35:00,SENSOR_049,Ruido,Barranquilla,Oriente,95.88,dB,Critico,21.46,64.0,4G
2331,2024-06-17 17:28:00,SENSOR_069,PM2.5,Bucaramanga,Centro,101.0,µg/m3,Critico,56.47,97.0,WiFi
2332,2024-06-16 20:11:00,SENSOR_040,Humedad,Medellin,Sur,54.61,%,Normal,53.68,72.0,4G
2333,2024-05-26 18:43:00,SENSOR_039,PM2.5,Barranquilla,Occidente,114.51,µg/m3,Critico,49.9,87.0,Ethernet
2334,2024-11-13 14:47:00,SENSOR_079,PM2.5,Cali,Centro,97.96,µg/m3,Critico,21.69,91.0,4G
2335,2024-10-06 09:58:00,SENSOR_080,CO2,Medellin,Occidente,974.65,ppm,Alerta,83.01,,LoRaWAN
2336,2024-04-28 18:11:00,SENSOR_098,PM2.5,Cartagena,Occidente,75.01,µg/m3,Critico,92.51,21.0,4G
2337,2024-11-06 20:58:00,SENSOR_078,CO2,Bucaramanga,Sur,1201.41,ppm,Critico,49.68,53.0,Ethernet
2338,2024-03-31 17:33:00,SENSOR_071,Temperatura,Cartagena,Norte,,°C,Sin_Dato,60.93,90.0,Ethernet
2339,2024-06-03 13:37:00,SENSOR_036,Ruido,Cali,Occidente,68.56,dB,Normal,47.75,94.0,LoRaWAN
2340,2024-11-28 18:23:00,SENSOR_003,Ruido,Bucaramanga,Centro,90.58,dB,Critico,,75.0,WiFi
2341,2024-03-02 21:32:00,SENSOR_034,Temperatura,Cartagena,Oriente,34.08,°C,Critico,54.74,77.0,WiFi
2342,2024-09-02 04:38:00,SENSOR_051,Ruido,Bucaramanga,Sur,56.18,dB,Normal,12.27,74.0,WiFi
2343,2024-03-10 20:21:00,SENSOR_050,CO2,Bucaramanga,Sur,1384.81,ppm,Critico,31.99,67.0,Ethernet
2344,2024-08-26 14:22:00,SENSOR_003,Temperatura,Cali,Sur,29.54,°C,Alerta,72.2,49.0,Ethernet
2345,2024-09-06 21:04:00,SENSOR_040,CO2,Bogota,Norte,1493.11,ppm,Critico,49.8,95.0,4G
2346,2024-08-29 02:58:00,SENSOR_058,Temperatura,Bogota,Sur,18.26,°C,Normal,69.84,61.0,Ethernet
2347,2024-11-07 12:54:00,SENSOR_096,CO2,Medellin,Oriente,1484.38,ppm,Critico,77.26,56.0,4G
2348,2024-10-23 12:24:00,SENSOR_072,Humedad,Bogota,Oriente,52.8,%,Normal,,22.0,WiFi
2349,2024-04-12 21:26:00,SENSOR_057,Ruido,Cartagena,Occidente,40.46,dB,Normal,66.61,,LoRaWAN
2350,2024-09-25 14:31:00,SENSOR_019,Ruido,Barranquilla,Oriente,59.44,dB,Normal,89.7,73.0,4G
2351,2024-02-07 13:52:00,SENSOR_025,Humedad,Barranquilla,Oriente,74.2,%,Normal,61.54,96.0,Ethernet
2352,2024-06-27 02:47:00,SENSOR_030,Temperatura,Bogota,Occidente,13.76,°C,Normal,46.78,81.0,WiFi
2353,2024-11-22 13:59:00,SENSOR_029,CO2,Bogota,Oriente,835.99,ppm,Alerta,45.66,37.0,Ethernet
2354,2024-06-27 09:44:00,SENSOR_051,CO2,Bucaramanga,Occidente,1064.16,ppm,Alerta,57.66,82.0,Ethernet
2355,2024-07-11 22:37:00,SENSOR_064,CO2,Cali,Occidente,1275.09,ppm,Critico,84.73,37.0,LoRaWAN
2356,2024-05-18 13:00:00,SENSOR_058,CO2,Barranquilla,Oriente,1603.82,ppm,Critico,79.48,79.0,Ethernet
2357,2024-12-12 02:48:00,SENSOR_037,Humedad,Bogota,Sur,,%,Sin_Dato,45.02,59.0,Ethernet
2358,2024-09-12 09:29:00,SENSOR_026,Temperatura,Cali,Centro,21.78,°C,Normal,78.81,95.0,WiFi
2359,2024-01-24 12:48:00,SENSOR_083,PM2.5,Barranquilla,Centro,89.92,µg/m3,Critico,40.4,84.0,4G
2360,2024-06-25 08:11:00,SENSOR_096,CO2,Cali,Sur,1774.79,ppm,Critico,67.2,51.0,LoRaWAN
2361,2024-05-11 06:51:00,SENSOR_026,Ruido,Barranquilla,Norte,37.07,dB,Normal,91.97,24.0,LoRaWAN
2362,2024-12-05 15:11:00,SENSOR_004,Temperatura,Cartagena,Centro,16.14,°C,Normal,99.01,73.0,WiFi
2363,2024-02-27 06:45:00,SENSOR_077,PM2.5,Barranquilla,Occidente,89.59,µg/m3,Critico,99.39,33.0,LoRaWAN
2364,2024-06-05 14:02:00,SENSOR_096,Ruido,Bucaramanga,Sur,55.28,dB,Normal,47.62,85.0,Ethernet
2365,2024-12-20 12:30:00,SENSOR_086,Ruido,Bogota,Sur,61.75,dB,Normal,86.56,90.0,4G
2366,2024-01-12 12:31:00,SENSOR_095,CO2,Cali,Norte,1766.93,ppm,Critico,6.59,28.0,LoRaWAN
2367,2024-04-29 11:21:00,SENSOR_090,Temperatura,Medellin,Norte,24.36,°C,Normal,45.17,22.0,LoRaWAN
2368,2024-07-21 14:35:00,SENSOR_062,PM2.5,Barranquilla,Norte,25.09,µg/m3,Normal,29.07,47.0,WiFi
2369,2024-10-09 22:23:00,SENSOR_049,Ruido,Bogota,Sur,91.39,dB,Critico,61.12,78.0,LoRaWAN
2370,2024-05-02 02:03:00,SENSOR_034,CO2,Bucaramanga,Sur,303.99,ppm,Normal,29.93,41.0,4G
2371,2024-12-16 03:28:00,SENSOR_083,Temperatura,Medellin,Sur,28.69,°C,Alerta,86.64,83.0,Ethernet
2372,2024-08-08 05:37:00,SENSOR_013,Humedad,Medellin,Centro,34.96,%,Alerta,5.82,67.0,4G
2373,2024-07-13 19:31:00,SENSOR_054,Temperatura,Cali,Occidente,33.77,°C,Critico,78.7,41.0,WiFi
2374,2024-12-22 01:11:00,SENSOR_071,CO2,Cartagena,Sur,1510.1,ppm,Critico,59.85,29.0,4G
2375,2024-09-30 03:29:00,SENSOR_043,Temperatura,Cali,Occidente,18.63,°C,Normal,25.44,32.0,4G
2376,2024-08-14 11:58:00,SENSOR_069,PM2.5,Cartagena,Centro,93.02,µg/m3,Critico,99.31,28.0,LoRaWAN
2377,2024-10-07 11:29:00,SENSOR_025,PM2.5,Cali,Norte,24.9,µg/m3,Normal,14.77,67.0,Ethernet
2378,2024-06-25 08:05:00,SENSOR_098,Temperatura,Bogota,Occidente,22.88,°C,Normal,90.94,31.0,LoRaWAN
2379,2024-10-19 10:04:00,SENSOR_012,Temperatura,Medellin,Norte,26.03,°C,Normal,85.65,61.0,4G
2380,2024-01-29 09:25:00,SENSOR_025,CO2,Bogota,Sur,,ppm,Sin_Dato,13.36,26.0,Ethernet
2381,2024-09-19 13:17:00,SENSOR_079,CO2,Cartagena,Sur,910.17,ppm,Alerta,46.06,59.0,LoRaWAN
2382,2024-08-09 01:22:00,SENSOR_016,PM2.5,Cartagena,Norte,21.26,µg/m3,Normal,86.48,63.0,4G
2383,2024-02-10 02:31:00,SENSOR_054,PM2.5,Cali,Centro,97.42,µg/m3,Critico,,68.0,Ethernet
2384,2024-03-08 22:14:00,SENSOR_003,Humedad,Bogota,Occidente,46.25,%,Normal,16.73,73.0,4G
2385,2024-04-20 15:25:00,SENSOR_088,CO2,Bogota,Oriente,903.16,ppm,Alerta,41.2,68.0,4G
2386,2024-01-23 04:37:00,SENSOR_068,Ruido,Medellin,Sur,95.61,dB,Critico,5.37,49.0,4G
2387,2024-09-13 02:18:00,SENSOR_064,PM2.5,Medellin,Norte,10.65,µg/m3,Normal,18.85,79.0,LoRaWAN
2388,2024-09-04 06:56:00,SENSOR_079,CO2,Bucaramanga,Norte,1134.75,ppm,Alerta,18.75,57.0,LoRaWAN
2389,2024-05-15 15:14:00,SENSOR_092,PM2.5,Bogota,Sur,97.33,µg/m3,Critico,,100.0,Ethernet
2390,2024-01-12 14:29:00,SENSOR_049,PM2.5,Bogota,Sur,,µg/m3,Sin_Dato,84.02,73.0,LoRaWAN
2391,2024-08-06 18:29:00,SENSOR_062,Ruido,Cali,Oriente,74.45,dB,Alerta,73.21,,WiFi
2392,2024-08-28 15:35:00,SENSOR_056,Humedad,Bucaramanga,Sur,,%,Sin_Dato,36.28,75.0,4G
2393,2024-06-09 14:31:00,SENSOR_066,PM2.5,Cartagena,Oriente,63.7,µg/m3,Alerta,41.19,98.0,4G
2394,2024-02-23 22:26:00,SENSOR_027,Ruido,Bucaramanga,Centro,92.53,dB,Critico,61.2,32.0,4G
2395,2024-10-05 07:15:00,SENSOR_002,PM2.5,Cali,Oriente,91.62,µg/m3,Critico,12.57,21.0,4G
2396,2024-01-13 03:26:00,SENSOR_027,CO2,Cali,Centro,1081.58,ppm,Alerta,77.7,91.0,4G
2397,2024-07-30 01:27:00,SENSOR_040,Temperatura,Bogota,Occidente,30.22,°C,Alerta,95.92,76.0,4G
2398,2024-06-23 07:16:00,SENSOR_076,Ruido,Cali,Centro,76.57,dB,Alerta,36.48,70.0,Ethernet
2399,2024-01-06 16:46:00,SENSOR_072,PM2.5,Cali,Occidente,77.08,µg/m3,Critico,44.32,68.0,4G
2400,2024-05-01 11:01:00,SENSOR_048,Humedad,Barranquilla,Occidente,40.33,%,Normal,73.11,34.0,4G
2401,2024-04-22 07:55:00,SENSOR_032,Temperatura,Cali,Norte,22.75,°C,Normal,55.84,74.0,Ethernet
2402,2024-10-25 04:36:00,SENSOR_082,Temperatura,Bucaramanga,Occidente,19.98,°C,Normal,57.41,54.0,LoRaWAN
2403,2024-08-24 23:43:00,SENSOR_074,Humedad,Bucaramanga,Sur,53.23,%,Normal,94.07,64.0,LoRaWAN
2404,2024-04-25 12:26:00,SENSOR_065,Ruido,Barranquilla,Occidente,81.05,dB,Alerta,13.26,57.0,Ethernet
2405,2024-04-23 22:51:00,SENSOR_055,Temperatura,Bucaramanga,Sur,26.3,°C,Normal,63.79,62.0,4G
2406,2024-07-14 07:29:00,SENSOR_079,CO2,Bucaramanga,Sur,837.29,ppm,Alerta,34.51,71.0,Ethernet
2407,2024-11-06 18:18:00,SENSOR_031,Temperatura,Barranquilla,Centro,15.16,°C,Normal,82.73,34.0,Ethernet
2408,2024-05-19 13:41:00,SENSOR_005,PM2.5,Bogota,Sur,78.52,µg/m3,Critico,31.67,55.0,4G
2409,2024-08-10 07:40:00,SENSOR_099,Humedad,Barranquilla,Occidente,56.66,%,Normal,64.7,75.0,WiFi
2410,2024-03-01 07:15:00,SENSOR_082,CO2,Cartagena,Centro,,ppm,Sin_Dato,91.45,29.0,LoRaWAN
2411,2024-06-08 14:20:00,SENSOR_057,CO2,Barranquilla,Norte,1090.48,ppm,Alerta,75.95,64.0,LoRaWAN
2412,2024-07-09 05:03:00,SENSOR_035,CO2,Bucaramanga,Centro,531.36,ppm,Normal,63.43,54.0,Ethernet
2413,2024-04-10 07:59:00,SENSOR_064,CO2,Medellin,Centro,892.63,ppm,Alerta,80.36,28.0,WiFi
2414,2024-04-21 12:36:00,SENSOR_091,Ruido,Cartagena,Sur,75.72,dB,Alerta,81.29,25.0,4G
2415,2024-03-03 06:04:00,SENSOR_046,PM2.5,Cali,Norte,7.26,µg/m3,Normal,37.32,37.0,WiFi
2416,2024-04-25 13:44:00,SENSOR_050,CO2,Medellin,Oriente,1211.01,ppm,Critico,65.93,70.0,WiFi
2417,2024-11-20 15:06:00,SENSOR_072,Ruido,Cartagena,Centro,40.34,dB,Normal,58.44,32.0,WiFi
2418,2024-11-28 02:39:00,SENSOR_062,Temperatura,Cali,Sur,26.94,°C,Normal,14.12,41.0,LoRaWAN
2419,2024-05-30 00:15:00,SENSOR_087,CO2,Bogota,Oriente,566.76,ppm,Normal,77.2,63.0,Ethernet
2420,2024-07-17 03:31:00,SENSOR_057,CO2,Bucaramanga,Oriente,778.86,ppm,Normal,50.73,58.0,LoRaWAN
2421,2024-06-02 02:19:00,SENSOR_082,Ruido,Cali,Norte,77.72,dB,Alerta,86.68,42.0,4G
2422,2024-01-02 22:42:00,SENSOR_075,Temperatura,Cali,Occidente,33.67,°C,Critico,33.35,46.0,LoRaWAN
2423,2024-12-03 17:43:00,SENSOR_060,Temperatura,Bogota,Centro,33.74,°C,Critico,48.92,56.0,LoRaWAN
2424,2024-06-24 01:09:00,SENSOR_085,PM2.5,Bogota,Sur,24.89,µg/m3,Normal,49.49,71.0,LoRaWAN
2425,2024-03-16 15:07:00,SENSOR_029,Ruido,Cali,Sur,60.58,dB,Normal,66.63,99.0,LoRaWAN
2426,2024-04-20 10:15:00,SENSOR_031,CO2,Medellin,Occidente,824.28,ppm,Alerta,,94.0,LoRaWAN
2427,2024-12-19 21:11:00,SENSOR_096,Ruido,Cartagena,Sur,67.6,dB,Normal,43.23,87.0,LoRaWAN
2428,2024-03-26 14:28:00,SENSOR_100,Humedad,Medellin,Oriente,78.21,%,Normal,96.42,20.0,LoRaWAN
2429,2024-01-14 06:49:00,SENSOR_060,Ruido,Bogota,Sur,99.81,dB,Critico,73.05,83.0,Ethernet
2430,2024-06-27 19:25:00,SENSOR_038,CO2,Bogota,Occidente,1157.86,ppm,Alerta,54.23,56.0,LoRaWAN
2431,2024-10-20 00:50:00,SENSOR_005,Temperatura,Bogota,Oriente,30.62,°C,Alerta,12.39,23.0,WiFi
2432,2024-03-17 08:33:00,SENSOR_057,Ruido,Barranquilla,Centro,86.39,dB,Critico,8.18,96.0,4G
2433,2024-08-15 15:05:00,SENSOR_041,Ruido,Barranquilla,Centro,45.15,dB,Normal,39.69,50.0,Ethernet
2434,2024-11-20 03:54:00,SENSOR_052,CO2,Barranquilla,Norte,1485.88,ppm,Critico,27.81,65.0,Ethernet
2435,2024-02-03 02:44:00,SENSOR_063,Humedad,Bogota,Oriente,64.99,%,Normal,13.11,64.0,WiFi
2436,2024-05-21 03:46:00,SENSOR_079,CO2,Bogota,Centro,1205.4,ppm,Critico,34.44,59.0,4G
2437,2024-11-10 17:28:00,SENSOR_052,CO2,Barranquilla,Norte,1457.84,ppm,Critico,46.95,28.0,LoRaWAN
2438,2024-01-17 06:32:00,SENSOR_026,Temperatura,Barranquilla,Centro,26.84,°C,Normal,39.6,66.0,4G
2439,2024-10-10 20:48:00,SENSOR_004,CO2,Cartagena,Norte,1787.49,ppm,Critico,90.21,95.0,LoRaWAN
2440,2024-02-19 17:47:00,SENSOR_019,Ruido,Cartagena,Occidente,72.91,dB,Alerta,16.99,45.0,4G
2441,2024-02-25 00:29:00,SENSOR_034,CO2,Barranquilla,Norte,1507.66,ppm,Critico,15.28,89.0,4G
2442,2024-08-30 14:09:00,SENSOR_080,CO2,Cali,Oriente,696.16,ppm,Normal,40.87,47.0,4G
2443,2024-09-29 21:50:00,SENSOR_088,CO2,Cali,Sur,464.06,ppm,Normal,78.38,63.0,WiFi
2444,2024-06-04 16:56:00,SENSOR_049,PM2.5,Bucaramanga,Norte,84.02,µg/m3,Critico,24.58,89.0,WiFi
2445,2024-06-06 13:39:00,SENSOR_057,PM2.5,Barranquilla,Oriente,16.47,µg/m3,Normal,31.55,30.0,LoRaWAN
2446,2024-10-05 03:57:00,SENSOR_086,Temperatura,Medellin,Norte,16.53,°C,Normal,23.84,27.0,WiFi
2447,2024-03-22 00:58:00,SENSOR_024,PM2.5,Bucaramanga,Norte,49.75,µg/m3,Alerta,53.28,70.0,LoRaWAN
2448,2024-12-07 07:21:00,SENSOR_062,Temperatura,Bogota,Occidente,26.54,°C,Normal,15.3,79.0,Ethernet
2449,2024-04-15 03:14:00,SENSOR_095,Temperatura,Cartagena,Sur,26.36,°C,Normal,11.24,32.0,Ethernet
2450,2024-04-17 05:56:00,SENSOR_006,PM2.5,Cali,Occidente,50.4,µg/m3,Alerta,33.48,93.0,4G
2451,2024-02-02 13:28:00,SENSOR_029,Ruido,Barranquilla,Norte,77.53,dB,Alerta,29.39,58.0,WiFi
2452,2024-03-01 16:01:00,SENSOR_052,Humedad,Bogota,Sur,31.33,%,Alerta,28.77,24.0,Ethernet
2453,2024-01-12 06:17:00,SENSOR_030,CO2,Cali,Norte,1797.07,ppm,Critico,61.64,35.0,WiFi
2454,2024-09-29 03:59:00,SENSOR_072,Humedad,Cartagena,Centro,65.41,%,Normal,49.13,,LoRaWAN
2455,2024-05-07 12:59:00,SENSOR_016,Temperatura,Cali,Norte,25.94,°C,Normal,18.16,41.0,Ethernet
2456,2024-01-03 12:14:00,SENSOR_018,Ruido,Medellin,Centro,95.4,dB,Critico,,78.0,LoRaWAN
2457,2024-07-20 05:28:00,SENSOR_066,PM2.5,Bogota,Norte,93.86,µg/m3,Critico,26.93,58.0,4G
2458,2024-03-01 04:59:00,SENSOR_001,Ruido,Bucaramanga,Sur,87.22,dB,Critico,50.6,52.0,Ethernet
2459,2024-06-07 12:05:00,SENSOR_099,Temperatura,Barranquilla,Sur,,°C,Sin_Dato,12.74,31.0,4G
2460,2024-06-27 01:42:00,SENSOR_025,CO2,Bogota,Occidente,1727.27,ppm,Critico,50.81,48.0,LoRaWAN
2461,2024-11-26 10:39:00,SENSOR_013,Temperatura,Bucaramanga,Oriente,27.48,°C,Normal,37.81,27.0,LoRaWAN
2462,2024-02-23 16:14:00,SENSOR_017,Temperatura,Cali,Oriente,34.08,°C,Critico,81.87,100.0,LoRaWAN
2463,2024-06-01 01:38:00,SENSOR_031,PM2.5,Bucaramanga,Oriente,91.95,µg/m3,Critico,84.11,75.0,WiFi
2464,2024-01-07 20:06:00,SENSOR_050,CO2,Cali,Norte,1731.25,ppm,Critico,93.47,78.0,4G
2465,2024-02-28 06:36:00,SENSOR_082,Temperatura,Bucaramanga,Norte,14.43,°C,Normal,44.92,77.0,LoRaWAN
2466,2024-12-29 23:54:00,SENSOR_034,Temperatura,Cali,Centro,17.02,°C,Normal,9.1,76.0,4G
2467,2024-03-26 05:54:00,SENSOR_070,Ruido,Bogota,Sur,,dB,Sin_Dato,32.5,78.0,LoRaWAN
2468,2024-08-05 15:35:00,SENSOR_062,Temperatura,Bucaramanga,Centro,22.1,°C,Normal,49.9,77.0,LoRaWAN
2469,2024-07-30 02:53:00,SENSOR_087,Ruido,Barranquilla,Sur,44.74,dB,Normal,48.31,93.0,4G
2470,2024-08-03 13:43:00,SENSOR_065,Temperatura,Cali,Sur,24.5,°C,Normal,29.49,87.0,LoRaWAN
2471,2024-10-30 13:11:00,SENSOR_002,PM2.5,Bucaramanga,Oriente,25.93,µg/m3,Normal,66.75,28.0,4G
2472,2024-04-06 06:39:00,SENSOR_053,Temperatura,Cartagena,Oriente,31.56,°C,Alerta,89.59,67.0,Ethernet
2473,2024-01-30 18:26:00,SENSOR_097,PM2.5,Barranquilla,Norte,99.92,µg/m3,Critico,26.17,43.0,Ethernet
2474,2024-02-20 19:07:00,SENSOR_086,Ruido,Bogota,Centro,99.24,dB,Critico,57.62,43.0,WiFi
2475,2024-10-23 06:30:00,SENSOR_070,CO2,Barranquilla,Norte,647.74,ppm,Normal,78.75,38.0,4G
2476,2024-06-16 07:47:00,SENSOR_033,Temperatura,Cali,Oriente,30.36,°C,Alerta,84.28,68.0,LoRaWAN
2477,2024-06-13 23:31:00,SENSOR_088,PM2.5,Bogota,Oriente,20.01,µg/m3,Normal,56.08,37.0,LoRaWAN
2478,2024-03-06 18:52:00,SENSOR_018,Humedad,Cartagena,Sur,84.25,%,Alerta,41.34,52.0,LoRaWAN
2479,2024-07-28 04:22:00,SENSOR_069,Humedad,Bucaramanga,Sur,92.52,%,Critico,77.64,21.0,LoRaWAN
2480,2024-05-01 09:37:00,SENSOR_047,Humedad,Cali,Sur,30.42,%,Alerta,47.19,58.0,4G
2481,2024-09-22 21:41:00,SENSOR_043,PM2.5,Bogota,Oriente,114.39,µg/m3,Critico,65.57,70.0,WiFi
2482,2024-05-11 09:10:00,SENSOR_006,Humedad,Medellin,Occidente,46.19,%,Normal,50.65,31.0,LoRaWAN
2483,2024-10-19 04:56:00,SENSOR_054,PM2.5,Medellin,Occidente,67.09,µg/m3,Alerta,54.83,86.0,Ethernet
2484,2024-05-27 19:22:00,SENSOR_090,Humedad,Bogota,Sur,66.88,%,Normal,21.5,80.0,Ethernet
2485,2024-08-13 12:33:00,SENSOR_039,Temperatura,Bogota,Oriente,29.01,°C,Alerta,53.12,22.0,LoRaWAN
2486,2024-02-27 05:18:00,SENSOR_090,PM2.5,Bogota,Norte,43.92,µg/m3,Alerta,94.2,40.0,WiFi
2487,2024-02-29 21:45:00,SENSOR_093,CO2,Bucaramanga,Sur,707.39,ppm,Normal,55.33,28.0,WiFi
2488,2024-07-14 22:10:00,SENSOR_052,Ruido,Bucaramanga,Norte,83.08,dB,Alerta,38.77,93.0,Ethernet
2489,2024-07-03 03:05:00,SENSOR_036,Humedad,Medellin,Centro,55.89,%,Normal,91.31,89.0,4G
2490,2024-05-26 20:19:00,SENSOR_002,PM2.5,Cartagena,Sur,21.3,µg/m3,Normal,57.76,21.0,Ethernet
2491,2024-02-05 15:53:00,SENSOR_012,Ruido,Cali,Sur,44.98,dB,Normal,51.12,88.0,LoRaWAN
2492,2024-12-30 05:03:00,SENSOR_091,Ruido,Bogota,Occidente,,dB,Sin_Dato,73.62,83.0,Ethernet
2493,2024-04-06 06:57:00,SENSOR_004,CO2,Cartagena,Norte,496.04,ppm,Normal,58.42,65.0,4G
2494,2024-06-22 12:09:00,SENSOR_030,PM2.5,Barranquilla,Norte,5.43,µg/m3,Normal,66.51,81.0,LoRaWAN
2495,2024-04-27 14:51:00,SENSOR_076,PM2.5,Bogota,Sur,77.64,µg/m3,Critico,35.66,74.0,4G
2496,2024-11-19 01:01:00,SENSOR_011,Humedad,Cali,Occidente,88.76,%,Alerta,83.9,34.0,LoRaWAN
2497,2024-05-13 15:13:00,SENSOR_039,Humedad,Cartagena,Oriente,40.3,%,Normal,62.12,89.0,4G
2498,2024-02-21 00:54:00,SENSOR_023,Ruido,Cali,Occidente,50.32,dB,Normal,46.25,81.0,4G
2499,2024-07-06 18:49:00,SENSOR_039,Humedad,Medellin,Sur,52.27,%,Normal,90.19,41.0,Ethernet
2500,2024-09-20 12:42:00,SENSOR_061,Ruido,Bogota,Sur,90.34,dB,Critico,54.26,25.0,4G
2501,2024-02-04 03:12:00,SENSOR_098,PM2.5,Medellin,Sur,78.68,µg/m3,Critico,49.74,26.0,WiFi
2502,2024-02-06 07:00:00,SENSOR_073,PM2.5,Cali,Centro,85.39,µg/m3,Critico,50.4,41.0,Ethernet
2503,2024-10-05 02:56:00,SENSOR_089,Humedad,Barranquilla,Norte,68.6,%,Normal,25.98,49.0,WiFi
2504,2024-03-02 13:14:00,SENSOR_092,Temperatura,Cali,Centro,13.71,°C,Normal,94.7,78.0,4G
2505,2024-05-12 17:33:00,SENSOR_051,CO2,Cali,Centro,1599.43,ppm,Critico,97.12,,WiFi
2506,2024-02-17 21:30:00,SENSOR_067,PM2.5,Cali,Norte,30.0,µg/m3,Normal,55.11,77.0,LoRaWAN
2507,2024-04-29 02:50:00,SENSOR_021,Humedad,Cartagena,Occidente,92.58,%,Critico,35.69,73.0,Ethernet
2508,2024-12-13 02:20:00,SENSOR_011,PM2.5,Cali,Norte,,µg/m3,Sin_Dato,45.97,58.0,Ethernet
2509,2024-06-21 01:15:00,SENSOR_052,Temperatura,Cali,Centro,13.58,°C,Normal,59.59,27.0,Ethernet
2510,2024-08-06 21:36:00,SENSOR_059,CO2,Bucaramanga,Centro,977.42,ppm,Alerta,84.99,60.0,LoRaWAN
2511,2024-02-08 05:27:00,SENSOR_092,Humedad,Cali,Norte,70.25,%,Normal,73.79,75.0,Ethernet
2512,2024-09-21 19:51:00,SENSOR_035,PM2.5,Cartagena,Norte,114.94,µg/m3,Critico,43.02,,LoRaWAN
2513,2024-06-03 09:10:00,SENSOR_095,Humedad,Barranquilla,Occidente,74.78,%,Normal,49.54,62.0,Ethernet
2514,2024-05-24 06:32:00,SENSOR_032,Humedad,Cartagena,Centro,90.73,%,Critico,37.34,46.0,WiFi
2515,2024-05-11 15:30:00,SENSOR_030,Temperatura,Bucaramanga,Sur,13.81,°C,Normal,93.67,,LoRaWAN
2516,2024-05-18 23:49:00,SENSOR_092,Temperatura,Bucaramanga,Norte,18.67,°C,Normal,11.9,51.0,4G
2517,2024-08-25 20:41:00,SENSOR_013,Temperatura,Bogota,Oriente,18.91,°C,Normal,52.37,54.0,WiFi
2518,2024-07-18 01:42:00,SENSOR_020,CO2,Medellin,Sur,406.81,ppm,Normal,19.85,31.0,4G
2519,2024-08-21 13:22:00,SENSOR_030,Ruido,Cartagena,Centro,39.9,dB,Normal,28.7,64.0,WiFi
2520,2024-09-11 08:23:00,SENSOR_092,CO2,Barranquilla,Norte,680.89,ppm,Normal,11.5,80.0,WiFi
2521,2024-08-30 14:46:00,SENSOR_089,CO2,Bucaramanga,Sur,481.91,ppm,Normal,46.06,85.0,4G
2522,2024-07-21 04:35:00,SENSOR_053,Ruido,Medellin,Centro,61.68,dB,Normal,12.07,88.0,LoRaWAN
2523,2024-11-10 23:48:00,SENSOR_031,Temperatura,Cali,Norte,10.02,°C,Normal,11.95,39.0,WiFi
2524,2024-08-16 22:24:00,SENSOR_078,PM2.5,Cartagena,Oriente,81.78,µg/m3,Critico,47.31,59.0,4G
2525,2024-06-06 02:53:00,SENSOR_089,PM2.5,Bucaramanga,Centro,93.03,µg/m3,Critico,9.19,73.0,WiFi
2526,2024-02-06 10:46:00,SENSOR_094,Humedad,Medellin,Occidente,63.37,%,Normal,14.33,24.0,LoRaWAN
2527,2024-10-11 12:39:00,SENSOR_085,Humedad,Bogota,Oriente,37.4,%,Alerta,49.95,65.0,WiFi
2528,2024-09-14 04:59:00,SENSOR_054,CO2,Cartagena,Centro,1291.26,ppm,Critico,99.36,88.0,4G
2529,2024-10-03 20:21:00,SENSOR_062,Temperatura,Medellin,Occidente,,°C,Sin_Dato,72.88,20.0,WiFi
2530,2024-07-30 10:48:00,SENSOR_058,Ruido,Medellin,Norte,62.3,dB,Normal,,23.0,4G
2531,2024-02-06 04:51:00,SENSOR_099,Ruido,Bucaramanga,Occidente,68.83,dB,Normal,64.74,33.0,LoRaWAN
2532,2024-09-09 10:39:00,SENSOR_037,Humedad,Cartagena,Occidente,87.96,%,Alerta,50.68,75.0,Ethernet
2533,2024-10-31 06:34:00,SENSOR_058,PM2.5,Cali,Centro,61.51,µg/m3,Alerta,45.37,25.0,LoRaWAN
2534,2024-09-23 02:34:00,SENSOR_052,Humedad,Medellin,Sur,35.81,%,Alerta,64.45,95.0,4G
2535,2024-01-12 20:07:00,SENSOR_093,CO2,Bogota,Norte,1741.99,ppm,Critico,77.05,80.0,Ethernet
2536,2024-12-17 01:29:00,SENSOR_031,Temperatura,Bogota,Norte,27.19,°C,Normal,61.23,73.0,WiFi
2537,2024-09-27 06:46:00,SENSOR_037,Humedad,Cartagena,Oriente,,%,Sin_Dato,29.95,67.0,LoRaWAN
2538,2024-09-02 09:46:00,SENSOR_042,CO2,Bogota,Centro,1788.83,ppm,Critico,75.72,92.0,4G
2539,2024-12-27 03:47:00,SENSOR_052,Humedad,Barranquilla,Oriente,61.09,%,Normal,14.25,45.0,LoRaWAN
2540,2024-06-30 02:52:00,SENSOR_068,Temperatura,Medellin,Centro,,°C,Sin_Dato,26.22,59.0,4G
2541,2024-01-13 22:22:00,SENSOR_063,Temperatura,Barranquilla,Sur,24.2,°C,Normal,44.21,72.0,Ethernet
2542,2024-04-21 02:56:00,SENSOR_066,Humedad,Cartagena,Oriente,63.92,%,Normal,19.89,77.0,LoRaWAN
2543,2024-10-21 08:15:00,SENSOR_008,Humedad,Bogota,Norte,38.43,%,Alerta,32.26,79.0,Ethernet
2544,2024-03-15 08:03:00,SENSOR_024,CO2,Cali,Centro,1404.87,ppm,Critico,14.72,100.0,4G
2545,2024-01-09 17:13:00,SENSOR_044,Ruido,Bogota,Oriente,81.13,dB,Alerta,85.73,36.0,Ethernet
2546,2024-08-02 00:29:00,SENSOR_099,PM2.5,Cali,Oriente,,µg/m3,Sin_Dato,80.97,61.0,4G
2547,2024-12-10 21:22:00,SENSOR_051,PM2.5,Cartagena,Sur,103.38,µg/m3,Critico,33.78,,4G
2548,2024-07-07 23:28:00,SENSOR_089,CO2,Cartagena,Norte,1554.59,ppm,Critico,11.7,50.0,Ethernet
2549,2024-02-25 22:20:00,SENSOR_039,Humedad,Cali,Centro,84.44,%,Alerta,91.77,39.0,Ethernet
2550,2024-10-04 04:18:00,SENSOR_081,CO2,Cartagena,Centro,1206.42,ppm,Critico,59.51,,WiFi
2551,2024-01-18 20:17:00,SENSOR_034,PM2.5,Bucaramanga,Centro,90.6,µg/m3,Critico,82.39,98.0,4G
2552,2024-08-17 14:45:00,SENSOR_049,Humedad,Barranquilla,Occidente,77.21,%,Normal,57.46,57.0,WiFi
2553,2024-02-02 23:05:00,SENSOR_029,CO2,Cali,Centro,1433.43,ppm,Critico,15.53,91.0,WiFi
2554,2024-08-15 05:28:00,SENSOR_002,Humedad,Cali,Centro,71.35,%,Normal,60.79,,LoRaWAN
2555,2024-11-23 23:56:00,SENSOR_005,Ruido,Cartagena,Sur,,dB,Sin_Dato,80.28,69.0,Ethernet
2556,2024-03-13 21:09:00,SENSOR_038,Ruido,Barranquilla,Occidente,39.5,dB,Normal,29.95,69.0,LoRaWAN
2557,2024-08-17 03:49:00,SENSOR_061,Ruido,Medellin,Norte,98.49,dB,Critico,80.1,54.0,WiFi
2558,2024-06-11 00:11:00,SENSOR_028,CO2,Bucaramanga,Sur,1170.94,ppm,Alerta,54.9,,4G
2559,2024-06-28 19:27:00,SENSOR_078,Ruido,Bogota,Norte,99.93,dB,Critico,22.65,58.0,WiFi
2560,2024-01-04 03:16:00,SENSOR_050,Humedad,Bogota,Norte,82.59,%,Alerta,94.33,91.0,WiFi
2561,2024-09-10 04:11:00,SENSOR_063,Temperatura,Bucaramanga,Norte,10.91,°C,Normal,,71.0,LoRaWAN
2562,2024-08-03 01:08:00,SENSOR_053,CO2,Bogota,Norte,356.18,ppm,Normal,7.03,57.0,Ethernet
2563,2024-12-03 18:52:00,SENSOR_077,Ruido,Cali,Occidente,76.35,dB,Alerta,61.14,86.0,WiFi
2564,2024-12-06 06:36:00,SENSOR_002,Ruido,Barranquilla,Norte,36.65,dB,Normal,89.74,20.0,WiFi
2565,2024-11-19 16:28:00,SENSOR_063,CO2,Medellin,Oriente,764.91,ppm,Normal,24.19,24.0,Ethernet
2566,2024-03-16 04:39:00,SENSOR_015,Temperatura,Bogota,Oriente,28.97,°C,Alerta,99.31,23.0,4G
2567,2024-03-08 14:14:00,SENSOR_035,Temperatura,Cali,Sur,30.25,°C,Alerta,61.23,49.0,4G
2568,2024-06-18 21:05:00,SENSOR_086,CO2,Barranquilla,Occidente,1395.62,ppm,Critico,92.93,40.0,4G
2569,2024-03-20 07:07:00,SENSOR_062,Humedad,Barranquilla,Centro,53.41,%,Normal,88.26,59.0,4G
2570,2024-10-07 03:35:00,SENSOR_081,Humedad,Bucaramanga,Sur,76.65,%,Normal,63.28,78.0,4G
2571,2024-03-16 13:26:00,SENSOR_059,CO2,Medellin,Occidente,1341.71,ppm,Critico,53.12,39.0,4G
2572,2024-09-11 03:08:00,SENSOR_068,Humedad,Bucaramanga,Sur,39.97,%,Alerta,82.15,31.0,LoRaWAN
2573,2024-02-26 23:21:00,SENSOR_031,Humedad,Cali,Occidente,88.15,%,Alerta,62.85,24.0,Ethernet
2574,2024-01-05 06:28:00,SENSOR_047,Temperatura,Cali,Occidente,15.72,°C,Normal,62.71,35.0,Ethernet
2575,2024-04-09 05:05:00,SENSOR_044,PM2.5,Bogota,Oriente,26.62,µg/m3,Normal,76.26,71.0,4G
2576,2024-11-22 02:55:00,SENSOR_002,CO2,Bogota,Sur,307.35,ppm,Normal,61.93,36.0,Ethernet
2577,2024-03-13 03:08:00,SENSOR_093,Ruido,Cartagena,Oriente,72.91,dB,Alerta,35.6,27.0,LoRaWAN
2578,2024-01-18 08:52:00,SENSOR_080,Temperatura,Medellin,Oriente,,°C,Sin_Dato,79.46,34.0,WiFi
2579,2024-03-01 13:23:00,SENSOR_042,Ruido,Bucaramanga,Centro,73.05,dB,Alerta,29.5,99.0,WiFi
2580,2024-04-11 10:42:00,SENSOR_012,Temperatura,Medellin,Centro,23.9,°C,Normal,77.56,58.0,Ethernet
2581,2024-02-07 07:22:00,SENSOR_098,Ruido,Barranquilla,Occidente,47.78,dB,Normal,11.99,53.0,WiFi
2582,2024-12-25 13:36:00,SENSOR_087,Ruido,Bucaramanga,Norte,96.01,dB,Critico,73.84,37.0,4G
2583,2024-02-22 07:10:00,SENSOR_099,Humedad,Cartagena,Occidente,31.36,%,Alerta,12.75,70.0,LoRaWAN
2584,2024-03-29 12:29:00,SENSOR_062,Humedad,Bucaramanga,Centro,40.11,%,Normal,77.63,75.0,4G
2585,2024-11-04 10:15:00,SENSOR_065,PM2.5,Medellin,Sur,52.59,µg/m3,Alerta,31.02,38.0,4G
2586,2024-02-19 07:29:00,SENSOR_092,Humedad,Cartagena,Norte,39.09,%,Alerta,19.17,71.0,Ethernet
2587,2024-03-15 01:19:00,SENSOR_023,Humedad,Bucaramanga,Occidente,46.9,%,Normal,58.93,41.0,4G
2588,2024-08-15 22:26:00,SENSOR_024,CO2,Cartagena,Oriente,1325.69,ppm,Critico,96.34,100.0,Ethernet
2589,2024-11-12 18:17:00,SENSOR_065,Temperatura,Bogota,Centro,34.28,°C,Critico,45.48,,WiFi
2590,2024-08-21 08:41:00,SENSOR_072,Temperatura,Bucaramanga,Oriente,17.93,°C,Normal,69.11,27.0,Ethernet
2591,2024-05-01 12:46:00,SENSOR_100,Ruido,Bucaramanga,Occidente,38.39,dB,Normal,59.83,22.0,LoRaWAN
2592,2024-10-11 02:46:00,SENSOR_031,Temperatura,Bucaramanga,Norte,32.16,°C,Critico,42.55,,4G
2593,2024-05-18 13:03:00,SENSOR_042,Temperatura,Cartagena,Sur,10.17,°C,Normal,37.75,92.0,Ethernet
2594,2024-12-07 02:00:00,SENSOR_099,PM2.5,Medellin,Oriente,100.52,µg/m3,Critico,86.01,64.0,WiFi
2595,2024-04-16 08:23:00,SENSOR_033,CO2,Barranquilla,Oriente,410.24,ppm,Normal,25.57,78.0,WiFi
2596,2024-06-08 01:07:00,SENSOR_091,Humedad,Cartagena,Oriente,55.54,%,Normal,86.97,40.0,LoRaWAN
2597,2024-07-31 09:11:00,SENSOR_094,Humedad,Medellin,Norte,,%,Sin_Dato,,70.0,4G
2598,2024-01-24 08:31:00,SENSOR_096,PM2.5,Cartagena,Norte,77.25,µg/m3,Critico,58.07,48.0,4G
2599,2024-03-21 13:24:00,SENSOR_006,PM2.5,Bucaramanga,Occidente,24.75,µg/m3,Normal,73.05,57.0,LoRaWAN
2600,2024-04-18 18:00:00,SENSOR_024,Humedad,Bogota,Oriente,,%,Sin_Dato,85.27,37.0,Ethernet
2601,2024-07-03 12:12:00,SENSOR_087,Humedad,Bogota,Oriente,75.38,%,Normal,24.89,28.0,4G
2602,2024-08-26 06:53:00,SENSOR_046,Temperatura,Cali,Centro,,°C,Sin_Dato,12.67,99.0,LoRaWAN
2603,2024-07-05 08:45:00,SENSOR_091,Ruido,Medellin,Norte,48.52,dB,Normal,24.93,,Ethernet
2604,2024-04-08 01:00:00,SENSOR_017,Temperatura,Medellin,Sur,26.35,°C,Normal,72.01,54.0,4G
2605,2024-07-18 23:59:00,SENSOR_026,Humedad,Bucaramanga,Sur,93.74,%,Critico,18.45,23.0,WiFi
2606,2024-10-29 14:08:00,SENSOR_091,Temperatura,Bucaramanga,Norte,32.5,°C,Critico,41.62,59.0,WiFi
2607,2024-06-30 02:51:00,SENSOR_027,CO2,Bogota,Sur,679.08,ppm,Normal,42.01,53.0,Ethernet
2608,2024-01-04 02:52:00,SENSOR_004,CO2,Barranquilla,Occidente,1401.57,ppm,Critico,14.49,32.0,Ethernet
2609,2024-10-23 12:37:00,SENSOR_039,Ruido,Medellin,Occidente,46.05,dB,Normal,,32.0,WiFi
2610,2024-09-18 04:07:00,SENSOR_001,PM2.5,Cali,Centro,51.91,µg/m3,Alerta,71.98,44.0,WiFi
2611,2024-08-28 05:21:00,SENSOR_021,CO2,Barranquilla,Sur,666.81,ppm,Normal,67.76,26.0,LoRaWAN
2612,2024-05-20 14:46:00,SENSOR_059,CO2,Barranquilla,Oriente,1681.85,ppm,Critico,95.69,59.0,Ethernet
2613,2024-10-21 14:45:00,SENSOR_023,PM2.5,Cali,Norte,93.73,µg/m3,Critico,91.89,61.0,LoRaWAN
2614,2024-11-13 01:12:00,SENSOR_024,PM2.5,Bucaramanga,Oriente,25.37,µg/m3,Normal,12.83,88.0,WiFi
2615,2024-06-22 06:38:00,SENSOR_003,PM2.5,Cali,Sur,63.36,µg/m3,Alerta,61.34,89.0,Ethernet
2616,2024-02-19 02:01:00,SENSOR_040,PM2.5,Medellin,Norte,30.32,µg/m3,Normal,36.21,57.0,LoRaWAN
2617,2024-05-11 20:01:00,SENSOR_006,PM2.5,Cali,Sur,41.94,µg/m3,Alerta,62.69,33.0,4G
2618,2024-11-23 02:33:00,SENSOR_076,Temperatura,Cartagena,Norte,28.96,°C,Alerta,97.3,52.0,LoRaWAN
2619,2024-03-16 18:55:00,SENSOR_012,PM2.5,Bucaramanga,Centro,107.6,µg/m3,Critico,55.41,24.0,WiFi
2620,2024-09-10 20:45:00,SENSOR_085,Temperatura,Medellin,Norte,15.04,°C,Normal,61.54,20.0,4G
2621,2024-07-17 06:41:00,SENSOR_059,Humedad,Bucaramanga,Centro,71.32,%,Normal,60.74,20.0,Ethernet
2622,2024-07-23 10:41:00,SENSOR_050,Humedad,Bogota,Centro,67.2,%,Normal,50.52,96.0,4G
2623,2024-12-05 17:25:00,SENSOR_014,Ruido,Barranquilla,Sur,94.3,dB,Critico,25.93,82.0,LoRaWAN
2624,2024-04-15 23:23:00,SENSOR_066,PM2.5,Cali,Occidente,63.94,µg/m3,Alerta,78.43,50.0,Ethernet
2625,2024-10-15 07:18:00,SENSOR_090,PM2.5,Medellin,Centro,,µg/m3,Sin_Dato,,95.0,LoRaWAN
2626,2024-08-04 09:45:00,SENSOR_036,CO2,Cali,Oriente,764.56,ppm,Normal,96.49,94.0,4G
2627,2024-11-06 05:38:00,SENSOR_018,CO2,Bucaramanga,Sur,746.58,ppm,Normal,38.69,70.0,WiFi
2628,2024-07-07 16:22:00,SENSOR_032,PM2.5,Cali,Occidente,75.29,µg/m3,Critico,64.53,92.0,WiFi
2629,2024-12-02 11:06:00,SENSOR_078,Ruido,Barranquilla,Occidente,90.58,dB,Critico,76.85,83.0,LoRaWAN
2630,2024-10-30 09:18:00,SENSOR_086,Ruido,Cartagena,Centro,55.11,dB,Normal,99.14,82.0,4G
2631,2024-02-11 08:27:00,SENSOR_057,Ruido,Barranquilla,Centro,60.22,dB,Normal,70.18,60.0,WiFi
2632,2024-01-02 21:41:00,SENSOR_063,Humedad,Cartagena,Occidente,40.19,%,Normal,72.97,56.0,WiFi
2633,2024-06-21 01:34:00,SENSOR_025,PM2.5,Bucaramanga,Occidente,19.94,µg/m3,Normal,69.8,43.0,4G
2634,2024-03-04 08:24:00,SENSOR_098,CO2,Medellin,Oriente,987.9,ppm,Alerta,68.74,35.0,LoRaWAN
2635,2024-11-24 00:53:00,SENSOR_020,Temperatura,Cali,Occidente,34.21,°C,Critico,50.8,74.0,LoRaWAN
2636,2024-01-25 07:21:00,SENSOR_075,CO2,Medellin,Sur,1342.29,ppm,Critico,8.98,24.0,WiFi
2637,2024-10-26 08:01:00,SENSOR_015,Temperatura,Bucaramanga,Sur,34.36,°C,Critico,93.67,55.0,Ethernet
2638,2024-10-12 04:11:00,SENSOR_015,PM2.5,Medellin,Centro,111.62,µg/m3,Critico,95.87,21.0,Ethernet
2639,2024-08-24 14:31:00,SENSOR_004,Temperatura,Bucaramanga,Oriente,14.22,°C,Normal,97.95,100.0,WiFi
2640,2024-09-22 13:12:00,SENSOR_050,Ruido,Cali,Sur,57.93,dB,Normal,94.0,61.0,LoRaWAN
2641,2024-08-30 11:01:00,SENSOR_007,Humedad,Medellin,Oriente,57.87,%,Normal,51.29,59.0,4G
2642,2024-06-18 00:00:00,SENSOR_083,Ruido,Medellin,Oriente,47.46,dB,Normal,10.86,72.0,WiFi
2643,2024-01-22 06:51:00,SENSOR_067,Ruido,Medellin,Norte,81.86,dB,Alerta,84.34,74.0,WiFi
2644,2024-05-13 19:07:00,SENSOR_088,Temperatura,Medellin,Norte,19.36,°C,Normal,7.22,97.0,WiFi
2645,2024-11-10 07:54:00,SENSOR_083,Temperatura,Bucaramanga,Centro,26.96,°C,Normal,10.3,46.0,LoRaWAN
2646,2024-08-13 06:05:00,SENSOR_079,Ruido,Bogota,Oriente,93.11,dB,Critico,41.33,90.0,4G
2647,2024-06-22 01:35:00,SENSOR_097,PM2.5,Barranquilla,Norte,103.34,µg/m3,Critico,61.65,68.0,4G
2648,2024-03-22 21:38:00,SENSOR_001,Temperatura,Cali,Norte,13.99,°C,Normal,9.0,91.0,4G
2649,2024-04-15 19:36:00,SENSOR_066,Ruido,Medellin,Oriente,46.82,dB,Normal,34.98,61.0,Ethernet
2650,2024-11-19 23:16:00,SENSOR_022,Temperatura,Cartagena,Norte,13.77,°C,Normal,54.26,23.0,WiFi
2651,2024-05-01 21:43:00,SENSOR_054,Temperatura,Cartagena,Occidente,16.47,°C,Normal,39.74,37.0,LoRaWAN
2652,2024-12-23 14:03:00,SENSOR_053,Ruido,Bogota,Occidente,88.42,dB,Critico,89.18,76.0,4G
2653,2024-07-06 04:37:00,SENSOR_044,Ruido,Medellin,Sur,70.76,dB,Alerta,49.58,88.0,LoRaWAN
2654,2024-01-11 06:18:00,SENSOR_057,CO2,Bogota,Occidente,1017.83,ppm,Alerta,87.42,31.0,4G
2655,2024-12-30 04:17:00,SENSOR_078,PM2.5,Bucaramanga,Norte,50.87,µg/m3,Alerta,61.88,38.0,Ethernet
2656,2024-02-21 20:19:00,SENSOR_091,CO2,Barranquilla,Oriente,340.27,ppm,Normal,87.24,86.0,Ethernet
2657,2024-01-25 05:31:00,SENSOR_043,PM2.5,Bucaramanga,Oriente,96.41,µg/m3,Critico,84.74,68.0,LoRaWAN
2658,2024-12-09 15:55:00,SENSOR_074,Humedad,Cali,Centro,64.04,%,Normal,88.61,53.0,4G
2659,2024-09-19 20:17:00,SENSOR_031,Temperatura,Cali,Sur,29.8,°C,Alerta,62.37,91.0,LoRaWAN
2660,2024-01-15 08:38:00,SENSOR_067,Temperatura,Bucaramanga,Centro,27.3,°C,Normal,70.09,33.0,LoRaWAN
2661,2024-05-04 04:34:00,SENSOR_006,Temperatura,Bucaramanga,Oriente,11.37,°C,Normal,10.53,74.0,LoRaWAN
2662,2024-11-18 07:35:00,SENSOR_077,Humedad,Bucaramanga,Oriente,49.09,%,Normal,10.1,31.0,WiFi
2663,2024-01-01 08:48:00,SENSOR_007,Temperatura,Barranquilla,Oriente,22.41,°C,Normal,7.67,67.0,WiFi
2664,2024-04-18 04:55:00,SENSOR_045,PM2.5,Barranquilla,Sur,83.9,µg/m3,Critico,26.82,42.0,WiFi
2665,2024-02-29 15:27:00,SENSOR_002,PM2.5,Barranquilla,Norte,59.13,µg/m3,Alerta,80.1,78.0,LoRaWAN
2666,2024-06-16 12:43:00,SENSOR_077,PM2.5,Bucaramanga,Sur,118.59,µg/m3,Critico,29.17,64.0,4G
2667,2024-10-06 07:30:00,SENSOR_085,CO2,Barranquilla,Occidente,548.65,ppm,Normal,43.42,47.0,Ethernet
2668,2024-07-31 10:11:00,SENSOR_006,Temperatura,Barranquilla,Sur,34.88,°C,Critico,94.06,49.0,Ethernet
2669,2024-11-04 13:32:00,SENSOR_097,PM2.5,Bucaramanga,Occidente,66.36,µg/m3,Alerta,90.55,20.0,LoRaWAN
2670,2024-09-07 03:11:00,SENSOR_064,CO2,Bogota,Oriente,369.64,ppm,Normal,33.34,86.0,WiFi
2671,2024-07-19 06:32:00,SENSOR_035,Temperatura,Cartagena,Occidente,15.29,°C,Normal,37.05,56.0,WiFi
2672,2024-09-15 20:32:00,SENSOR_057,CO2,Cali,Sur,,ppm,Sin_Dato,57.99,53.0,LoRaWAN
2673,2024-06-26 07:14:00,SENSOR_041,PM2.5,Medellin,Oriente,108.66,µg/m3,Critico,96.47,86.0,LoRaWAN
2674,2024-02-21 13:40:00,SENSOR_069,Ruido,Cali,Oriente,74.63,dB,Alerta,74.06,41.0,WiFi
2675,2024-06-25 18:35:00,SENSOR_046,Temperatura,Cartagena,Oriente,15.24,°C,Normal,48.13,55.0,WiFi
2676,2024-01-30 01:00:00,SENSOR_020,CO2,Medellin,Oriente,1224.3,ppm,Critico,67.96,62.0,LoRaWAN
2677,2024-08-03 21:49:00,SENSOR_070,PM2.5,Medellin,Occidente,111.63,µg/m3,Critico,57.07,98.0,4G
2678,2024-02-16 18:38:00,SENSOR_098,CO2,Cali,Oriente,1109.75,ppm,Alerta,41.73,94.0,4G
2679,2024-11-27 19:21:00,SENSOR_014,CO2,Bucaramanga,Occidente,1780.0,ppm,Critico,12.66,78.0,4G
2680,2024-12-29 09:17:00,SENSOR_044,CO2,Cartagena,Centro,516.09,ppm,Normal,22.19,74.0,Ethernet
2681,2024-12-01 16:58:00,SENSOR_061,CO2,Cali,Sur,686.97,ppm,Normal,33.02,55.0,WiFi
2682,2024-03-25 03:19:00,SENSOR_079,Humedad,Medellin,Occidente,87.88,%,Alerta,,97.0,Ethernet
2683,2024-05-12 12:35:00,SENSOR_090,Temperatura,Bucaramanga,Sur,24.54,°C,Normal,90.1,23.0,WiFi
2684,2024-04-21 13:12:00,SENSOR_036,CO2,Cartagena,Sur,663.6,ppm,Normal,68.56,28.0,LoRaWAN
2685,2024-10-25 06:05:00,SENSOR_071,Humedad,Bucaramanga,Norte,45.6,%,Normal,96.78,23.0,Ethernet
2686,2024-09-01 03:34:00,SENSOR_079,Temperatura,Cali,Occidente,34.2,°C,Critico,8.34,77.0,LoRaWAN
2687,2024-06-24 16:32:00,SENSOR_032,Ruido,Bogota,Norte,46.46,dB,Normal,66.8,82.0,WiFi
2688,2024-10-28 08:39:00,SENSOR_082,CO2,Barranquilla,Norte,1608.31,ppm,Critico,22.87,33.0,4G
2689,2024-02-25 16:53:00,SENSOR_027,Ruido,Cartagena,Centro,47.09,dB,Normal,56.26,70.0,Ethernet
2690,2024-02-26 11:42:00,SENSOR_041,CO2,Barranquilla,Sur,1065.99,ppm,Alerta,40.79,61.0,LoRaWAN
2691,2024-02-28 04:26:00,SENSOR_067,PM2.5,Bogota,Norte,25.24,µg/m3,Normal,94.12,86.0,Ethernet
2692,2024-11-11 03:34:00,SENSOR_075,PM2.5,Bogota,Sur,72.77,µg/m3,Alerta,54.97,88.0,4G
2693,2024-07-27 15:58:00,SENSOR_058,Humedad,Bogota,Sur,35.15,%,Alerta,69.08,89.0,Ethernet
2694,2024-03-07 09:19:00,SENSOR_094,Humedad,Medellin,Norte,43.52,%,Normal,41.26,57.0,4G
2695,2024-11-18 05:29:00,SENSOR_096,Ruido,Bucaramanga,Occidente,96.41,dB,Critico,78.89,38.0,Ethernet
2696,2024-10-02 18:35:00,SENSOR_004,Humedad,Barranquilla,Norte,,%,Sin_Dato,50.9,54.0,Ethernet
2697,2024-02-28 05:59:00,SENSOR_096,Humedad,Bogota,Oriente,44.79,%,Normal,65.58,67.0,Ethernet
2698,2024-06-25 17:48:00,SENSOR_044,Humedad,Bucaramanga,Norte,38.39,%,Alerta,84.73,24.0,WiFi
2699,2024-07-04 11:01:00,SENSOR_043,PM2.5,Medellin,Sur,72.16,µg/m3,Alerta,94.44,48.0,4G
2700,2024-05-03 22:43:00,SENSOR_071,Temperatura,Cali,Oriente,14.08,°C,Normal,77.51,62.0,LoRaWAN
2701,2024-09-02 22:37:00,SENSOR_038,PM2.5,Bucaramanga,Occidente,85.54,µg/m3,Critico,59.99,78.0,WiFi
2702,2024-08-01 11:32:00,SENSOR_014,Ruido,Bogota,Oriente,69.93,dB,Normal,39.17,56.0,Ethernet
2703,2024-12-01 03:11:00,SENSOR_030,CO2,Cartagena,Oriente,315.24,ppm,Normal,31.46,53.0,Ethernet
2704,2024-12-29 16:42:00,SENSOR_096,Humedad,Medellin,Norte,70.53,%,Normal,70.53,97.0,LoRaWAN
2705,2024-09-13 12:00:00,SENSOR_069,Temperatura,Bucaramanga,Oriente,,°C,Sin_Dato,89.66,98.0,LoRaWAN
2706,2024-08-15 18:19:00,SENSOR_075,Humedad,Cartagena,Sur,32.07,%,Alerta,65.44,46.0,WiFi
2707,2024-03-02 23:59:00,SENSOR_017,Humedad,Barranquilla,Centro,45.92,%,Normal,70.91,84.0,Ethernet
2708,2024-03-07 08:23:00,SENSOR_098,PM2.5,Bucaramanga,Norte,45.92,µg/m3,Alerta,10.07,90.0,WiFi
2709,2024-01-28 19:26:00,SENSOR_070,Temperatura,Barranquilla,Centro,15.46,°C,Normal,84.58,71.0,Ethernet
2710,2024-01-16 10:04:00,SENSOR_017,Ruido,Barranquilla,Oriente,84.85,dB,Alerta,35.28,97.0,Ethernet
2711,2024-09-25 00:51:00,SENSOR_060,CO2,Barranquilla,Occidente,1041.96,ppm,Alerta,63.1,67.0,WiFi
2712,2024-09-06 11:25:00,SENSOR_042,Ruido,Barranquilla,Norte,81.15,dB,Alerta,15.9,56.0,WiFi
2713,2024-06-12 07:09:00,SENSOR_080,CO2,Cali,Norte,1579.86,ppm,Critico,18.62,78.0,4G
2714,2024-02-24 02:35:00,SENSOR_051,Temperatura,Barranquilla,Sur,25.26,°C,Normal,13.79,67.0,Ethernet
2715,2024-08-03 02:25:00,SENSOR_091,Humedad,Cali,Sur,43.29,%,Normal,68.16,69.0,LoRaWAN
2716,2024-12-03 07:31:00,SENSOR_026,PM2.5,Bogota,Occidente,114.37,µg/m3,Critico,74.23,50.0,4G
2717,2024-03-07 16:09:00,SENSOR_022,CO2,Barranquilla,Sur,,ppm,Sin_Dato,60.36,75.0,4G
2718,2024-07-29 20:27:00,SENSOR_083,CO2,Bogota,Occidente,1495.83,ppm,Critico,57.41,41.0,LoRaWAN
2719,2024-12-14 05:04:00,SENSOR_074,PM2.5,Cali,Occidente,8.09,µg/m3,Normal,50.45,31.0,4G
2720,2024-06-21 08:03:00,SENSOR_020,Ruido,Cali,Sur,,dB,Sin_Dato,61.46,34.0,4G
2721,2024-08-08 08:23:00,SENSOR_095,CO2,Barranquilla,Norte,1365.08,ppm,Critico,24.2,99.0,Ethernet
2722,2024-05-08 02:05:00,SENSOR_060,Ruido,Bucaramanga,Occidente,67.08,dB,Normal,17.2,39.0,WiFi
2723,2024-04-30 10:59:00,SENSOR_080,PM2.5,Bogota,Norte,30.74,µg/m3,Normal,61.25,24.0,4G
2724,2024-02-06 22:44:00,SENSOR_072,Temperatura,Cartagena,Occidente,26.94,°C,Normal,39.24,93.0,WiFi
2725,2024-01-27 06:53:00,SENSOR_066,Humedad,Medellin,Centro,55.52,%,Normal,82.58,76.0,4G
2726,2024-06-19 00:47:00,SENSOR_098,Ruido,Bucaramanga,Oriente,54.53,dB,Normal,88.6,81.0,WiFi
2727,2024-01-09 06:16:00,SENSOR_084,PM2.5,Medellin,Occidente,18.24,µg/m3,Normal,77.46,61.0,WiFi
2728,2024-03-22 13:35:00,SENSOR_031,Humedad,Barranquilla,Norte,,%,Sin_Dato,28.66,53.0,LoRaWAN
2729,2024-11-09 00:18:00,SENSOR_004,CO2,Bucaramanga,Centro,1012.12,ppm,Alerta,10.51,78.0,LoRaWAN
2730,2024-04-21 18:32:00,SENSOR_046,Humedad,Barranquilla,Oriente,83.66,%,Alerta,24.85,45.0,Ethernet
2731,2024-02-25 22:41:00,SENSOR_012,CO2,Barranquilla,Centro,1335.04,ppm,Critico,85.45,44.0,Ethernet
2732,2024-05-29 20:09:00,SENSOR_008,Ruido,Bucaramanga,Oriente,,dB,Sin_Dato,62.72,96.0,Ethernet
2733,2024-10-16 05:48:00,SENSOR_088,Humedad,Cartagena,Norte,46.11,%,Normal,10.63,60.0,WiFi
2734,2024-01-20 05:51:00,SENSOR_075,CO2,Bucaramanga,Centro,1139.15,ppm,Alerta,22.35,23.0,Ethernet
2735,2024-09-02 20:46:00,SENSOR_069,CO2,Bucaramanga,Sur,1112.57,ppm,Alerta,23.31,41.0,4G
2736,2024-12-06 20:59:00,SENSOR_043,PM2.5,Cartagena,Centro,21.35,µg/m3,Normal,35.88,38.0,LoRaWAN
2737,2024-09-02 21:07:00,SENSOR_096,CO2,Cali,Sur,468.85,ppm,Normal,15.86,73.0,WiFi
2738,2024-06-05 09:23:00,SENSOR_040,Humedad,Cartagena,Norte,65.27,%,Normal,57.04,70.0,4G
2739,2024-04-15 20:31:00,SENSOR_031,Temperatura,Cartagena,Centro,15.88,°C,Normal,39.59,73.0,LoRaWAN
2740,2024-11-09 15:30:00,SENSOR_095,Temperatura,Bucaramanga,Sur,22.28,°C,Normal,8.67,78.0,LoRaWAN
2741,2024-09-08 08:55:00,SENSOR_022,Ruido,Cartagena,Oriente,42.92,dB,Normal,33.68,34.0,LoRaWAN
2742,2024-07-03 06:34:00,SENSOR_011,Humedad,Cali,Oriente,75.94,%,Normal,71.79,29.0,Ethernet
2743,2024-10-04 14:06:00,SENSOR_016,Ruido,Bogota,Sur,90.88,dB,Critico,12.23,41.0,Ethernet
2744,2024-01-17 02:50:00,SENSOR_043,CO2,Cali,Sur,825.95,ppm,Alerta,75.44,51.0,Ethernet
2745,2024-07-05 00:58:00,SENSOR_100,Ruido,Medellin,Oriente,52.35,dB,Normal,,54.0,LoRaWAN
2746,2024-07-23 11:30:00,SENSOR_044,Ruido,Cartagena,Sur,36.86,dB,Normal,5.66,96.0,Ethernet
2747,2024-04-10 05:54:00,SENSOR_020,Humedad,Bucaramanga,Norte,54.47,%,Normal,91.17,32.0,Ethernet
2748,2024-05-31 05:06:00,SENSOR_050,PM2.5,Cartagena,Norte,95.4,µg/m3,Critico,60.19,100.0,Ethernet
2749,2024-01-16 15:19:00,SENSOR_075,Temperatura,Medellin,Sur,25.11,°C,Normal,69.88,24.0,WiFi
2750,2024-02-20 16:55:00,SENSOR_025,Temperatura,Bucaramanga,Sur,30.41,°C,Alerta,58.39,80.0,Ethernet
2751,2024-01-25 16:54:00,SENSOR_002,Humedad,Barranquilla,Oriente,90.32,%,Critico,67.77,35.0,LoRaWAN
2752,2024-05-11 23:26:00,SENSOR_077,CO2,Cali,Sur,880.8,ppm,Alerta,32.9,80.0,LoRaWAN
2753,2024-11-12 20:19:00,SENSOR_017,Humedad,Bucaramanga,Sur,92.87,%,Critico,96.85,28.0,Ethernet
2754,2024-05-29 01:16:00,SENSOR_035,PM2.5,Cali,Oriente,37.73,µg/m3,Alerta,60.58,35.0,Ethernet
2755,2024-06-03 23:58:00,SENSOR_071,Ruido,Medellin,Norte,82.6,dB,Alerta,73.25,25.0,WiFi
2756,2024-03-06 21:33:00,SENSOR_057,PM2.5,Bogota,Oriente,16.9,µg/m3,Normal,64.18,63.0,Ethernet
2757,2024-10-21 22:30:00,SENSOR_010,Temperatura,Barranquilla,Norte,31.85,°C,Alerta,94.29,56.0,WiFi
2758,2024-07-29 00:29:00,SENSOR_023,CO2,Barranquilla,Norte,1460.8,ppm,Critico,89.26,45.0,4G
2759,2024-12-17 23:54:00,SENSOR_022,Ruido,Barranquilla,Occidente,90.86,dB,Critico,59.51,46.0,WiFi
2760,2024-04-10 20:49:00,SENSOR_054,CO2,Cali,Oriente,1725.88,ppm,Critico,83.65,91.0,4G
2761,2024-02-17 03:34:00,SENSOR_068,PM2.5,Bucaramanga,Centro,36.92,µg/m3,Alerta,93.92,93.0,WiFi
2762,2024-03-25 11:08:00,SENSOR_054,CO2,Bogota,Centro,686.69,ppm,Normal,66.72,94.0,4G
2763,2024-02-13 22:42:00,SENSOR_098,CO2,Cartagena,Oriente,558.69,ppm,Normal,87.95,86.0,LoRaWAN
2764,2024-05-14 12:17:00,SENSOR_031,CO2,Bucaramanga,Oriente,1558.17,ppm,Critico,48.56,91.0,WiFi
2765,2024-04-17 01:33:00,SENSOR_044,CO2,Medellin,Norte,535.24,ppm,Normal,74.07,23.0,4G
2766,2024-04-30 21:00:00,SENSOR_052,PM2.5,Bucaramanga,Occidente,52.05,µg/m3,Alerta,74.16,75.0,LoRaWAN
2767,2024-05-28 00:22:00,SENSOR_071,CO2,Medellin,Occidente,914.8,ppm,Alerta,83.4,33.0,WiFi
2768,2024-01-11 02:25:00,SENSOR_025,Temperatura,Barranquilla,Oriente,28.73,°C,Alerta,7.01,51.0,Ethernet
2769,2024-02-14 06:02:00,SENSOR_068,Ruido,Barranquilla,Occidente,80.83,dB,Alerta,81.72,41.0,WiFi
2770,2024-12-29 03:35:00,SENSOR_097,PM2.5,Barranquilla,Centro,107.36,µg/m3,Critico,52.94,75.0,Ethernet
2771,2024-08-09 16:58:00,SENSOR_070,Humedad,Bucaramanga,Oriente,52.59,%,Normal,80.85,54.0,LoRaWAN
2772,2024-10-14 14:33:00,SENSOR_041,Ruido,Bucaramanga,Norte,58.43,dB,Normal,78.47,84.0,WiFi
2773,2024-11-21 07:29:00,SENSOR_076,Ruido,Cali,Oriente,35.23,dB,Normal,8.83,36.0,4G
2774,2024-02-14 10:13:00,SENSOR_024,Ruido,Bucaramanga,Norte,98.49,dB,Critico,16.88,52.0,LoRaWAN
2775,2024-05-05 02:57:00,SENSOR_048,Humedad,Bucaramanga,Norte,,%,Sin_Dato,77.1,79.0,LoRaWAN
2776,2024-01-29 13:27:00,SENSOR_094,CO2,Bucaramanga,Norte,1072.41,ppm,Alerta,19.11,81.0,LoRaWAN
2777,2024-03-29 23:06:00,SENSOR_017,Humedad,Cali,Occidente,71.14,%,Normal,7.35,65.0,4G
2778,2024-10-17 20:43:00,SENSOR_093,Humedad,Bucaramanga,Occidente,62.02,%,Normal,99.33,88.0,LoRaWAN
2779,2024-10-18 10:49:00,SENSOR_021,Ruido,Cartagena,Norte,86.12,dB,Critico,25.82,43.0,LoRaWAN
2780,2024-05-31 09:16:00,SENSOR_014,Humedad,Bogota,Norte,83.6,%,Alerta,72.87,89.0,LoRaWAN
2781,2024-04-13 19:40:00,SENSOR_084,Temperatura,Medellin,Sur,21.14,°C,Normal,23.15,45.0,WiFi
2782,2024-06-02 07:29:00,SENSOR_069,Ruido,Cali,Sur,97.94,dB,Critico,66.34,100.0,WiFi
2783,2024-07-15 03:47:00,SENSOR_060,Temperatura,Medellin,Oriente,30.02,°C,Alerta,40.31,34.0,Ethernet
2784,2024-11-02 12:55:00,SENSOR_074,PM2.5,Barranquilla,Oriente,,µg/m3,Sin_Dato,64.64,65.0,LoRaWAN
2785,2024-08-08 05:43:00,SENSOR_094,Temperatura,Barranquilla,Norte,26.64,°C,Normal,26.13,40.0,Ethernet
2786,2024-07-29 17:01:00,SENSOR_004,Humedad,Cali,Norte,59.27,%,Normal,99.13,86.0,LoRaWAN
2787,2024-05-28 16:16:00,SENSOR_034,PM2.5,Barranquilla,Norte,29.54,µg/m3,Normal,8.61,98.0,Ethernet
2788,2024-06-07 12:27:00,SENSOR_087,CO2,Medellin,Centro,,ppm,Sin_Dato,61.42,94.0,Ethernet
2789,2024-09-08 13:05:00,SENSOR_047,Humedad,Bogota,Centro,55.75,%,Normal,91.59,71.0,WiFi
2790,2024-10-20 15:41:00,SENSOR_083,CO2,Bucaramanga,Norte,1006.55,ppm,Alerta,83.74,88.0,Ethernet
2791,2024-06-28 13:52:00,SENSOR_019,CO2,Cartagena,Occidente,433.54,ppm,Normal,26.96,59.0,4G
2792,2024-12-08 00:39:00,SENSOR_049,Temperatura,Medellin,Norte,24.15,°C,Normal,91.22,46.0,Ethernet
2793,2024-06-14 22:00:00,SENSOR_077,PM2.5,Cartagena,Sur,73.59,µg/m3,Alerta,,64.0,LoRaWAN
2794,2024-07-27 06:09:00,SENSOR_054,CO2,Cali,Oriente,1004.9,ppm,Alerta,25.63,31.0,WiFi
2795,2024-04-16 15:46:00,SENSOR_095,Ruido,Bucaramanga,Norte,49.39,dB,Normal,20.94,79.0,4G
2796,2024-05-15 08:37:00,SENSOR_022,CO2,Barranquilla,Norte,978.03,ppm,Alerta,61.85,70.0,WiFi
2797,2024-03-10 22:23:00,SENSOR_075,PM2.5,Bogota,Centro,,µg/m3,Sin_Dato,45.93,22.0,Ethernet
2798,2024-05-31 08:50:00,SENSOR_096,CO2,Medellin,Oriente,1433.18,ppm,Critico,57.97,45.0,Ethernet
2799,2024-09-17 06:05:00,SENSOR_079,Temperatura,Cali,Sur,20.77,°C,Normal,82.53,96.0,4G
2800,2024-12-26 22:05:00,SENSOR_013,CO2,Bucaramanga,Sur,1138.84,ppm,Alerta,,82.0,4G
2801,2024-07-16 23:47:00,SENSOR_054,CO2,Bucaramanga,Occidente,1040.64,ppm,Alerta,96.24,76.0,WiFi
2802,2024-08-25 01:57:00,SENSOR_017,Temperatura,Cartagena,Occidente,19.72,°C,Normal,98.8,76.0,LoRaWAN
2803,2024-11-23 05:08:00,SENSOR_057,PM2.5,Bogota,Occidente,67.07,µg/m3,Alerta,47.28,53.0,LoRaWAN
2804,2024-02-01 14:24:00,SENSOR_078,CO2,Bucaramanga,Occidente,1055.05,ppm,Alerta,75.96,50.0,WiFi
2805,2024-10-10 22:35:00,SENSOR_036,Humedad,Bucaramanga,Occidente,44.45,%,Normal,27.06,71.0,LoRaWAN
2806,2024-05-08 17:52:00,SENSOR_015,CO2,Medellin,Centro,1533.82,ppm,Critico,11.03,25.0,4G
2807,2024-08-28 09:13:00,SENSOR_040,CO2,Bucaramanga,Occidente,301.04,ppm,Normal,81.23,71.0,LoRaWAN
2808,2024-11-17 08:12:00,SENSOR_036,PM2.5,Bucaramanga,Oriente,90.29,µg/m3,Critico,12.7,63.0,WiFi
2809,2024-06-22 02:48:00,SENSOR_094,CO2,Cartagena,Oriente,1126.87,ppm,Alerta,52.76,28.0,WiFi
2810,2024-01-31 21:05:00,SENSOR_039,PM2.5,Bogota,Sur,29.71,µg/m3,Normal,85.28,71.0,WiFi
2811,2024-03-14 02:55:00,SENSOR_029,CO2,Cartagena,Sur,1449.63,ppm,Critico,,81.0,4G
2812,2024-01-09 10:03:00,SENSOR_014,Humedad,Bogota,Centro,82.69,%,Alerta,13.99,67.0,WiFi
2813,2024-10-07 04:17:00,SENSOR_096,PM2.5,Barranquilla,Centro,70.34,µg/m3,Alerta,23.02,67.0,WiFi
2814,2024-09-16 09:46:00,SENSOR_044,Temperatura,Bogota,Occidente,28.49,°C,Alerta,84.16,88.0,Ethernet
2815,2024-02-29 08:02:00,SENSOR_065,Temperatura,Bucaramanga,Oriente,23.41,°C,Normal,62.98,46.0,4G
2816,2024-09-23 06:01:00,SENSOR_003,PM2.5,Bucaramanga,Centro,22.68,µg/m3,Normal,24.72,44.0,LoRaWAN
2817,2024-09-14 01:22:00,SENSOR_021,PM2.5,Medellin,Centro,103.85,µg/m3,Critico,8.93,47.0,Ethernet
2818,2024-02-23 04:29:00,SENSOR_061,PM2.5,Bucaramanga,Sur,49.32,µg/m3,Alerta,29.21,,Ethernet
2819,2024-03-18 08:16:00,SENSOR_009,Ruido,Barranquilla,Norte,83.14,dB,Alerta,66.72,69.0,LoRaWAN
2820,2024-02-23 11:19:00,SENSOR_055,Temperatura,Cali,Oriente,12.95,°C,Normal,83.99,30.0,WiFi
2821,2024-04-05 22:40:00,SENSOR_086,PM2.5,Barranquilla,Norte,111.51,µg/m3,Critico,22.3,85.0,Ethernet
2822,2024-04-08 18:47:00,SENSOR_008,Humedad,Bucaramanga,Norte,48.49,%,Normal,62.0,84.0,WiFi
2823,2024-01-15 16:23:00,SENSOR_075,Temperatura,Barranquilla,Oriente,20.11,°C,Normal,96.85,64.0,4G
2824,2024-03-05 20:19:00,SENSOR_009,Humedad,Medellin,Centro,30.38,%,Alerta,79.67,91.0,WiFi
2825,2024-07-03 08:30:00,SENSOR_033,Temperatura,Barranquilla,Oriente,27.54,°C,Normal,52.46,24.0,4G
2826,2024-07-17 22:04:00,SENSOR_055,CO2,Cartagena,Sur,1612.92,ppm,Critico,,95.0,LoRaWAN
2827,2024-01-26 06:58:00,SENSOR_053,CO2,Medellin,Oriente,948.3,ppm,Alerta,70.0,64.0,WiFi
2828,2024-12-20 16:53:00,SENSOR_034,CO2,Medellin,Occidente,514.61,ppm,Normal,6.53,78.0,Ethernet
2829,2024-11-09 21:38:00,SENSOR_023,PM2.5,Cali,Norte,51.72,µg/m3,Alerta,13.13,64.0,4G
2830,2024-02-02 16:37:00,SENSOR_013,Ruido,Bucaramanga,Sur,98.73,dB,Critico,49.59,68.0,LoRaWAN
2831,2024-01-11 10:19:00,SENSOR_018,Humedad,Barranquilla,Oriente,58.99,%,Normal,16.49,37.0,Ethernet
2832,2024-11-13 00:55:00,SENSOR_002,PM2.5,Medellin,Sur,36.06,µg/m3,Alerta,88.23,100.0,Ethernet
2833,2024-12-17 19:04:00,SENSOR_084,Ruido,Bogota,Centro,45.23,dB,Normal,51.65,25.0,4G
2834,2024-02-15 19:21:00,SENSOR_047,Humedad,Bucaramanga,Norte,90.96,%,Critico,30.98,63.0,4G
2835,2024-09-05 17:23:00,SENSOR_096,Temperatura,Bucaramanga,Centro,28.63,°C,Alerta,63.83,28.0,Ethernet
2836,2024-05-10 21:24:00,SENSOR_014,CO2,Cali,Centro,312.38,ppm,Normal,74.55,45.0,WiFi
2837,2024-05-17 04:50:00,SENSOR_093,CO2,Bogota,Occidente,920.56,ppm,Alerta,96.26,56.0,4G
2838,2024-06-25 08:45:00,SENSOR_020,Temperatura,Medellin,Centro,32.08,°C,Critico,59.97,48.0,WiFi
2839,2024-07-20 19:47:00,SENSOR_090,CO2,Barranquilla,Centro,1511.17,ppm,Critico,80.05,53.0,4G
2840,2024-12-05 00:32:00,SENSOR_062,Humedad,Cartagena,Occidente,49.74,%,Normal,14.18,87.0,4G
2841,2024-06-15 02:05:00,SENSOR_012,PM2.5,Medellin,Oriente,104.53,µg/m3,Critico,54.12,21.0,WiFi
2842,2024-10-05 19:04:00,SENSOR_020,Ruido,Cali,Norte,65.11,dB,Normal,76.71,47.0,LoRaWAN
2843,2024-09-20 07:48:00,SENSOR_065,CO2,Bucaramanga,Oriente,1606.41,ppm,Critico,44.62,58.0,4G
2844,2024-05-22 07:14:00,SENSOR_096,CO2,Bucaramanga,Norte,1421.78,ppm,Critico,35.58,28.0,Ethernet
2845,2024-05-15 20:28:00,SENSOR_071,Temperatura,Bogota,Sur,16.29,°C,Normal,57.63,85.0,Ethernet
2846,2024-04-25 15:53:00,SENSOR_001,Ruido,Cali,Oriente,59.68,dB,Normal,9.2,89.0,Ethernet
2847,2024-08-05 21:23:00,SENSOR_042,Ruido,Barranquilla,Occidente,78.23,dB,Alerta,49.9,47.0,Ethernet
2848,2024-09-19 01:50:00,SENSOR_078,CO2,Medellin,Centro,1364.02,ppm,Critico,14.05,81.0,LoRaWAN
2849,2024-02-29 20:32:00,SENSOR_033,Temperatura,Cali,Norte,13.04,°C,Normal,12.75,65.0,4G
2850,2024-10-05 03:04:00,SENSOR_040,CO2,Cali,Oriente,607.11,ppm,Normal,80.59,32.0,WiFi
2851,2024-09-20 21:49:00,SENSOR_030,CO2,Medellin,Norte,1699.26,ppm,Critico,46.05,23.0,WiFi
2852,2024-01-19 07:32:00,SENSOR_097,CO2,Bogota,Norte,752.29,ppm,Normal,39.61,65.0,Ethernet
2853,2024-02-20 02:42:00,SENSOR_094,PM2.5,Cartagena,Occidente,112.25,µg/m3,Critico,10.1,36.0,WiFi
2854,2024-09-23 18:32:00,SENSOR_074,Ruido,Cartagena,Norte,49.13,dB,Normal,92.24,82.0,LoRaWAN
2855,2024-02-02 19:03:00,SENSOR_027,Humedad,Medellin,Centro,44.89,%,Normal,30.08,76.0,WiFi
2856,2024-07-30 01:16:00,SENSOR_058,CO2,Medellin,Centro,1617.57,ppm,Critico,54.91,91.0,Ethernet
2857,2024-08-13 11:35:00,SENSOR_059,CO2,Bucaramanga,Oriente,,ppm,Sin_Dato,,72.0,LoRaWAN
2858,2024-10-19 21:14:00,SENSOR_002,Ruido,Bogota,Oriente,44.05,dB,Normal,57.21,43.0,4G
2859,2024-03-29 01:16:00,SENSOR_075,Ruido,Medellin,Occidente,69.92,dB,Normal,80.06,37.0,Ethernet
2860,2024-07-09 08:47:00,SENSOR_091,Humedad,Medellin,Occidente,30.72,%,Alerta,79.03,75.0,4G
2861,2024-01-27 17:05:00,SENSOR_052,Temperatura,Bucaramanga,Oriente,23.58,°C,Normal,13.98,53.0,4G
2862,2024-09-04 14:50:00,SENSOR_067,PM2.5,Barranquilla,Sur,69.68,µg/m3,Alerta,54.48,75.0,LoRaWAN
2863,2024-03-12 10:02:00,SENSOR_020,Temperatura,Cali,Norte,,°C,Sin_Dato,27.33,31.0,Ethernet
2864,2024-01-14 19:38:00,SENSOR_040,Ruido,Cartagena,Norte,96.73,dB,Critico,70.48,94.0,LoRaWAN
2865,2024-09-20 04:26:00,SENSOR_095,PM2.5,Cartagena,Sur,24.2,µg/m3,Normal,52.47,33.0,4G
2866,2024-10-25 15:14:00,SENSOR_025,CO2,Barranquilla,Oriente,565.9,ppm,Normal,45.63,82.0,LoRaWAN
2867,2024-06-01 15:01:00,SENSOR_047,Temperatura,Cartagena,Oriente,29.39,°C,Alerta,29.4,94.0,LoRaWAN
2868,2024-06-09 05:48:00,SENSOR_100,PM2.5,Cartagena,Centro,96.94,µg/m3,Critico,79.73,44.0,4G
2869,2024-01-10 10:56:00,SENSOR_087,Temperatura,Bucaramanga,Oriente,10.69,°C,Normal,12.79,62.0,LoRaWAN
2870,2024-01-01 03:53:00,SENSOR_040,Humedad,Cali,Norte,46.32,%,Normal,77.02,94.0,WiFi
2871,2024-03-04 08:58:00,SENSOR_001,Ruido,Barranquilla,Occidente,95.69,dB,Critico,91.21,78.0,WiFi
2872,2024-08-15 02:15:00,SENSOR_081,PM2.5,Barranquilla,Occidente,44.4,µg/m3,Alerta,26.3,23.0,Ethernet
2873,2024-11-26 17:32:00,SENSOR_079,Ruido,Cartagena,Oriente,60.16,dB,Normal,8.47,35.0,WiFi
2874,2024-05-11 23:08:00,SENSOR_098,Humedad,Medellin,Oriente,44.54,%,Normal,39.56,92.0,Ethernet
2875,2024-04-25 05:17:00,SENSOR_035,Ruido,Cali,Occidente,89.88,dB,Critico,39.38,99.0,4G
2876,2024-04-24 07:00:00,SENSOR_099,Temperatura,Bucaramanga,Oriente,27.03,°C,Normal,63.76,79.0,Ethernet
2877,2024-05-29 17:09:00,SENSOR_081,Temperatura,Medellin,Oriente,24.66,°C,Normal,43.6,88.0,Ethernet
2878,2024-02-15 18:08:00,SENSOR_005,PM2.5,Cartagena,Sur,113.3,µg/m3,Critico,98.7,95.0,LoRaWAN
2879,2024-06-03 18:22:00,SENSOR_090,CO2,Medellin,Oriente,1044.28,ppm,Alerta,24.07,83.0,Ethernet
2880,2024-09-12 08:03:00,SENSOR_077,CO2,Bucaramanga,Sur,1283.73,ppm,Critico,63.81,53.0,Ethernet
2881,2024-02-27 00:30:00,SENSOR_045,CO2,Cali,Norte,1660.69,ppm,Critico,66.54,36.0,LoRaWAN
2882,2024-01-18 03:00:00,SENSOR_100,Ruido,Cali,Norte,74.03,dB,Alerta,,87.0,Ethernet
2883,2024-08-17 05:53:00,SENSOR_030,CO2,Barranquilla,Occidente,340.48,ppm,Normal,82.4,24.0,Ethernet
2884,2024-01-06 07:25:00,SENSOR_048,Humedad,Medellin,Occidente,64.69,%,Normal,60.13,97.0,WiFi
2885,2024-06-29 08:25:00,SENSOR_053,CO2,Cartagena,Oriente,1087.29,ppm,Alerta,31.29,80.0,4G
2886,2024-11-29 22:34:00,SENSOR_027,Temperatura,Bogota,Sur,28.04,°C,Alerta,21.78,52.0,WiFi
2887,2024-08-16 19:29:00,SENSOR_014,Ruido,Bogota,Norte,49.98,dB,Normal,65.01,45.0,LoRaWAN
2888,2024-10-14 07:34:00,SENSOR_060,CO2,Cali,Oriente,1796.71,ppm,Critico,42.44,24.0,4G
2889,2024-06-08 01:00:00,SENSOR_018,PM2.5,Bucaramanga,Norte,35.41,µg/m3,Alerta,18.93,93.0,LoRaWAN
2890,2024-02-20 20:07:00,SENSOR_007,Humedad,Bogota,Centro,58.35,%,Normal,55.67,96.0,LoRaWAN
2891,2024-03-24 17:30:00,SENSOR_051,CO2,Cali,Occidente,992.23,ppm,Alerta,49.59,50.0,WiFi
2892,2024-11-07 00:23:00,SENSOR_012,Humedad,Cali,Sur,59.07,%,Normal,30.61,87.0,4G
2893,2024-09-05 14:17:00,SENSOR_003,Ruido,Cali,Norte,,dB,Sin_Dato,7.75,87.0,Ethernet
2894,2024-08-31 07:10:00,SENSOR_056,Ruido,Bucaramanga,Centro,90.0,dB,Critico,69.62,40.0,4G
2895,2024-06-23 03:32:00,SENSOR_093,Humedad,Bucaramanga,Centro,38.28,%,Alerta,29.09,95.0,LoRaWAN
2896,2024-03-15 14:30:00,SENSOR_090,Humedad,Barranquilla,Norte,90.79,%,Critico,36.77,21.0,Ethernet
2897,2024-02-18 03:50:00,SENSOR_098,CO2,Bogota,Oriente,344.94,ppm,Normal,8.88,78.0,4G
2898,2024-08-07 11:11:00,SENSOR_057,PM2.5,Cartagena,Sur,97.64,µg/m3,Critico,54.17,79.0,4G
2899,2024-11-11 04:46:00,SENSOR_043,Temperatura,Barranquilla,Sur,31.94,°C,Alerta,50.52,98.0,WiFi
2900,2024-05-17 17:29:00,SENSOR_016,PM2.5,Bucaramanga,Occidente,81.27,µg/m3,Critico,98.67,30.0,Ethernet
2901,2024-12-24 14:09:00,SENSOR_096,PM2.5,Cartagena,Sur,35.7,µg/m3,Alerta,30.38,91.0,LoRaWAN
2902,2024-06-06 00:05:00,SENSOR_004,Temperatura,Medellin,Norte,32.19,°C,Critico,85.25,39.0,Ethernet
2903,2024-02-09 09:12:00,SENSOR_016,Humedad,Barranquilla,Sur,89.29,%,Alerta,17.38,99.0,Ethernet
2904,2024-10-04 12:09:00,SENSOR_026,PM2.5,Medellin,Centro,23.99,µg/m3,Normal,85.72,53.0,WiFi
2905,2024-06-27 06:37:00,SENSOR_004,PM2.5,Bucaramanga,Occidente,45.62,µg/m3,Alerta,84.95,79.0,4G
2906,2024-04-28 22:47:00,SENSOR_004,PM2.5,Bogota,Norte,15.74,µg/m3,Normal,36.0,,4G
2907,2024-05-25 23:36:00,SENSOR_011,Humedad,Barranquilla,Occidente,79.27,%,Normal,41.53,27.0,LoRaWAN
2908,2024-03-31 14:50:00,SENSOR_089,Humedad,Bogota,Occidente,33.63,%,Alerta,33.25,77.0,4G
2909,2024-09-18 08:30:00,SENSOR_057,Ruido,Bucaramanga,Occidente,73.15,dB,Alerta,76.1,62.0,LoRaWAN
2910,2024-06-21 08:40:00,SENSOR_068,Temperatura,Bogota,Sur,22.15,°C,Normal,22.84,37.0,Ethernet
2911,2024-07-18 21:01:00,SENSOR_017,Temperatura,Cartagena,Sur,14.62,°C,Normal,66.42,87.0,WiFi
2912,2024-09-02 01:31:00,SENSOR_044,Humedad,Cartagena,Centro,63.36,%,Normal,74.15,99.0,LoRaWAN
2913,2024-08-08 21:06:00,SENSOR_034,Ruido,Barranquilla,Occidente,78.89,dB,Alerta,83.33,85.0,LoRaWAN
2914,2024-03-24 20:01:00,SENSOR_092,PM2.5,Cali,Centro,80.26,µg/m3,Critico,72.63,62.0,WiFi
2915,2024-11-19 00:48:00,SENSOR_053,CO2,Cartagena,Sur,1202.0,ppm,Critico,93.74,62.0,WiFi
2916,2024-02-15 03:34:00,SENSOR_065,Humedad,Barranquilla,Norte,80.44,%,Alerta,77.93,83.0,Ethernet
2917,2024-07-16 16:58:00,SENSOR_048,CO2,Cartagena,Norte,1362.06,ppm,Critico,53.86,56.0,4G
2918,2024-12-17 08:46:00,SENSOR_077,Temperatura,Bucaramanga,Occidente,,°C,Sin_Dato,32.08,66.0,LoRaWAN
2919,2024-08-14 03:04:00,SENSOR_073,Ruido,Barranquilla,Oriente,94.93,dB,Critico,15.02,45.0,LoRaWAN
2920,2024-11-03 03:01:00,SENSOR_085,Humedad,Bucaramanga,Centro,68.1,%,Normal,7.84,77.0,Ethernet
2921,2024-11-21 07:32:00,SENSOR_034,Ruido,Cartagena,Centro,85.85,dB,Critico,98.64,81.0,Ethernet
2922,2024-09-19 11:15:00,SENSOR_026,CO2,Bogota,Sur,1340.15,ppm,Critico,14.81,26.0,WiFi
2923,2024-09-03 20:11:00,SENSOR_037,PM2.5,Cali,Sur,38.33,µg/m3,Alerta,96.53,66.0,Ethernet
2924,2024-05-16 09:57:00,SENSOR_016,Humedad,Bucaramanga,Occidente,81.63,%,Alerta,50.95,73.0,Ethernet
2925,2024-02-09 07:10:00,SENSOR_072,Temperatura,Cartagena,Sur,30.09,°C,Alerta,7.85,26.0,LoRaWAN
2926,2024-05-26 07:23:00,SENSOR_011,CO2,Bucaramanga,Centro,1320.74,ppm,Critico,77.77,94.0,Ethernet
2927,2024-06-17 13:59:00,SENSOR_029,Ruido,Bucaramanga,Occidente,85.6,dB,Critico,96.73,73.0,WiFi
2928,2024-09-12 01:14:00,SENSOR_083,Temperatura,Barranquilla,Centro,,°C,Sin_Dato,77.43,30.0,WiFi
2929,2024-03-19 15:54:00,SENSOR_048,Temperatura,Medellin,Norte,17.13,°C,Normal,72.28,50.0,4G
2930,2024-11-11 14:43:00,SENSOR_032,Temperatura,Bucaramanga,Occidente,10.06,°C,Normal,27.44,77.0,4G
2931,2024-02-15 17:13:00,SENSOR_072,Humedad,Cartagena,Occidente,48.42,%,Normal,54.37,72.0,Ethernet
2932,2024-11-10 18:35:00,SENSOR_052,Humedad,Medellin,Sur,65.34,%,Normal,71.44,43.0,Ethernet
2933,2024-11-12 17:33:00,SENSOR_038,Humedad,Bucaramanga,Sur,56.85,%,Normal,7.85,91.0,4G
2934,2024-05-01 04:59:00,SENSOR_098,Ruido,Bucaramanga,Occidente,63.75,dB,Normal,36.09,90.0,Ethernet
2935,2024-11-19 00:56:00,SENSOR_039,PM2.5,Cali,Occidente,49.64,µg/m3,Alerta,13.39,52.0,Ethernet
2936,2024-06-07 04:18:00,SENSOR_073,Humedad,Cartagena,Sur,51.26,%,Normal,43.32,45.0,LoRaWAN
2937,2024-01-08 10:54:00,SENSOR_020,PM2.5,Barranquilla,Oriente,102.39,µg/m3,Critico,81.49,95.0,Ethernet
2938,2024-10-11 08:00:00,SENSOR_054,Temperatura,Barranquilla,Occidente,13.04,°C,Normal,22.3,38.0,4G
2939,2024-04-09 07:48:00,SENSOR_035,Ruido,Bucaramanga,Occidente,93.72,dB,Critico,24.74,91.0,LoRaWAN
2940,2024-02-08 18:19:00,SENSOR_050,Humedad,Barranquilla,Centro,61.98,%,Normal,88.91,61.0,Ethernet
2941,2024-06-27 02:49:00,SENSOR_007,CO2,Cali,Sur,1329.73,ppm,Critico,35.93,71.0,LoRaWAN
2942,2024-12-01 05:37:00,SENSOR_065,Temperatura,Bucaramanga,Occidente,18.81,°C,Normal,74.8,81.0,Ethernet
2943,2024-07-09 03:43:00,SENSOR_082,CO2,Cali,Occidente,921.35,ppm,Alerta,49.35,33.0,LoRaWAN
2944,2024-11-12 07:34:00,SENSOR_046,CO2,Medellin,Sur,392.18,ppm,Normal,98.17,76.0,LoRaWAN
2945,2024-11-27 23:39:00,SENSOR_092,Humedad,Bogota,Sur,51.18,%,Normal,13.81,64.0,WiFi
2946,2024-09-04 19:43:00,SENSOR_053,Humedad,Cali,Centro,87.14,%,Alerta,9.72,53.0,4G
2947,2024-05-15 04:06:00,SENSOR_024,PM2.5,Barranquilla,Occidente,59.72,µg/m3,Alerta,72.47,82.0,WiFi
2948,2024-07-22 06:29:00,SENSOR_017,PM2.5,Medellin,Norte,51.25,µg/m3,Alerta,75.68,29.0,Ethernet
2949,2024-02-01 11:17:00,SENSOR_005,Humedad,Cali,Norte,64.37,%,Normal,90.52,57.0,Ethernet
2950,2024-09-20 11:46:00,SENSOR_080,CO2,Cartagena,Centro,1009.62,ppm,Alerta,38.38,32.0,WiFi
2951,2024-07-30 02:55:00,SENSOR_028,Humedad,Cali,Occidente,91.24,%,Critico,,66.0,WiFi
2952,2024-06-09 19:12:00,SENSOR_006,Temperatura,Bucaramanga,Centro,13.83,°C,Normal,18.29,95.0,Ethernet
2953,2024-07-28 08:26:00,SENSOR_044,Temperatura,Medellin,Oriente,21.18,°C,Normal,19.72,30.0,4G
2954,2024-11-18 22:11:00,SENSOR_037,Humedad,Medellin,Centro,56.73,%,Normal,9.11,71.0,WiFi
2955,2024-10-28 08:03:00,SENSOR_046,Temperatura,Cali,Occidente,13.64,°C,Normal,36.52,78.0,4G
2956,2024-02-09 10:08:00,SENSOR_087,Ruido,Medellin,Oriente,44.36,dB,Normal,15.71,,LoRaWAN
2957,2024-11-13 22:32:00,SENSOR_071,Ruido,Bucaramanga,Centro,55.75,dB,Normal,78.4,30.0,WiFi
2958,2024-10-05 22:39:00,SENSOR_059,Humedad,Barranquilla,Occidente,93.17,%,Critico,80.6,49.0,4G
2959,2024-01-13 03:49:00,SENSOR_081,PM2.5,Cali,Sur,72.02,µg/m3,Alerta,12.78,62.0,Ethernet
2960,2024-02-10 19:48:00,SENSOR_057,Humedad,Cartagena,Sur,37.04,%,Alerta,8.05,70.0,LoRaWAN
2961,2024-10-27 04:51:00,SENSOR_096,CO2,Cartagena,Sur,1160.31,ppm,Alerta,8.28,28.0,LoRaWAN
2962,2024-08-09 22:26:00,SENSOR_070,CO2,Cartagena,Centro,1210.19,ppm,Critico,42.18,51.0,4G
2963,2024-10-30 09:26:00,SENSOR_026,CO2,Medellin,Centro,1458.37,ppm,Critico,23.38,26.0,WiFi
2964,2024-07-24 04:57:00,SENSOR_016,Humedad,Bucaramanga,Sur,59.18,%,Normal,18.94,21.0,LoRaWAN
2965,2024-11-17 00:10:00,SENSOR_008,CO2,Bogota,Norte,1610.74,ppm,Critico,90.36,48.0,4G
2966,2024-12-08 18:05:00,SENSOR_012,CO2,Bucaramanga,Occidente,462.66,ppm,Normal,47.22,97.0,WiFi
2967,2024-12-25 09:56:00,SENSOR_095,Humedad,Medellin,Occidente,,%,Sin_Dato,98.2,66.0,WiFi
2968,2024-10-02 13:26:00,SENSOR_078,Humedad,Cartagena,Norte,34.79,%,Alerta,99.53,83.0,WiFi
2969,2024-07-06 15:38:00,SENSOR_093,Ruido,Cali,Centro,81.63,dB,Alerta,93.17,39.0,LoRaWAN
2970,2024-05-27 13:14:00,SENSOR_048,Ruido,Bucaramanga,Centro,99.38,dB,Critico,5.64,43.0,WiFi
2971,2024-12-07 11:54:00,SENSOR_069,Ruido,Barranquilla,Sur,96.22,dB,Critico,15.51,40.0,Ethernet
2972,2024-01-19 23:35:00,SENSOR_098,Temperatura,Medellin,Oriente,20.9,°C,Normal,6.9,97.0,4G
2973,2024-11-13 11:44:00,SENSOR_001,PM2.5,Cartagena,Centro,70.75,µg/m3,Alerta,11.39,26.0,4G
2974,2024-04-08 23:37:00,SENSOR_064,Humedad,Barranquilla,Oriente,52.41,%,Normal,68.49,79.0,Ethernet
2975,2024-12-23 11:55:00,SENSOR_064,CO2,Bogota,Centro,996.22,ppm,Alerta,53.12,32.0,WiFi
2976,2024-09-01 13:25:00,SENSOR_055,Ruido,Barranquilla,Occidente,36.83,dB,Normal,24.22,96.0,LoRaWAN
2977,2024-10-11 05:44:00,SENSOR_090,PM2.5,Cartagena,Centro,22.17,µg/m3,Normal,82.52,46.0,LoRaWAN
2978,2024-10-19 04:40:00,SENSOR_031,Ruido,Barranquilla,Occidente,82.49,dB,Alerta,62.93,26.0,Ethernet
2979,2024-09-16 21:42:00,SENSOR_014,CO2,Bucaramanga,Oriente,1383.72,ppm,Critico,49.92,35.0,4G
2980,2024-03-23 06:55:00,SENSOR_063,CO2,Barranquilla,Oriente,1715.81,ppm,Critico,47.86,98.0,LoRaWAN
2981,2024-08-11 11:22:00,SENSOR_028,CO2,Cartagena,Norte,1168.03,ppm,Alerta,16.8,24.0,WiFi
2982,2024-05-25 17:49:00,SENSOR_008,CO2,Barranquilla,Oriente,1166.89,ppm,Alerta,81.94,31.0,Ethernet
2983,2024-05-17 17:37:00,SENSOR_027,Temperatura,Cali,Norte,11.91,°C,Normal,50.45,61.0,Ethernet
2984,2024-04-06 13:26:00,SENSOR_066,CO2,Barranquilla,Oriente,794.14,ppm,Normal,45.23,37.0,LoRaWAN
2985,2024-12-23 12:08:00,SENSOR_033,Temperatura,Bucaramanga,Occidente,23.96,°C,Normal,86.18,57.0,LoRaWAN
2986,2024-03-29 23:57:00,SENSOR_058,Humedad,Medellin,Occidente,38.93,%,Alerta,46.85,75.0,LoRaWAN
2987,2024-01-06 21:07:00,SENSOR_032,Ruido,Cartagena,Sur,84.27,dB,Alerta,35.05,83.0,Ethernet
2988,2024-02-27 10:29:00,SENSOR_059,Temperatura,Cali,Norte,26.73,°C,Normal,65.87,51.0,WiFi
2989,2024-02-20 00:47:00,SENSOR_089,CO2,Cali,Oriente,,ppm,Sin_Dato,90.49,26.0,LoRaWAN
2990,2024-01-26 05:22:00,SENSOR_094,PM2.5,Medellin,Oriente,47.91,µg/m3,Alerta,99.22,98.0,LoRaWAN
2991,2024-05-23 12:12:00,SENSOR_026,Ruido,Cartagena,Centro,92.84,dB,Critico,97.77,88.0,LoRaWAN
2992,2024-08-24 07:16:00,SENSOR_003,CO2,Bucaramanga,Occidente,1684.11,ppm,Critico,30.9,27.0,WiFi
2993,2024-01-12 09:21:00,SENSOR_039,PM2.5,Medellin,Oriente,76.56,µg/m3,Critico,84.94,20.0,WiFi
2994,2024-02-21 16:52:00,SENSOR_065,Ruido,Cartagena,Occidente,95.97,dB,Critico,25.34,100.0,4G
2995,2024-09-26 05:10:00,SENSOR_058,PM2.5,Cali,Norte,62.82,µg/m3,Alerta,14.57,83.0,WiFi
2996,2024-05-17 08:56:00,SENSOR_039,Ruido,Bucaramanga,Sur,41.01,dB,Normal,44.14,40.0,Ethernet
2997,2024-05-16 10:38:00,SENSOR_039,CO2,Cali,Sur,544.0,ppm,Normal,96.34,63.0,LoRaWAN
2998,2024-10-10 13:01:00,SENSOR_080,Humedad,Barranquilla,Norte,67.03,%,Normal,,30.0,Ethernet
2999,2024-06-28 05:15:00,SENSOR_086,CO2,Cali,Norte,1669.6,ppm,Critico,81.14,53.0,Ethernet
3000,2024-02-06 02:36:00,SENSOR_093,Ruido,Barranquilla,Centro,86.44,dB,Critico,54.92,26.0,Ethernet
3001,2024-09-17 07:14:00,SENSOR_014,CO2,Bucaramanga,Norte,689.64,ppm,Normal,13.11,41.0,4G
3002,2024-07-30 22:43:00,SENSOR_082,CO2,Bogota,Oriente,874.45,ppm,Alerta,62.7,30.0,LoRaWAN
3003,2024-07-15 11:19:00,SENSOR_016,Humedad,Medellin,Norte,53.38,%,Normal,18.35,96.0,WiFi
3004,2024-08-27 09:08:00,SENSOR_056,PM2.5,Barranquilla,Sur,79.38,µg/m3,Critico,40.45,41.0,WiFi
3005,2024-08-27 17:04:00,SENSOR_023,PM2.5,Barranquilla,Sur,14.85,µg/m3,Normal,16.03,56.0,4G
3006,2024-07-15 20:26:00,SENSOR_065,Temperatura,Bogota,Sur,28.78,°C,Alerta,53.76,70.0,4G
3007,2024-03-29 02:34:00,SENSOR_037,CO2,Medellin,Oriente,1658.65,ppm,Critico,82.98,77.0,LoRaWAN
3008,2024-02-01 06:45:00,SENSOR_020,PM2.5,Bogota,Occidente,85.71,µg/m3,Critico,98.07,86.0,Ethernet
3009,2024-10-20 15:13:00,SENSOR_047,PM2.5,Cartagena,Sur,67.38,µg/m3,Alerta,94.25,51.0,Ethernet
3010,2024-11-28 19:44:00,SENSOR_086,Temperatura,Cali,Occidente,17.8,°C,Normal,65.73,60.0,4G
3011,2024-04-18 21:17:00,SENSOR_093,Temperatura,Bogota,Occidente,12.46,°C,Normal,34.89,33.0,LoRaWAN
3012,2024-10-20 04:40:00,SENSOR_069,CO2,Medellin,Norte,676.06,ppm,Normal,6.18,52.0,Ethernet
3013,2024-05-06 19:35:00,SENSOR_051,Humedad,Bucaramanga,Centro,40.28,%,Normal,34.75,52.0,4G
3014,2024-06-25 00:44:00,SENSOR_069,Temperatura,Bucaramanga,Oriente,21.85,°C,Normal,,99.0,4G
3015,2024-12-25 08:25:00,SENSOR_082,Ruido,Barranquilla,Oriente,54.65,dB,Normal,71.58,83.0,Ethernet
3016,2024-04-07 15:27:00,SENSOR_010,CO2,Bogota,Oriente,738.17,ppm,Normal,6.94,24.0,LoRaWAN
3017,2024-02-23 04:30:00,SENSOR_003,Ruido,Barranquilla,Occidente,44.4,dB,Normal,81.41,55.0,4G
3018,2024-11-10 18:18:00,SENSOR_045,Ruido,Cali,Centro,78.32,dB,Alerta,68.74,82.0,Ethernet
3019,2024-06-19 08:17:00,SENSOR_075,Humedad,Cartagena,Sur,72.74,%,Normal,21.08,93.0,4G
3020,2024-10-04 16:10:00,SENSOR_083,Ruido,Medellin,Norte,62.72,dB,Normal,,25.0,LoRaWAN
3021,2024-05-11 13:00:00,SENSOR_084,Ruido,Medellin,Sur,50.01,dB,Normal,62.2,29.0,WiFi
3022,2024-11-06 11:33:00,SENSOR_088,Humedad,Cartagena,Occidente,72.3,%,Normal,34.68,27.0,LoRaWAN
3023,2024-01-05 23:28:00,SENSOR_061,Ruido,Barranquilla,Centro,35.4,dB,Normal,92.29,92.0,LoRaWAN
3024,2024-10-17 21:44:00,SENSOR_026,Ruido,Cali,Oriente,80.78,dB,Alerta,78.03,21.0,LoRaWAN
3025,2024-09-17 23:32:00,SENSOR_010,PM2.5,Cartagena,Sur,46.28,µg/m3,Alerta,20.47,62.0,LoRaWAN
3026,2024-03-14 09:59:00,SENSOR_026,CO2,Medellin,Centro,826.53,ppm,Alerta,44.28,65.0,WiFi
3027,2024-03-13 10:55:00,SENSOR_004,Ruido,Cartagena,Oriente,41.97,dB,Normal,86.75,49.0,Ethernet
3028,2024-09-15 20:29:00,SENSOR_094,CO2,Cartagena,Centro,677.71,ppm,Normal,52.18,38.0,4G
3029,2024-06-21 18:22:00,SENSOR_034,Ruido,Medellin,Oriente,86.14,dB,Critico,96.25,45.0,4G
3030,2024-06-06 15:15:00,SENSOR_082,Humedad,Cartagena,Centro,58.69,%,Normal,87.95,92.0,4G
3031,2024-09-14 06:26:00,SENSOR_040,CO2,Barranquilla,Oriente,1731.33,ppm,Critico,90.8,60.0,Ethernet
3032,2024-06-26 19:09:00,SENSOR_097,Temperatura,Bucaramanga,Norte,25.16,°C,Normal,27.67,22.0,Ethernet
3033,2024-04-27 22:41:00,SENSOR_031,CO2,Bogota,Oriente,1172.2,ppm,Alerta,83.9,,WiFi
3034,2024-01-14 15:01:00,SENSOR_032,CO2,Barranquilla,Oriente,858.33,ppm,Alerta,8.56,28.0,4G
3035,2024-08-09 18:25:00,SENSOR_010,Temperatura,Barranquilla,Sur,21.19,°C,Normal,29.87,74.0,Ethernet
3036,2024-11-20 11:41:00,SENSOR_083,Humedad,Barranquilla,Norte,48.3,%,Normal,50.43,21.0,4G
3037,2024-04-03 11:14:00,SENSOR_003,CO2,Cali,Norte,683.72,ppm,Normal,34.14,25.0,Ethernet
3038,2024-09-20 00:50:00,SENSOR_009,CO2,Bogota,Centro,302.92,ppm,Normal,,45.0,WiFi
3039,2024-06-19 16:39:00,SENSOR_044,Ruido,Cali,Sur,43.66,dB,Normal,77.18,36.0,4G
3040,2024-09-17 04:58:00,SENSOR_055,Humedad,Barranquilla,Oriente,61.79,%,Normal,12.29,96.0,Ethernet
3041,2024-11-26 13:26:00,SENSOR_063,Ruido,Bucaramanga,Oriente,91.21,dB,Critico,50.64,36.0,4G
3042,2024-03-02 04:26:00,SENSOR_069,PM2.5,Cartagena,Norte,78.12,µg/m3,Critico,31.38,24.0,LoRaWAN
3043,2024-09-20 01:13:00,SENSOR_015,CO2,Cartagena,Sur,1051.94,ppm,Alerta,81.81,78.0,4G
3044,2024-07-23 06:57:00,SENSOR_015,Temperatura,Cartagena,Occidente,34.36,°C,Critico,78.99,25.0,4G
3045,2024-03-18 20:58:00,SENSOR_045,PM2.5,Bucaramanga,Sur,27.16,µg/m3,Normal,77.89,61.0,4G
3046,2024-10-11 22:25:00,SENSOR_093,CO2,Medellin,Centro,1540.86,ppm,Critico,77.88,77.0,WiFi
3047,2024-08-18 05:59:00,SENSOR_033,Humedad,Bogota,Oriente,85.08,%,Alerta,5.8,79.0,WiFi
3048,2024-09-15 14:05:00,SENSOR_026,CO2,Bucaramanga,Occidente,1330.17,ppm,Critico,69.83,63.0,4G
3049,2024-08-20 17:35:00,SENSOR_035,Ruido,Cali,Centro,94.7,dB,Critico,69.37,84.0,4G
3050,2024-04-08 14:42:00,SENSOR_014,Ruido,Bogota,Centro,79.14,dB,Alerta,,99.0,LoRaWAN
3051,2024-12-26 01:50:00,SENSOR_098,Humedad,Bogota,Centro,36.87,%,Alerta,68.52,21.0,LoRaWAN
3052,2024-03-10 00:22:00,SENSOR_003,PM2.5,Barranquilla,Sur,60.6,µg/m3,Alerta,29.43,75.0,4G
3053,2024-07-31 21:05:00,SENSOR_039,CO2,Bucaramanga,Centro,921.64,ppm,Alerta,81.49,84.0,Ethernet
3054,2024-12-05 11:27:00,SENSOR_100,Humedad,Bogota,Norte,60.11,%,Normal,32.1,23.0,Ethernet
3055,2024-06-26 20:59:00,SENSOR_018,Ruido,Cali,Oriente,71.81,dB,Alerta,50.87,96.0,WiFi
3056,2024-06-04 16:14:00,SENSOR_082,Humedad,Bogota,Sur,36.57,%,Alerta,64.31,84.0,4G
3057,2024-07-09 03:26:00,SENSOR_052,CO2,Cartagena,Norte,723.76,ppm,Normal,15.0,44.0,WiFi
3058,2024-03-08 21:33:00,SENSOR_066,Humedad,Bucaramanga,Sur,35.44,%,Alerta,38.94,67.0,WiFi
3059,2024-03-31 19:15:00,SENSOR_022,PM2.5,Bucaramanga,Sur,98.94,µg/m3,Critico,28.34,78.0,LoRaWAN
3060,2024-05-24 00:59:00,SENSOR_094,Ruido,Medellin,Sur,65.48,dB,Normal,,62.0,4G
3061,2024-10-03 15:58:00,SENSOR_018,Humedad,Cali,Centro,34.75,%,Alerta,15.38,95.0,WiFi
3062,2024-04-10 03:08:00,SENSOR_004,Ruido,Bucaramanga,Centro,82.91,dB,Alerta,24.37,66.0,4G
3063,2024-05-08 13:11:00,SENSOR_010,CO2,Barranquilla,Sur,1596.91,ppm,Critico,46.59,51.0,LoRaWAN
3064,2024-05-25 18:09:00,SENSOR_072,CO2,Cali,Norte,479.88,ppm,Normal,15.32,99.0,LoRaWAN
3065,2024-07-15 16:56:00,SENSOR_095,Temperatura,Medellin,Oriente,31.28,°C,Alerta,24.92,60.0,4G
3066,2024-10-19 08:18:00,SENSOR_068,CO2,Medellin,Occidente,459.7,ppm,Normal,60.15,59.0,WiFi
3067,2024-05-13 05:40:00,SENSOR_025,CO2,Medellin,Norte,1189.74,ppm,Alerta,53.56,100.0,LoRaWAN
3068,2024-05-04 19:20:00,SENSOR_066,CO2,Cartagena,Centro,,ppm,Sin_Dato,35.03,85.0,WiFi
3069,2024-11-24 10:55:00,SENSOR_028,CO2,Cali,Sur,837.19,ppm,Alerta,71.62,81.0,LoRaWAN
3070,2024-07-26 17:31:00,SENSOR_100,Ruido,Cali,Occidente,73.17,dB,Alerta,45.58,26.0,Ethernet
3071,2024-01-07 08:12:00,SENSOR_050,PM2.5,Cartagena,Occidente,49.87,µg/m3,Alerta,16.96,78.0,LoRaWAN
3072,2024-09-22 18:56:00,SENSOR_027,PM2.5,Bucaramanga,Oriente,106.89,µg/m3,Critico,38.41,57.0,Ethernet
3073,2024-01-16 01:43:00,SENSOR_075,Temperatura,Bogota,Norte,,°C,Sin_Dato,7.31,66.0,LoRaWAN
3074,2024-09-14 22:34:00,SENSOR_094,Ruido,Medellin,Occidente,84.12,dB,Alerta,84.22,48.0,4G
3075,2024-07-03 03:15:00,SENSOR_060,PM2.5,Bogota,Oriente,114.5,µg/m3,Critico,94.12,81.0,LoRaWAN
3076,2024-05-26 13:49:00,SENSOR_016,Temperatura,Barranquilla,Oriente,19.29,°C,Normal,26.96,94.0,LoRaWAN
3077,2024-06-28 12:20:00,SENSOR_087,PM2.5,Barranquilla,Occidente,34.75,µg/m3,Normal,19.68,65.0,4G
3078,2024-06-25 19:11:00,SENSOR_055,PM2.5,Bogota,Oriente,70.54,µg/m3,Alerta,36.93,97.0,LoRaWAN
3079,2024-09-14 19:16:00,SENSOR_059,Temperatura,Barranquilla,Occidente,28.13,°C,Alerta,51.84,38.0,Ethernet
3080,2024-03-18 12:42:00,SENSOR_068,Humedad,Medellin,Norte,48.19,%,Normal,,46.0,Ethernet
3081,2024-04-04 04:24:00,SENSOR_061,Ruido,Bucaramanga,Centro,88.02,dB,Critico,77.81,25.0,LoRaWAN
3082,2024-10-10 13:56:00,SENSOR_044,Temperatura,Barranquilla,Sur,23.81,°C,Normal,12.55,22.0,LoRaWAN
3083,2024-01-05 18:27:00,SENSOR_018,PM2.5,Barranquilla,Norte,23.62,µg/m3,Normal,66.74,63.0,LoRaWAN
3084,2024-05-03 13:51:00,SENSOR_068,Ruido,Barranquilla,Norte,93.49,dB,Critico,80.49,99.0,4G
3085,2024-08-19 19:29:00,SENSOR_090,Humedad,Cali,Norte,94.66,%,Critico,74.48,76.0,4G
3086,2024-10-31 13:06:00,SENSOR_099,Humedad,Barranquilla,Occidente,92.3,%,Critico,6.13,82.0,Ethernet
3087,2024-04-30 05:55:00,SENSOR_009,CO2,Cali,Norte,1345.36,ppm,Critico,88.33,68.0,LoRaWAN
3088,2024-06-06 16:56:00,SENSOR_064,CO2,Bogota,Sur,467.1,ppm,Normal,,91.0,4G
3089,2024-02-17 16:34:00,SENSOR_072,Temperatura,Bucaramanga,Norte,24.21,°C,Normal,50.25,49.0,Ethernet
3090,2024-11-23 03:56:00,SENSOR_030,PM2.5,Bogota,Norte,27.17,µg/m3,Normal,94.43,86.0,LoRaWAN
3091,2024-02-07 15:01:00,SENSOR_099,CO2,Medellin,Oriente,1544.18,ppm,Critico,54.92,22.0,WiFi
3092,2024-02-12 19:28:00,SENSOR_061,Temperatura,Medellin,Norte,25.71,°C,Normal,19.88,86.0,LoRaWAN
3093,2024-09-09 19:13:00,SENSOR_024,CO2,Medellin,Occidente,1458.64,ppm,Critico,24.92,99.0,Ethernet
3094,2024-09-12 10:19:00,SENSOR_015,Ruido,Bucaramanga,Sur,36.92,dB,Normal,6.31,87.0,WiFi
3095,2024-11-11 23:48:00,SENSOR_001,Temperatura,Cartagena,Sur,10.29,°C,Normal,74.75,48.0,WiFi
3096,2024-02-04 06:46:00,SENSOR_057,Ruido,Cartagena,Occidente,57.72,dB,Normal,51.04,89.0,LoRaWAN
3097,2024-01-04 13:23:00,SENSOR_076,Temperatura,Cali,Occidente,11.08,°C,Normal,91.33,51.0,Ethernet
3098,2024-10-27 05:29:00,SENSOR_080,Humedad,Cali,Oriente,62.61,%,Normal,14.92,56.0,4G
3099,2024-01-29 15:52:00,SENSOR_040,CO2,Medellin,Occidente,785.93,ppm,Normal,95.67,71.0,4G
3100,2024-03-18 05:16:00,SENSOR_063,Humedad,Bucaramanga,Sur,69.31,%,Normal,59.53,74.0,Ethernet
3101,2024-11-23 01:09:00,SENSOR_033,PM2.5,Bogota,Oriente,69.37,µg/m3,Alerta,44.85,66.0,LoRaWAN
3102,2024-11-21 03:28:00,SENSOR_035,Temperatura,Cartagena,Centro,26.14,°C,Normal,48.48,74.0,LoRaWAN
3103,2024-03-07 17:39:00,SENSOR_065,Humedad,Bucaramanga,Occidente,59.25,%,Normal,35.12,26.0,WiFi
3104,2024-04-26 14:05:00,SENSOR_036,Temperatura,Cartagena,Norte,16.65,°C,Normal,61.78,53.0,4G
3105,2024-11-15 08:02:00,SENSOR_070,Ruido,Bogota,Sur,,dB,Sin_Dato,64.69,64.0,WiFi
3106,2024-11-21 12:52:00,SENSOR_048,Humedad,Bucaramanga,Occidente,88.5,%,Alerta,18.26,48.0,4G
3107,2024-12-07 23:15:00,SENSOR_027,Temperatura,Cali,Oriente,19.73,°C,Normal,22.54,51.0,WiFi
3108,2024-01-20 13:28:00,SENSOR_071,PM2.5,Cali,Oriente,45.13,µg/m3,Alerta,39.9,59.0,4G
3109,2024-09-04 21:15:00,SENSOR_100,Temperatura,Bucaramanga,Oriente,,°C,Sin_Dato,73.78,,LoRaWAN
3110,2024-12-23 14:41:00,SENSOR_069,PM2.5,Medellin,Oriente,114.68,µg/m3,Critico,90.68,51.0,Ethernet
3111,2024-09-03 09:34:00,SENSOR_084,PM2.5,Medellin,Norte,54.87,µg/m3,Alerta,30.36,97.0,Ethernet
3112,2024-11-17 06:21:00,SENSOR_004,Temperatura,Barranquilla,Oriente,10.62,°C,Normal,40.85,50.0,4G
3113,2024-11-20 03:22:00,SENSOR_005,PM2.5,Bogota,Sur,104.78,µg/m3,Critico,34.34,45.0,Ethernet
3114,2024-11-14 17:03:00,SENSOR_011,Humedad,Barranquilla,Oriente,75.66,%,Normal,88.12,81.0,Ethernet
3115,2024-08-07 05:14:00,SENSOR_001,CO2,Barranquilla,Sur,1550.01,ppm,Critico,16.58,89.0,Ethernet
3116,2024-08-11 23:48:00,SENSOR_009,Ruido,Cali,Norte,92.35,dB,Critico,28.82,97.0,Ethernet
3117,2024-05-06 01:30:00,SENSOR_054,PM2.5,Medellin,Sur,77.79,µg/m3,Critico,72.81,94.0,4G
3118,2024-03-30 07:51:00,SENSOR_041,Temperatura,Cartagena,Centro,30.56,°C,Alerta,97.13,20.0,LoRaWAN
3119,2024-07-17 20:50:00,SENSOR_066,Ruido,Cali,Sur,86.68,dB,Critico,83.85,34.0,Ethernet
3120,2024-10-03 14:43:00,SENSOR_050,CO2,Bogota,Sur,1183.64,ppm,Alerta,13.03,59.0,LoRaWAN
3121,2024-11-16 12:32:00,SENSOR_084,Ruido,Bucaramanga,Oriente,60.97,dB,Normal,50.01,71.0,LoRaWAN
3122,2024-12-16 00:06:00,SENSOR_051,CO2,Bogota,Occidente,1050.2,ppm,Alerta,37.49,95.0,Ethernet
3123,2024-08-14 08:31:00,SENSOR_043,Temperatura,Cali,Norte,11.55,°C,Normal,56.04,37.0,Ethernet
3124,2024-04-14 13:26:00,SENSOR_060,CO2,Cali,Sur,307.42,ppm,Normal,71.48,25.0,Ethernet
3125,2024-05-03 21:53:00,SENSOR_077,Humedad,Cartagena,Oriente,58.07,%,Normal,8.3,81.0,4G
3126,2024-08-10 07:19:00,SENSOR_054,PM2.5,Bucaramanga,Norte,,µg/m3,Sin_Dato,87.34,27.0,4G
3127,2024-03-05 18:43:00,SENSOR_070,PM2.5,Barranquilla,Norte,32.49,µg/m3,Normal,90.2,34.0,LoRaWAN
3128,2024-01-16 14:54:00,SENSOR_052,PM2.5,Cali,Sur,44.46,µg/m3,Alerta,40.3,65.0,4G
3129,2024-10-12 22:50:00,SENSOR_014,CO2,Cali,Centro,1212.92,ppm,Critico,37.91,86.0,4G
3130,2024-08-19 02:38:00,SENSOR_010,PM2.5,Bucaramanga,Occidente,62.69,µg/m3,Alerta,13.45,64.0,Ethernet
3131,2024-11-04 21:40:00,SENSOR_080,Humedad,Bucaramanga,Norte,65.27,%,Normal,38.76,88.0,Ethernet
3132,2024-07-01 06:56:00,SENSOR_009,Humedad,Bucaramanga,Occidente,74.36,%,Normal,70.79,94.0,WiFi
3133,2024-11-10 16:37:00,SENSOR_017,PM2.5,Cali,Oriente,59.11,µg/m3,Alerta,20.97,88.0,LoRaWAN
3134,2024-04-10 01:01:00,SENSOR_056,Temperatura,Cartagena,Sur,24.75,°C,Normal,50.73,97.0,WiFi
3135,2024-03-06 20:49:00,SENSOR_001,Temperatura,Medellin,Oriente,11.45,°C,Normal,63.91,36.0,WiFi
3136,2024-05-16 19:18:00,SENSOR_070,Humedad,Barranquilla,Oriente,38.36,%,Alerta,81.16,93.0,WiFi
3137,2024-07-18 12:46:00,SENSOR_046,Humedad,Barranquilla,Oriente,83.01,%,Alerta,44.62,24.0,WiFi
3138,2024-10-11 11:44:00,SENSOR_044,Humedad,Bucaramanga,Oriente,45.33,%,Normal,69.42,39.0,LoRaWAN
3139,2024-05-17 08:12:00,SENSOR_094,Humedad,Medellin,Oriente,73.78,%,Normal,31.27,83.0,LoRaWAN
3140,2024-08-16 04:31:00,SENSOR_077,Temperatura,Cartagena,Sur,32.35,°C,Critico,88.99,44.0,LoRaWAN
3141,2024-02-05 21:03:00,SENSOR_063,Temperatura,Cali,Sur,28.64,°C,Alerta,87.38,85.0,WiFi
3142,2024-12-05 01:29:00,SENSOR_004,CO2,Medellin,Sur,,ppm,Sin_Dato,24.21,,WiFi
3143,2024-12-06 19:53:00,SENSOR_062,Humedad,Bogota,Occidente,51.36,%,Normal,94.18,82.0,Ethernet
3144,2024-06-09 15:28:00,SENSOR_063,CO2,Bucaramanga,Sur,896.76,ppm,Alerta,47.16,48.0,LoRaWAN
3145,2024-08-21 08:58:00,SENSOR_040,CO2,Cartagena,Centro,445.99,ppm,Normal,43.6,51.0,4G
3146,2024-04-02 20:52:00,SENSOR_078,Ruido,Cali,Norte,89.1,dB,Critico,37.85,32.0,4G
3147,2024-07-04 10:54:00,SENSOR_029,PM2.5,Barranquilla,Norte,23.12,µg/m3,Normal,75.38,62.0,4G
3148,2024-07-28 17:32:00,SENSOR_058,Humedad,Bucaramanga,Norte,84.1,%,Alerta,17.5,25.0,4G
3149,2024-11-23 14:57:00,SENSOR_015,Temperatura,Barranquilla,Occidente,21.04,°C,Normal,58.9,60.0,Ethernet
3150,2024-03-04 17:46:00,SENSOR_037,Temperatura,Medellin,Centro,26.83,°C,Normal,8.19,70.0,LoRaWAN
3151,2024-03-05 16:38:00,SENSOR_006,CO2,Bogota,Sur,676.78,ppm,Normal,30.37,40.0,Ethernet
3152,2024-03-08 15:37:00,SENSOR_033,Temperatura,Medellin,Norte,21.58,°C,Normal,92.39,70.0,4G
3153,2024-08-20 09:22:00,SENSOR_021,Temperatura,Bucaramanga,Occidente,22.68,°C,Normal,47.37,81.0,WiFi
3154,2024-02-11 01:16:00,SENSOR_078,PM2.5,Medellin,Norte,30.08,µg/m3,Normal,,27.0,Ethernet
3155,2024-06-03 03:50:00,SENSOR_082,PM2.5,Medellin,Sur,53.77,µg/m3,Alerta,93.52,56.0,Ethernet
3156,2024-09-26 04:33:00,SENSOR_071,Ruido,Bucaramanga,Centro,77.77,dB,Alerta,67.15,55.0,Ethernet
3157,2024-06-06 17:19:00,SENSOR_029,Ruido,Medellin,Sur,86.28,dB,Critico,44.25,56.0,WiFi
3158,2024-08-31 08:18:00,SENSOR_038,Humedad,Barranquilla,Oriente,60.26,%,Normal,34.79,28.0,LoRaWAN
3159,2024-03-19 19:22:00,SENSOR_094,PM2.5,Bucaramanga,Oriente,46.28,µg/m3,Alerta,39.29,61.0,Ethernet
3160,2024-01-10 04:19:00,SENSOR_006,Humedad,Barranquilla,Norte,50.46,%,Normal,85.09,86.0,LoRaWAN
3161,2024-04-11 16:56:00,SENSOR_012,Humedad,Bogota,Occidente,87.67,%,Alerta,74.57,81.0,LoRaWAN
3162,2024-05-24 03:36:00,SENSOR_059,Humedad,Barranquilla,Norte,56.86,%,Normal,32.05,59.0,4G
3163,2024-02-11 19:26:00,SENSOR_024,Temperatura,Cartagena,Oriente,15.52,°C,Normal,22.0,35.0,WiFi
3164,2024-05-25 20:46:00,SENSOR_047,CO2,Barranquilla,Norte,1306.76,ppm,Critico,20.79,24.0,WiFi
3165,2024-08-10 12:57:00,SENSOR_073,PM2.5,Bucaramanga,Norte,58.0,µg/m3,Alerta,66.41,62.0,4G
3166,2024-02-09 15:19:00,SENSOR_070,Humedad,Bucaramanga,Occidente,72.66,%,Normal,43.27,23.0,WiFi
3167,2024-11-15 03:52:00,SENSOR_065,CO2,Medellin,Sur,1770.81,ppm,Critico,34.32,75.0,WiFi
3168,2024-08-13 05:21:00,SENSOR_027,PM2.5,Cartagena,Oriente,83.46,µg/m3,Critico,74.23,62.0,4G
3169,2024-08-31 08:31:00,SENSOR_082,PM2.5,Bucaramanga,Norte,26.2,µg/m3,Normal,76.32,38.0,LoRaWAN
3170,2024-11-22 04:04:00,SENSOR_095,Humedad,Medellin,Oriente,49.77,%,Normal,44.22,97.0,4G
3171,2024-12-10 20:21:00,SENSOR_008,Ruido,Barranquilla,Sur,85.76,dB,Critico,29.06,75.0,Ethernet
3172,2024-10-16 15:19:00,SENSOR_014,Temperatura,Bogota,Sur,17.46,°C,Normal,41.7,68.0,Ethernet
3173,2024-05-02 22:06:00,SENSOR_065,PM2.5,Cartagena,Oriente,114.91,µg/m3,Critico,63.53,52.0,LoRaWAN
3174,2024-01-14 20:09:00,SENSOR_097,CO2,Medellin,Occidente,1735.61,ppm,Critico,35.78,49.0,LoRaWAN
3175,2024-07-17 20:17:00,SENSOR_007,Humedad,Cartagena,Occidente,45.3,%,Normal,28.52,,Ethernet
3176,2024-05-18 19:13:00,SENSOR_035,PM2.5,Bucaramanga,Oriente,20.55,µg/m3,Normal,92.25,83.0,4G
3177,2024-01-02 17:13:00,SENSOR_012,Humedad,Barranquilla,Norte,31.81,%,Alerta,14.1,43.0,WiFi
3178,2024-01-05 07:10:00,SENSOR_081,PM2.5,Medellin,Norte,22.47,µg/m3,Normal,23.51,70.0,4G
3179,2024-02-18 11:21:00,SENSOR_038,PM2.5,Bogota,Occidente,24.32,µg/m3,Normal,28.22,74.0,Ethernet
3180,2024-05-16 09:15:00,SENSOR_005,PM2.5,Bogota,Norte,7.09,µg/m3,Normal,28.26,78.0,Ethernet
3181,2024-08-21 03:54:00,SENSOR_052,Temperatura,Cartagena,Centro,27.26,°C,Normal,65.69,30.0,Ethernet
3182,2024-09-30 22:53:00,SENSOR_044,CO2,Medellin,Norte,1094.4,ppm,Alerta,25.78,81.0,WiFi
3183,2024-09-28 09:43:00,SENSOR_010,Ruido,Cali,Sur,75.22,dB,Alerta,97.76,90.0,Ethernet
3184,2024-01-08 20:39:00,SENSOR_018,PM2.5,Bucaramanga,Norte,109.2,µg/m3,Critico,10.06,86.0,WiFi
3185,2024-05-27 04:02:00,SENSOR_037,Temperatura,Barranquilla,Occidente,15.12,°C,Normal,68.28,,LoRaWAN
3186,2024-06-05 08:03:00,SENSOR_023,PM2.5,Cali,Centro,83.57,µg/m3,Critico,22.76,40.0,LoRaWAN
3187,2024-04-17 10:43:00,SENSOR_084,Temperatura,Bogota,Norte,12.47,°C,Normal,37.9,87.0,4G
3188,2024-05-01 22:40:00,SENSOR_050,Temperatura,Bucaramanga,Centro,12.09,°C,Normal,15.53,79.0,Ethernet
3189,2024-04-08 19:31:00,SENSOR_077,CO2,Bogota,Norte,583.2,ppm,Normal,29.38,76.0,4G
3190,2024-01-12 11:05:00,SENSOR_022,PM2.5,Medellin,Centro,14.62,µg/m3,Normal,93.45,22.0,LoRaWAN
3191,2024-01-09 16:24:00,SENSOR_047,PM2.5,Medellin,Centro,94.62,µg/m3,Critico,37.56,60.0,WiFi
3192,2024-07-07 22:21:00,SENSOR_065,PM2.5,Cali,Norte,111.84,µg/m3,Critico,27.11,52.0,Ethernet
3193,2024-11-25 04:44:00,SENSOR_079,Temperatura,Bucaramanga,Centro,28.15,°C,Alerta,66.79,57.0,WiFi
3194,2024-09-04 09:25:00,SENSOR_066,CO2,Medellin,Sur,311.67,ppm,Normal,20.52,96.0,Ethernet
3195,2024-06-25 11:48:00,SENSOR_093,Humedad,Medellin,Occidente,37.66,%,Alerta,91.24,66.0,WiFi
3196,2024-03-06 12:42:00,SENSOR_097,Humedad,Medellin,Centro,57.77,%,Normal,41.42,99.0,WiFi
3197,2024-09-21 23:12:00,SENSOR_004,Temperatura,Medellin,Sur,11.61,°C,Normal,65.61,80.0,WiFi
3198,2024-03-05 14:24:00,SENSOR_059,CO2,Bogota,Oriente,1708.74,ppm,Critico,58.84,91.0,Ethernet
3199,2024-05-22 04:06:00,SENSOR_081,Humedad,Barranquilla,Centro,81.05,%,Alerta,10.32,97.0,WiFi
3200,2024-08-12 05:02:00,SENSOR_082,Temperatura,Cali,Occidente,23.56,°C,Normal,16.44,35.0,WiFi
3201,2024-07-18 19:02:00,SENSOR_043,Ruido,Barranquilla,Oriente,61.14,dB,Normal,90.7,63.0,4G
3202,2024-07-14 03:11:00,SENSOR_073,Temperatura,Bucaramanga,Centro,24.21,°C,Normal,47.74,29.0,Ethernet
3203,2024-12-05 20:11:00,SENSOR_098,Humedad,Bogota,Norte,66.08,%,Normal,98.59,59.0,Ethernet
3204,2024-04-28 02:00:00,SENSOR_057,CO2,Bucaramanga,Norte,1392.79,ppm,Critico,92.15,43.0,LoRaWAN
3205,2024-12-11 09:01:00,SENSOR_031,Ruido,Cali,Occidente,64.81,dB,Normal,62.73,47.0,LoRaWAN
3206,2024-12-10 03:14:00,SENSOR_088,Humedad,Barranquilla,Centro,46.57,%,Normal,63.18,71.0,Ethernet
3207,2024-05-22 07:42:00,SENSOR_092,CO2,Cartagena,Occidente,729.27,ppm,Normal,17.85,94.0,4G
3208,2024-08-20 08:35:00,SENSOR_093,Humedad,Bucaramanga,Sur,69.18,%,Normal,57.52,71.0,4G
3209,2024-04-23 05:55:00,SENSOR_061,Humedad,Medellin,Sur,85.7,%,Alerta,94.21,27.0,WiFi
3210,2024-10-26 06:56:00,SENSOR_055,CO2,Medellin,Norte,475.04,ppm,Normal,17.65,45.0,LoRaWAN
3211,2024-09-07 00:48:00,SENSOR_023,Ruido,Bucaramanga,Norte,91.47,dB,Critico,22.29,66.0,Ethernet
3212,2024-01-24 09:56:00,SENSOR_037,CO2,Cali,Sur,1374.9,ppm,Critico,88.98,46.0,LoRaWAN
3213,2024-07-30 12:41:00,SENSOR_019,Temperatura,Bogota,Centro,16.63,°C,Normal,32.84,81.0,LoRaWAN
3214,2024-05-01 09:18:00,SENSOR_098,PM2.5,Bogota,Occidente,25.66,µg/m3,Normal,33.52,34.0,LoRaWAN
3215,2024-02-24 07:37:00,SENSOR_021,Temperatura,Cartagena,Centro,20.2,°C,Normal,65.96,52.0,Ethernet
3216,2024-07-28 21:56:00,SENSOR_023,PM2.5,Cartagena,Occidente,24.96,µg/m3,Normal,24.41,99.0,Ethernet
3217,2024-09-29 19:36:00,SENSOR_098,Temperatura,Barranquilla,Occidente,31.35,°C,Alerta,35.03,67.0,WiFi
3218,2024-06-09 08:59:00,SENSOR_036,Humedad,Bucaramanga,Occidente,88.35,%,Alerta,96.0,91.0,4G
3219,2024-07-08 09:08:00,SENSOR_042,Temperatura,Barranquilla,Norte,,°C,Sin_Dato,18.33,58.0,4G
3220,2024-12-14 08:39:00,SENSOR_069,Humedad,Barranquilla,Oriente,78.41,%,Normal,65.39,100.0,Ethernet
3221,2024-01-10 15:29:00,SENSOR_055,Ruido,Bucaramanga,Occidente,36.72,dB,Normal,61.52,77.0,LoRaWAN
3222,2024-03-15 14:15:00,SENSOR_019,Ruido,Bogota,Occidente,80.5,dB,Alerta,37.13,54.0,Ethernet
3223,2024-03-01 19:41:00,SENSOR_045,Temperatura,Cartagena,Centro,14.12,°C,Normal,,44.0,WiFi
3224,2024-10-29 10:09:00,SENSOR_006,Temperatura,Bogota,Sur,34.57,°C,Critico,93.19,73.0,4G
3225,2024-04-07 07:57:00,SENSOR_015,PM2.5,Medellin,Centro,14.19,µg/m3,Normal,63.62,67.0,WiFi
3226,2024-12-02 11:40:00,SENSOR_080,PM2.5,Bucaramanga,Oriente,78.21,µg/m3,Critico,53.0,24.0,WiFi
3227,2024-02-19 02:45:00,SENSOR_037,CO2,Bogota,Sur,888.38,ppm,Alerta,26.17,51.0,Ethernet
3228,2024-02-19 07:39:00,SENSOR_092,CO2,Cali,Occidente,1356.95,ppm,Critico,75.29,96.0,LoRaWAN
3229,2024-11-28 17:54:00,SENSOR_042,Ruido,Barranquilla,Oriente,83.98,dB,Alerta,77.66,95.0,4G
3230,2024-01-21 21:49:00,SENSOR_044,Ruido,Cali,Oriente,77.91,dB,Alerta,55.79,69.0,Ethernet
3231,2024-11-12 10:17:00,SENSOR_003,Temperatura,Bucaramanga,Sur,24.67,°C,Normal,74.33,60.0,WiFi
3232,2024-07-23 10:18:00,SENSOR_030,Humedad,Cartagena,Centro,82.55,%,Alerta,88.08,90.0,Ethernet
3233,2024-10-05 22:34:00,SENSOR_055,PM2.5,Barranquilla,Centro,46.08,µg/m3,Alerta,91.18,82.0,LoRaWAN
3234,2024-02-29 15:05:00,SENSOR_022,Temperatura,Bogota,Centro,13.24,°C,Normal,17.99,56.0,WiFi
3235,2024-01-17 23:53:00,SENSOR_017,PM2.5,Cali,Sur,62.7,µg/m3,Alerta,62.62,71.0,LoRaWAN
3236,2024-06-24 01:20:00,SENSOR_044,Humedad,Medellin,Sur,59.46,%,Normal,61.12,77.0,Ethernet
3237,2024-09-20 23:31:00,SENSOR_100,Humedad,Cali,Oriente,85.88,%,Alerta,76.2,39.0,LoRaWAN
3238,2024-02-25 09:02:00,SENSOR_022,PM2.5,Medellin,Sur,53.22,µg/m3,Alerta,85.34,82.0,LoRaWAN
3239,2024-05-03 17:10:00,SENSOR_021,Humedad,Bucaramanga,Occidente,66.57,%,Normal,99.25,40.0,4G
3240,2024-10-16 09:13:00,SENSOR_064,PM2.5,Cali,Occidente,21.35,µg/m3,Normal,68.15,24.0,Ethernet
3241,2024-01-01 16:06:00,SENSOR_008,Temperatura,Cartagena,Sur,27.86,°C,Normal,31.87,60.0,Ethernet
3242,2024-08-21 03:15:00,SENSOR_029,CO2,Barranquilla,Occidente,1789.79,ppm,Critico,62.79,51.0,LoRaWAN
3243,2024-04-27 06:06:00,SENSOR_079,Temperatura,Cali,Oriente,28.08,°C,Alerta,7.07,65.0,4G
3244,2024-01-17 07:51:00,SENSOR_051,CO2,Medellin,Norte,414.34,ppm,Normal,52.33,77.0,4G
3245,2024-05-10 18:00:00,SENSOR_084,PM2.5,Bucaramanga,Sur,26.69,µg/m3,Normal,53.22,98.0,WiFi
3246,2024-12-16 05:26:00,SENSOR_011,Humedad,Bucaramanga,Centro,83.84,%,Alerta,26.98,67.0,LoRaWAN
3247,2024-07-23 21:19:00,SENSOR_012,Humedad,Cartagena,Sur,82.28,%,Alerta,68.17,100.0,4G
3248,2024-03-04 11:15:00,SENSOR_029,PM2.5,Bucaramanga,Occidente,23.21,µg/m3,Normal,7.98,73.0,Ethernet
3249,2024-10-27 21:06:00,SENSOR_064,Ruido,Bucaramanga,Oriente,62.04,dB,Normal,48.33,64.0,LoRaWAN
3250,2024-08-28 21:34:00,SENSOR_080,CO2,Bogota,Norte,1056.4,ppm,Alerta,81.56,45.0,LoRaWAN
3251,2024-03-21 20:33:00,SENSOR_014,Ruido,Bogota,Norte,72.32,dB,Alerta,27.33,99.0,4G
3252,2024-05-19 21:54:00,SENSOR_089,Temperatura,Medellin,Norte,26.97,°C,Normal,34.58,60.0,LoRaWAN
3253,2024-01-21 17:55:00,SENSOR_060,Ruido,Bogota,Norte,63.09,dB,Normal,45.15,56.0,WiFi
3254,2024-08-20 21:22:00,SENSOR_081,CO2,Bogota,Sur,1016.27,ppm,Alerta,93.59,73.0,LoRaWAN
3255,2024-06-27 04:09:00,SENSOR_095,Ruido,Cali,Norte,89.29,dB,Critico,28.68,56.0,WiFi
3256,2024-11-14 01:19:00,SENSOR_073,Humedad,Cali,Oriente,73.34,%,Normal,75.35,66.0,4G
3257,2024-11-26 13:21:00,SENSOR_060,CO2,Bogota,Norte,1105.52,ppm,Alerta,77.82,30.0,LoRaWAN
3258,2024-09-17 20:38:00,SENSOR_011,PM2.5,Bucaramanga,Sur,91.15,µg/m3,Critico,31.25,70.0,LoRaWAN
3259,2024-08-05 09:08:00,SENSOR_056,Humedad,Cali,Sur,67.97,%,Normal,11.89,58.0,4G
3260,2024-09-30 13:29:00,SENSOR_064,CO2,Cartagena,Sur,1635.87,ppm,Critico,52.7,82.0,LoRaWAN
3261,2024-02-02 19:20:00,SENSOR_016,Ruido,Barranquilla,Sur,37.83,dB,Normal,69.51,82.0,4G
3262,2024-09-07 06:48:00,SENSOR_006,PM2.5,Barranquilla,Norte,11.59,µg/m3,Normal,68.27,24.0,Ethernet
3263,2024-06-24 17:15:00,SENSOR_035,Temperatura,Barranquilla,Oriente,12.65,°C,Normal,68.04,,Ethernet
3264,2024-04-02 20:16:00,SENSOR_088,Ruido,Barranquilla,Centro,57.75,dB,Normal,21.86,42.0,4G
3265,2024-04-01 09:18:00,SENSOR_098,Ruido,Cartagena,Oriente,67.64,dB,Normal,96.15,74.0,Ethernet
3266,2024-02-21 03:28:00,SENSOR_045,Temperatura,Cali,Oriente,19.12,°C,Normal,44.56,73.0,LoRaWAN
3267,2024-02-01 10:04:00,SENSOR_073,Humedad,Medellin,Oriente,56.48,%,Normal,,67.0,LoRaWAN
3268,2024-03-27 22:59:00,SENSOR_090,Temperatura,Bucaramanga,Centro,24.68,°C,Normal,22.85,67.0,WiFi
3269,2024-04-18 04:48:00,SENSOR_048,Ruido,Bucaramanga,Occidente,43.36,dB,Normal,65.92,92.0,Ethernet
3270,2024-08-15 02:40:00,SENSOR_072,PM2.5,Barranquilla,Oriente,39.98,µg/m3,Alerta,76.6,97.0,Ethernet
3271,2024-05-24 07:44:00,SENSOR_011,Humedad,Cartagena,Oriente,40.53,%,Normal,29.69,93.0,4G
3272,2024-05-11 09:15:00,SENSOR_098,Temperatura,Cali,Occidente,13.33,°C,Normal,,81.0,LoRaWAN
3273,2024-10-22 04:17:00,SENSOR_076,Temperatura,Barranquilla,Centro,15.09,°C,Normal,62.56,84.0,Ethernet
3274,2024-06-26 11:15:00,SENSOR_060,PM2.5,Barranquilla,Centro,44.78,µg/m3,Alerta,5.42,42.0,4G
3275,2024-01-09 18:57:00,SENSOR_053,Ruido,Medellin,Sur,76.68,dB,Alerta,48.2,57.0,4G
3276,2024-08-13 06:56:00,SENSOR_009,Temperatura,Bogota,Sur,27.75,°C,Normal,75.73,22.0,4G
3277,2024-04-02 19:32:00,SENSOR_040,Ruido,Cartagena,Norte,80.16,dB,Alerta,76.07,49.0,LoRaWAN
3278,2024-10-27 20:27:00,SENSOR_011,PM2.5,Bogota,Occidente,22.39,µg/m3,Normal,84.31,74.0,LoRaWAN
3279,2024-10-27 19:04:00,SENSOR_018,PM2.5,Barranquilla,Centro,110.63,µg/m3,Critico,88.09,32.0,4G
3280,2024-02-27 05:40:00,SENSOR_060,Temperatura,Bucaramanga,Occidente,15.23,°C,Normal,41.57,98.0,LoRaWAN
3281,2024-12-15 15:25:00,SENSOR_023,Humedad,Cartagena,Centro,91.86,%,Critico,53.97,44.0,4G
3282,2024-12-23 18:42:00,SENSOR_079,PM2.5,Bogota,Norte,119.22,µg/m3,Critico,51.6,45.0,WiFi
3283,2024-05-26 06:26:00,SENSOR_020,CO2,Barranquilla,Sur,1333.91,ppm,Critico,36.35,32.0,LoRaWAN
3284,2024-02-04 13:00:00,SENSOR_094,CO2,Medellin,Centro,982.16,ppm,Alerta,80.02,70.0,LoRaWAN
3285,2024-04-20 12:14:00,SENSOR_037,PM2.5,Cartagena,Sur,62.56,µg/m3,Alerta,73.71,50.0,4G
3286,2024-01-03 21:30:00,SENSOR_092,Temperatura,Bogota,Sur,21.67,°C,Normal,30.48,71.0,WiFi
3287,2024-10-24 05:58:00,SENSOR_046,CO2,Bucaramanga,Oriente,1653.34,ppm,Critico,17.72,69.0,WiFi
3288,2024-08-26 16:32:00,SENSOR_085,Temperatura,Cali,Occidente,33.92,°C,Critico,58.38,57.0,4G
3289,2024-07-05 10:21:00,SENSOR_095,Ruido,Cali,Oriente,99.14,dB,Critico,12.3,89.0,Ethernet
3290,2024-09-06 22:55:00,SENSOR_081,Temperatura,Cali,Centro,24.57,°C,Normal,39.91,71.0,Ethernet
3291,2024-05-16 12:56:00,SENSOR_019,CO2,Medellin,Occidente,1435.19,ppm,Critico,41.44,,WiFi
3292,2024-07-26 08:50:00,SENSOR_012,Temperatura,Medellin,Oriente,12.65,°C,Normal,68.78,87.0,Ethernet
3293,2024-01-31 06:48:00,SENSOR_057,Humedad,Medellin,Centro,,%,Sin_Dato,26.23,47.0,WiFi
3294,2024-02-18 13:31:00,SENSOR_021,PM2.5,Bogota,Occidente,103.03,µg/m3,Critico,25.88,22.0,4G
3295,2024-11-19 03:56:00,SENSOR_029,PM2.5,Cali,Sur,108.02,µg/m3,Critico,50.89,32.0,WiFi
3296,2024-09-10 01:07:00,SENSOR_052,Ruido,Barranquilla,Sur,89.53,dB,Critico,60.95,24.0,LoRaWAN
3297,2024-07-08 19:00:00,SENSOR_051,PM2.5,Bucaramanga,Norte,50.13,µg/m3,Alerta,5.54,63.0,LoRaWAN
3298,2024-11-05 23:46:00,SENSOR_071,Ruido,Barranquilla,Occidente,50.67,dB,Normal,76.73,84.0,Ethernet
3299,2024-03-31 16:00:00,SENSOR_008,Humedad,Medellin,Sur,38.88,%,Alerta,21.73,73.0,4G
3300,2024-08-18 06:38:00,SENSOR_035,Temperatura,Bucaramanga,Occidente,24.09,°C,Normal,34.06,57.0,Ethernet
3301,2024-03-29 22:43:00,SENSOR_041,Temperatura,Cartagena,Oriente,11.76,°C,Normal,10.28,24.0,Ethernet
3302,2024-06-01 15:38:00,SENSOR_067,CO2,Cartagena,Sur,1676.51,ppm,Critico,64.93,56.0,4G
3303,2024-10-19 15:26:00,SENSOR_097,PM2.5,Cartagena,Norte,8.73,µg/m3,Normal,14.94,87.0,LoRaWAN
3304,2024-10-02 05:23:00,SENSOR_064,Humedad,Bogota,Occidente,43.07,%,Normal,,89.0,LoRaWAN
3305,2024-05-07 12:51:00,SENSOR_046,Temperatura,Barranquilla,Centro,32.57,°C,Critico,23.65,58.0,WiFi
3306,2024-08-01 22:38:00,SENSOR_022,CO2,Barranquilla,Occidente,572.16,ppm,Normal,64.04,95.0,WiFi
3307,2024-06-15 05:17:00,SENSOR_098,PM2.5,Medellin,Norte,56.48,µg/m3,Alerta,49.48,24.0,Ethernet
3308,2024-04-30 09:09:00,SENSOR_094,CO2,Cartagena,Occidente,1556.3,ppm,Critico,79.2,22.0,4G
3309,2024-12-08 12:34:00,SENSOR_071,Ruido,Medellin,Occidente,78.49,dB,Alerta,7.03,45.0,Ethernet
3310,2024-06-22 21:39:00,SENSOR_021,Humedad,Barranquilla,Occidente,86.72,%,Alerta,72.04,68.0,4G
3311,2024-05-01 11:48:00,SENSOR_001,CO2,Bucaramanga,Centro,1138.86,ppm,Alerta,16.14,33.0,WiFi
3312,2024-12-08 04:10:00,SENSOR_066,CO2,Bucaramanga,Centro,973.61,ppm,Alerta,51.86,91.0,4G
3313,2024-01-25 07:10:00,SENSOR_030,PM2.5,Bogota,Norte,118.96,µg/m3,Critico,46.6,84.0,4G
3314,2024-06-22 11:19:00,SENSOR_087,Ruido,Bogota,Norte,,dB,Sin_Dato,55.34,41.0,LoRaWAN
3315,2024-12-09 19:24:00,SENSOR_085,CO2,Medellin,Oriente,1620.67,ppm,Critico,92.73,73.0,Ethernet
3316,2024-07-07 10:13:00,SENSOR_090,CO2,Cali,Centro,978.91,ppm,Alerta,38.77,58.0,4G
3317,2024-08-23 07:15:00,SENSOR_018,PM2.5,Barranquilla,Oriente,10.58,µg/m3,Normal,54.46,33.0,WiFi
3318,2024-08-17 03:19:00,SENSOR_095,Humedad,Bucaramanga,Oriente,65.32,%,Normal,35.38,73.0,Ethernet
3319,2024-01-27 23:58:00,SENSOR_084,Ruido,Cali,Centro,90.02,dB,Critico,97.2,84.0,4G
3320,2024-02-19 07:20:00,SENSOR_075,Ruido,Medellin,Sur,38.93,dB,Normal,35.4,26.0,4G
3321,2024-08-05 20:48:00,SENSOR_096,Ruido,Barranquilla,Sur,50.67,dB,Normal,56.35,58.0,LoRaWAN
3322,2024-04-10 18:49:00,SENSOR_036,Temperatura,Cali,Oriente,17.92,°C,Normal,37.04,87.0,4G
3323,2024-10-20 00:56:00,SENSOR_025,Temperatura,Cartagena,Occidente,15.06,°C,Normal,30.59,38.0,Ethernet
3324,2024-03-05 13:40:00,SENSOR_049,Ruido,Bogota,Occidente,81.49,dB,Alerta,91.38,79.0,LoRaWAN
3325,2024-12-16 13:06:00,SENSOR_054,Humedad,Barranquilla,Norte,31.6,%,Alerta,37.73,80.0,Ethernet
3326,2024-05-15 00:27:00,SENSOR_053,PM2.5,Cartagena,Centro,26.76,µg/m3,Normal,63.02,93.0,LoRaWAN
3327,2024-03-06 17:41:00,SENSOR_099,Humedad,Barranquilla,Norte,78.99,%,Normal,,70.0,4G
3328,2024-09-10 18:47:00,SENSOR_031,CO2,Barranquilla,Occidente,442.19,ppm,Normal,31.08,28.0,4G
3329,2024-08-19 18:39:00,SENSOR_069,Temperatura,Cartagena,Norte,10.09,°C,Normal,37.98,45.0,4G
3330,2024-04-19 17:01:00,SENSOR_056,CO2,Bucaramanga,Norte,1606.62,ppm,Critico,,94.0,Ethernet
3331,2024-09-19 08:30:00,SENSOR_057,PM2.5,Bogota,Oriente,55.22,µg/m3,Alerta,23.5,66.0,WiFi
3332,2024-10-31 06:02:00,SENSOR_023,PM2.5,Cartagena,Oriente,38.6,µg/m3,Alerta,33.32,87.0,4G
3333,2024-06-02 13:45:00,SENSOR_003,CO2,Cartagena,Norte,565.64,ppm,Normal,66.85,79.0,4G
3334,2024-10-13 02:58:00,SENSOR_027,Humedad,Bogota,Oriente,85.38,%,Alerta,8.98,70.0,4G
3335,2024-01-11 09:35:00,SENSOR_031,CO2,Medellin,Oriente,1073.35,ppm,Alerta,79.37,56.0,WiFi
3336,2024-03-06 18:11:00,SENSOR_056,Humedad,Medellin,Sur,74.19,%,Normal,14.03,32.0,Ethernet
3337,2024-10-27 01:04:00,SENSOR_031,Humedad,Bucaramanga,Oriente,93.12,%,Critico,39.47,29.0,LoRaWAN
3338,2024-01-02 22:29:00,SENSOR_069,Ruido,Barranquilla,Sur,95.22,dB,Critico,19.47,65.0,WiFi
3339,2024-03-16 19:08:00,SENSOR_082,CO2,Bogota,Occidente,419.7,ppm,Normal,98.33,25.0,WiFi
3340,2024-05-13 00:08:00,SENSOR_050,Ruido,Bogota,Sur,76.41,dB,Alerta,63.19,85.0,WiFi
3341,2024-10-03 12:20:00,SENSOR_018,Temperatura,Cali,Sur,20.41,°C,Normal,56.84,80.0,4G
3342,2024-04-17 09:46:00,SENSOR_010,Temperatura,Bucaramanga,Sur,32.78,°C,Critico,90.21,93.0,4G
3343,2024-09-09 08:18:00,SENSOR_035,Temperatura,Barranquilla,Sur,30.01,°C,Alerta,6.45,41.0,LoRaWAN
3344,2024-01-18 11:02:00,SENSOR_022,CO2,Medellin,Centro,1423.54,ppm,Critico,46.2,89.0,LoRaWAN
3345,2024-06-19 09:11:00,SENSOR_029,Temperatura,Barranquilla,Norte,12.01,°C,Normal,77.23,28.0,4G
3346,2024-04-30 18:09:00,SENSOR_038,Humedad,Cartagena,Norte,,%,Sin_Dato,53.23,90.0,WiFi
3347,2024-09-16 14:57:00,SENSOR_084,PM2.5,Medellin,Centro,119.93,µg/m3,Critico,15.51,70.0,WiFi
3348,2024-03-28 12:36:00,SENSOR_021,Ruido,Bucaramanga,Occidente,97.72,dB,Critico,77.13,49.0,4G
3349,2024-07-21 20:08:00,SENSOR_096,Humedad,Cartagena,Centro,49.2,%,Normal,82.74,41.0,LoRaWAN
3350,2024-02-03 08:53:00,SENSOR_095,CO2,Medellin,Oriente,1521.13,ppm,Critico,27.77,56.0,LoRaWAN
3351,2024-02-04 10:09:00,SENSOR_098,Ruido,Barranquilla,Norte,58.06,dB,Normal,60.48,91.0,LoRaWAN
3352,2024-01-14 22:48:00,SENSOR_025,PM2.5,Medellin,Centro,34.29,µg/m3,Normal,57.88,36.0,WiFi
3353,2024-08-20 12:34:00,SENSOR_003,CO2,Cali,Centro,1066.74,ppm,Alerta,15.05,60.0,WiFi
3354,2024-04-01 05:01:00,SENSOR_028,Humedad,Bucaramanga,Oriente,69.93,%,Normal,32.45,49.0,WiFi
3355,2024-02-22 05:26:00,SENSOR_061,CO2,Bogota,Oriente,314.83,ppm,Normal,29.34,84.0,LoRaWAN
3356,2024-10-15 10:50:00,SENSOR_043,Humedad,Barranquilla,Oriente,80.75,%,Alerta,43.46,76.0,4G
3357,2024-06-08 13:25:00,SENSOR_051,CO2,Bucaramanga,Centro,1492.39,ppm,Critico,19.06,89.0,WiFi
3358,2024-05-20 12:13:00,SENSOR_056,Humedad,Cartagena,Occidente,40.0,%,Normal,17.61,94.0,LoRaWAN
3359,2024-01-04 10:57:00,SENSOR_040,Humedad,Medellin,Occidente,37.6,%,Alerta,,62.0,Ethernet
3360,2024-11-17 05:46:00,SENSOR_048,Ruido,Medellin,Oriente,96.56,dB,Critico,25.62,74.0,4G
3361,2024-10-18 13:11:00,SENSOR_061,Ruido,Cartagena,Centro,52.01,dB,Normal,11.37,82.0,Ethernet
3362,2024-07-13 21:12:00,SENSOR_021,Humedad,Cartagena,Occidente,44.31,%,Normal,64.29,50.0,LoRaWAN
3363,2024-04-08 18:38:00,SENSOR_095,Temperatura,Barranquilla,Oriente,23.43,°C,Normal,22.18,79.0,4G
3364,2024-07-30 09:00:00,SENSOR_091,Temperatura,Bogota,Centro,30.24,°C,Alerta,73.38,62.0,LoRaWAN
3365,2024-12-22 09:39:00,SENSOR_026,Ruido,Barranquilla,Oriente,,dB,Sin_Dato,95.51,73.0,Ethernet
3366,2024-02-19 09:48:00,SENSOR_078,Ruido,Cali,Sur,56.87,dB,Normal,47.82,32.0,WiFi
3367,2024-05-26 01:13:00,SENSOR_099,Temperatura,Barranquilla,Sur,15.14,°C,Normal,56.44,94.0,WiFi
3368,2024-02-07 06:24:00,SENSOR_067,CO2,Barranquilla,Centro,1358.64,ppm,Critico,88.95,55.0,4G
3369,2024-01-24 01:56:00,SENSOR_061,Temperatura,Barranquilla,Norte,22.57,°C,Normal,48.35,28.0,Ethernet
3370,2024-03-14 10:47:00,SENSOR_050,Ruido,Cali,Occidente,61.66,dB,Normal,11.66,88.0,LoRaWAN
3371,2024-11-16 03:30:00,SENSOR_072,Ruido,Barranquilla,Oriente,42.17,dB,Normal,36.13,40.0,WiFi
3372,2024-04-14 13:04:00,SENSOR_099,Humedad,Cartagena,Centro,79.28,%,Normal,85.55,41.0,LoRaWAN
3373,2024-02-16 14:09:00,SENSOR_080,PM2.5,Bucaramanga,Centro,87.69,µg/m3,Critico,99.94,67.0,4G
3374,2024-12-04 17:56:00,SENSOR_092,CO2,Medellin,Centro,1648.8,ppm,Critico,55.31,71.0,Ethernet
3375,2024-01-16 20:57:00,SENSOR_064,PM2.5,Bogota,Oriente,34.36,µg/m3,Normal,85.5,59.0,WiFi
3376,2024-01-04 11:30:00,SENSOR_008,Temperatura,Barranquilla,Sur,19.24,°C,Normal,27.65,35.0,WiFi
3377,2024-11-03 21:07:00,SENSOR_040,PM2.5,Bogota,Oriente,72.2,µg/m3,Alerta,20.33,84.0,LoRaWAN
3378,2024-08-10 11:04:00,SENSOR_020,CO2,Bucaramanga,Norte,1183.04,ppm,Alerta,83.17,67.0,WiFi
3379,2024-12-15 20:18:00,SENSOR_089,Ruido,Medellin,Oriente,92.01,dB,Critico,47.31,85.0,Ethernet
3380,2024-06-26 05:30:00,SENSOR_086,Temperatura,Bucaramanga,Centro,18.07,°C,Normal,75.76,95.0,WiFi
3381,2024-11-09 05:39:00,SENSOR_089,Temperatura,Bucaramanga,Oriente,14.88,°C,Normal,77.95,57.0,4G
3382,2024-01-15 13:53:00,SENSOR_033,CO2,Bogota,Norte,1489.9,ppm,Critico,16.49,72.0,Ethernet
3383,2024-12-25 20:49:00,SENSOR_060,Ruido,Cali,Norte,35.04,dB,Normal,19.8,79.0,WiFi
3384,2024-11-15 17:27:00,SENSOR_056,Temperatura,Medellin,Sur,29.92,°C,Alerta,99.96,92.0,WiFi
3385,2024-08-02 03:56:00,SENSOR_027,Temperatura,Cartagena,Occidente,27.98,°C,Normal,17.87,76.0,WiFi
3386,2024-04-14 17:43:00,SENSOR_095,Humedad,Cali,Sur,55.76,%,Normal,27.05,85.0,LoRaWAN
3387,2024-11-02 13:38:00,SENSOR_035,CO2,Bucaramanga,Norte,1539.24,ppm,Critico,49.4,40.0,WiFi
3388,2024-05-28 16:01:00,SENSOR_056,Ruido,Cartagena,Centro,41.99,dB,Normal,71.78,43.0,Ethernet
3389,2024-02-17 02:08:00,SENSOR_031,PM2.5,Cali,Centro,59.2,µg/m3,Alerta,17.83,27.0,Ethernet
3390,2024-10-06 12:45:00,SENSOR_057,CO2,Bucaramanga,Oriente,306.38,ppm,Normal,65.32,100.0,WiFi
3391,2024-10-26 22:00:00,SENSOR_073,CO2,Cali,Norte,550.0,ppm,Normal,75.81,79.0,WiFi
3392,2024-09-23 06:56:00,SENSOR_071,PM2.5,Bogota,Norte,,µg/m3,Sin_Dato,26.31,68.0,Ethernet
3393,2024-10-07 05:43:00,SENSOR_038,CO2,Cali,Sur,465.32,ppm,Normal,46.84,64.0,LoRaWAN
3394,2024-12-28 10:23:00,SENSOR_002,PM2.5,Cali,Norte,9.15,µg/m3,Normal,51.81,57.0,WiFi
3395,2024-04-02 06:22:00,SENSOR_099,PM2.5,Medellin,Sur,102.85,µg/m3,Critico,60.99,60.0,Ethernet
3396,2024-04-19 13:38:00,SENSOR_052,Ruido,Medellin,Sur,,dB,Sin_Dato,22.77,28.0,LoRaWAN
3397,2024-03-04 15:17:00,SENSOR_062,CO2,Cartagena,Oriente,1177.55,ppm,Alerta,54.49,47.0,WiFi
3398,2024-05-05 17:25:00,SENSOR_059,CO2,Medellin,Sur,801.35,ppm,Alerta,68.56,83.0,Ethernet
3399,2024-04-26 03:31:00,SENSOR_015,Ruido,Medellin,Sur,60.79,dB,Normal,12.31,75.0,LoRaWAN
3400,2024-06-29 18:40:00,SENSOR_020,CO2,Medellin,Norte,1460.67,ppm,Critico,69.27,20.0,WiFi
3401,2024-07-15 10:36:00,SENSOR_068,Humedad,Barranquilla,Centro,58.78,%,Normal,55.85,91.0,LoRaWAN
3402,2024-06-28 07:40:00,SENSOR_058,Temperatura,Cali,Occidente,32.36,°C,Critico,51.32,51.0,WiFi
3403,2024-01-11 08:15:00,SENSOR_067,PM2.5,Bogota,Sur,73.17,µg/m3,Alerta,36.32,85.0,WiFi
3404,2024-03-28 22:03:00,SENSOR_035,Humedad,Bogota,Norte,84.56,%,Alerta,8.17,34.0,WiFi
3405,2024-09-03 22:15:00,SENSOR_049,CO2,Barranquilla,Norte,1077.32,ppm,Alerta,46.05,95.0,WiFi
3406,2024-05-14 06:14:00,SENSOR_014,Temperatura,Medellin,Centro,20.37,°C,Normal,7.09,29.0,4G
3407,2024-07-30 14:48:00,SENSOR_056,CO2,Bucaramanga,Oriente,472.13,ppm,Normal,73.79,87.0,4G
3408,2024-10-15 18:01:00,SENSOR_100,Ruido,Medellin,Centro,52.39,dB,Normal,58.2,94.0,LoRaWAN
3409,2024-02-24 12:07:00,SENSOR_023,PM2.5,Bucaramanga,Centro,33.14,µg/m3,Normal,85.13,67.0,Ethernet
3410,2024-09-14 17:45:00,SENSOR_064,Ruido,Barranquilla,Centro,66.91,dB,Normal,53.67,22.0,LoRaWAN
3411,2024-09-08 11:39:00,SENSOR_008,PM2.5,Cali,Norte,91.69,µg/m3,Critico,14.54,25.0,Ethernet
3412,2024-04-14 23:31:00,SENSOR_093,CO2,Barranquilla,Occidente,1631.53,ppm,Critico,85.47,,4G
3413,2024-07-16 11:50:00,SENSOR_094,Ruido,Cartagena,Oriente,94.6,dB,Critico,89.8,92.0,LoRaWAN
3414,2024-09-21 08:33:00,SENSOR_063,PM2.5,Cali,Sur,62.96,µg/m3,Alerta,,84.0,4G
3415,2024-06-27 16:40:00,SENSOR_040,Humedad,Bogota,Occidente,71.18,%,Normal,84.84,80.0,LoRaWAN
3416,2024-04-01 00:15:00,SENSOR_076,Ruido,Medellin,Centro,59.24,dB,Normal,21.89,96.0,Ethernet
3417,2024-04-13 10:52:00,SENSOR_059,Humedad,Bucaramanga,Norte,65.03,%,Normal,21.53,52.0,WiFi
3418,2024-05-29 21:40:00,SENSOR_079,CO2,Barranquilla,Occidente,1252.17,ppm,Critico,58.3,24.0,4G
3419,2024-04-07 17:20:00,SENSOR_066,Ruido,Bogota,Centro,79.07,dB,Alerta,,57.0,LoRaWAN
3420,2024-01-13 21:51:00,SENSOR_018,PM2.5,Barranquilla,Oriente,57.31,µg/m3,Alerta,68.36,56.0,4G
3421,2024-02-23 07:40:00,SENSOR_004,Humedad,Barranquilla,Norte,77.84,%,Normal,55.22,74.0,Ethernet
3422,2024-02-06 08:42:00,SENSOR_055,CO2,Bucaramanga,Oriente,1268.85,ppm,Critico,9.92,30.0,WiFi
3423,2024-08-03 00:18:00,SENSOR_001,PM2.5,Cartagena,Norte,90.29,µg/m3,Critico,21.47,,WiFi
3424,2024-11-21 11:17:00,SENSOR_061,PM2.5,Barranquilla,Oriente,79.1,µg/m3,Critico,93.65,38.0,4G
3425,2024-08-24 07:05:00,SENSOR_028,PM2.5,Cartagena,Norte,35.32,µg/m3,Alerta,77.6,43.0,Ethernet
3426,2024-11-28 04:27:00,SENSOR_033,CO2,Cali,Oriente,1792.69,ppm,Critico,54.51,43.0,WiFi
3427,2024-03-13 16:15:00,SENSOR_037,Ruido,Cartagena,Sur,49.77,dB,Normal,55.47,70.0,Ethernet
3428,2024-08-04 19:15:00,SENSOR_023,Ruido,Bogota,Sur,79.72,dB,Alerta,60.85,67.0,LoRaWAN
3429,2024-11-21 13:11:00,SENSOR_097,Ruido,Bucaramanga,Centro,96.89,dB,Critico,69.83,63.0,4G
3430,2024-04-05 05:56:00,SENSOR_083,Humedad,Barranquilla,Centro,90.69,%,Critico,12.72,80.0,LoRaWAN
3431,2024-10-26 15:38:00,SENSOR_096,PM2.5,Bucaramanga,Oriente,12.85,µg/m3,Normal,59.1,47.0,Ethernet
3432,2024-02-27 02:38:00,SENSOR_029,PM2.5,Cartagena,Sur,94.73,µg/m3,Critico,79.59,28.0,WiFi
3433,2024-09-01 04:04:00,SENSOR_096,Humedad,Bucaramanga,Norte,51.59,%,Normal,13.3,47.0,Ethernet
3434,2024-12-20 22:12:00,SENSOR_074,Ruido,Bucaramanga,Norte,67.84,dB,Normal,41.01,57.0,Ethernet
3435,2024-12-04 10:22:00,SENSOR_073,PM2.5,Bogota,Oriente,22.68,µg/m3,Normal,17.84,35.0,WiFi
3436,2024-01-22 23:03:00,SENSOR_013,Humedad,Barranquilla,Sur,56.51,%,Normal,10.48,30.0,LoRaWAN
3437,2024-12-21 16:09:00,SENSOR_042,Temperatura,Cartagena,Sur,24.57,°C,Normal,9.06,76.0,WiFi
3438,2024-01-11 05:01:00,SENSOR_085,Temperatura,Cartagena,Centro,25.78,°C,Normal,70.99,54.0,4G
3439,2024-05-07 01:31:00,SENSOR_062,PM2.5,Barranquilla,Sur,53.71,µg/m3,Alerta,17.21,86.0,4G
3440,2024-02-02 16:13:00,SENSOR_045,Temperatura,Bogota,Oriente,13.88,°C,Normal,22.1,52.0,4G
3441,2024-06-20 03:11:00,SENSOR_042,Ruido,Medellin,Oriente,64.09,dB,Normal,47.21,36.0,Ethernet
3442,2024-08-31 19:09:00,SENSOR_069,Temperatura,Bucaramanga,Sur,11.74,°C,Normal,66.47,31.0,LoRaWAN
3443,2024-01-01 17:38:00,SENSOR_061,Humedad,Bucaramanga,Centro,31.94,%,Alerta,13.11,93.0,WiFi
3444,2024-12-16 12:32:00,SENSOR_034,Ruido,Bucaramanga,Oriente,67.34,dB,Normal,50.08,31.0,Ethernet
3445,2024-03-28 04:01:00,SENSOR_097,Humedad,Medellin,Sur,57.51,%,Normal,28.27,26.0,4G
3446,2024-04-21 21:02:00,SENSOR_045,PM2.5,Medellin,Oriente,21.61,µg/m3,Normal,55.54,68.0,Ethernet
3447,2024-05-30 15:29:00,SENSOR_041,Ruido,Barranquilla,Centro,84.35,dB,Alerta,67.81,48.0,LoRaWAN
3448,2024-12-01 20:57:00,SENSOR_050,Temperatura,Cali,Oriente,19.47,°C,Normal,71.28,46.0,Ethernet
3449,2024-06-21 05:45:00,SENSOR_014,Humedad,Cartagena,Oriente,89.57,%,Alerta,71.31,94.0,WiFi
3450,2024-08-19 19:48:00,SENSOR_009,CO2,Barranquilla,Occidente,1788.19,ppm,Critico,6.57,45.0,Ethernet
3451,2024-04-15 15:41:00,SENSOR_092,CO2,Bogota,Centro,883.26,ppm,Alerta,53.49,27.0,LoRaWAN
3452,2024-03-19 17:04:00,SENSOR_012,Humedad,Medellin,Sur,74.71,%,Normal,65.02,51.0,Ethernet
3453,2024-09-22 16:55:00,SENSOR_021,PM2.5,Bucaramanga,Norte,91.17,µg/m3,Critico,48.78,62.0,LoRaWAN
3454,2024-08-05 03:24:00,SENSOR_067,Temperatura,Cartagena,Occidente,34.64,°C,Critico,92.39,96.0,WiFi
3455,2024-08-25 03:17:00,SENSOR_038,Humedad,Barranquilla,Occidente,91.15,%,Critico,,93.0,4G
3456,2024-06-06 22:26:00,SENSOR_100,Humedad,Barranquilla,Centro,55.42,%,Normal,49.74,22.0,4G
3457,2024-02-16 20:23:00,SENSOR_032,PM2.5,Bucaramanga,Occidente,46.37,µg/m3,Alerta,70.85,28.0,LoRaWAN
3458,2024-05-05 19:34:00,SENSOR_090,Temperatura,Barranquilla,Sur,18.83,°C,Normal,13.07,66.0,LoRaWAN
3459,2024-04-23 23:13:00,SENSOR_020,CO2,Medellin,Sur,1336.21,ppm,Critico,51.57,,Ethernet
3460,2024-05-21 23:09:00,SENSOR_001,Humedad,Barranquilla,Norte,86.53,%,Alerta,93.2,65.0,4G
3461,2024-11-15 13:04:00,SENSOR_068,Temperatura,Cartagena,Oriente,32.34,°C,Critico,91.02,58.0,Ethernet
3462,2024-04-24 01:38:00,SENSOR_053,Ruido,Cartagena,Sur,53.0,dB,Normal,8.21,86.0,4G
3463,2024-03-15 18:57:00,SENSOR_098,PM2.5,Bogota,Centro,88.49,µg/m3,Critico,56.9,81.0,LoRaWAN
3464,2024-10-20 13:03:00,SENSOR_095,Temperatura,Cali,Sur,18.46,°C,Normal,6.14,33.0,WiFi
3465,2024-11-02 04:11:00,SENSOR_063,CO2,Cartagena,Oriente,952.86,ppm,Alerta,47.42,90.0,Ethernet
3466,2024-10-01 11:17:00,SENSOR_025,Ruido,Bucaramanga,Sur,50.75,dB,Normal,33.53,55.0,Ethernet
3467,2024-06-15 15:48:00,SENSOR_026,Humedad,Bucaramanga,Occidente,86.25,%,Alerta,92.39,34.0,WiFi
3468,2024-09-08 04:03:00,SENSOR_001,Ruido,Medellin,Norte,70.71,dB,Alerta,28.26,26.0,LoRaWAN
3469,2024-04-29 20:24:00,SENSOR_015,Temperatura,Cartagena,Sur,25.83,°C,Normal,17.4,99.0,Ethernet
3470,2024-11-06 23:32:00,SENSOR_021,CO2,Cartagena,Centro,1181.25,ppm,Alerta,97.77,22.0,LoRaWAN
3471,2024-03-24 15:10:00,SENSOR_078,Ruido,Cartagena,Centro,66.5,dB,Normal,41.94,98.0,Ethernet
3472,2024-09-11 21:59:00,SENSOR_068,PM2.5,Bucaramanga,Sur,83.55,µg/m3,Critico,67.19,34.0,4G
3473,2024-03-23 10:51:00,SENSOR_081,CO2,Cartagena,Occidente,695.92,ppm,Normal,62.09,75.0,4G
3474,2024-08-21 02:43:00,SENSOR_024,CO2,Cali,Oriente,1025.06,ppm,Alerta,65.82,48.0,LoRaWAN
3475,2024-11-27 09:29:00,SENSOR_057,Temperatura,Cali,Oriente,32.94,°C,Critico,57.09,86.0,Ethernet
3476,2024-08-29 20:02:00,SENSOR_048,PM2.5,Bucaramanga,Occidente,30.41,µg/m3,Normal,82.33,23.0,WiFi
3477,2024-08-23 16:50:00,SENSOR_076,CO2,Bogota,Sur,469.96,ppm,Normal,35.6,24.0,LoRaWAN
3478,2024-02-18 21:39:00,SENSOR_074,CO2,Medellin,Sur,735.67,ppm,Normal,67.48,33.0,4G
3479,2024-05-17 05:17:00,SENSOR_079,Temperatura,Medellin,Norte,29.08,°C,Alerta,24.21,44.0,LoRaWAN
3480,2024-12-09 22:07:00,SENSOR_041,Temperatura,Cartagena,Occidente,34.94,°C,Critico,22.66,96.0,Ethernet
3481,2024-01-01 01:37:00,SENSOR_068,Ruido,Bucaramanga,Occidente,56.14,dB,Normal,66.91,80.0,4G
3482,2024-12-04 15:40:00,SENSOR_055,PM2.5,Medellin,Centro,57.4,µg/m3,Alerta,82.23,75.0,Ethernet
3483,2024-10-26 22:44:00,SENSOR_004,PM2.5,Cartagena,Oriente,62.87,µg/m3,Alerta,36.82,,WiFi
3484,2024-07-31 20:56:00,SENSOR_036,Ruido,Cali,Centro,74.04,dB,Alerta,62.93,23.0,WiFi
3485,2024-01-13 12:54:00,SENSOR_057,Humedad,Cartagena,Norte,39.59,%,Alerta,47.62,57.0,Ethernet
3486,2024-06-22 00:23:00,SENSOR_003,CO2,Cali,Occidente,1406.75,ppm,Critico,16.5,60.0,4G
3487,2024-11-18 01:46:00,SENSOR_022,PM2.5,Cali,Sur,106.12,µg/m3,Critico,85.51,24.0,LoRaWAN
3488,2024-01-06 04:53:00,SENSOR_064,Humedad,Cali,Sur,82.42,%,Alerta,75.46,100.0,Ethernet
3489,2024-04-13 08:29:00,SENSOR_056,PM2.5,Cartagena,Norte,8.82,µg/m3,Normal,71.33,,WiFi
3490,2024-05-18 06:25:00,SENSOR_006,Ruido,Bucaramanga,Occidente,39.21,dB,Normal,15.14,51.0,Ethernet
3491,2024-01-21 10:58:00,SENSOR_024,CO2,Bucaramanga,Occidente,1153.74,ppm,Alerta,78.24,93.0,4G
3492,2024-08-13 20:47:00,SENSOR_011,Temperatura,Medellin,Oriente,10.06,°C,Normal,70.41,87.0,LoRaWAN
3493,2024-06-06 02:31:00,SENSOR_005,CO2,Bucaramanga,Occidente,1052.79,ppm,Alerta,45.38,86.0,WiFi
3494,2024-11-04 07:11:00,SENSOR_057,PM2.5,Medellin,Norte,43.64,µg/m3,Alerta,93.76,67.0,LoRaWAN
3495,2024-09-16 00:46:00,SENSOR_058,CO2,Medellin,Sur,304.51,ppm,Normal,76.94,76.0,Ethernet
3496,2024-04-05 06:34:00,SENSOR_046,Temperatura,Bogota,Sur,27.21,°C,Normal,55.65,84.0,WiFi
3497,2024-01-19 18:43:00,SENSOR_081,CO2,Cartagena,Sur,526.87,ppm,Normal,52.87,80.0,4G
3498,2024-02-03 20:02:00,SENSOR_068,CO2,Bogota,Norte,324.62,ppm,Normal,40.14,58.0,4G
3499,2024-03-26 03:43:00,SENSOR_052,PM2.5,Bucaramanga,Centro,54.23,µg/m3,Alerta,15.89,66.0,Ethernet
3500,2024-11-14 00:20:00,SENSOR_012,Temperatura,Medellin,Sur,21.01,°C,Normal,9.28,59.0,LoRaWAN
3501,2024-08-07 02:04:00,SENSOR_005,PM2.5,Barranquilla,Occidente,77.01,µg/m3,Critico,,93.0,WiFi
3502,2024-10-06 22:20:00,SENSOR_040,PM2.5,Cartagena,Sur,55.27,µg/m3,Alerta,71.12,84.0,WiFi
3503,2024-06-13 00:46:00,SENSOR_084,PM2.5,Bucaramanga,Norte,38.68,µg/m3,Alerta,20.65,85.0,WiFi
3504,2024-12-18 19:29:00,SENSOR_005,Humedad,Cartagena,Norte,80.85,%,Alerta,87.76,53.0,LoRaWAN
3505,2024-10-23 08:20:00,SENSOR_052,PM2.5,Barranquilla,Norte,,µg/m3,Sin_Dato,8.31,95.0,WiFi
3506,2024-07-17 22:57:00,SENSOR_090,PM2.5,Barranquilla,Occidente,52.97,µg/m3,Alerta,85.01,21.0,Ethernet
3507,2024-03-20 17:28:00,SENSOR_095,PM2.5,Bucaramanga,Centro,113.7,µg/m3,Critico,52.29,,WiFi
3508,2024-10-16 19:33:00,SENSOR_053,Temperatura,Cartagena,Occidente,10.45,°C,Normal,56.83,33.0,4G
3509,2024-03-10 20:30:00,SENSOR_047,Ruido,Bogota,Centro,51.97,dB,Normal,99.56,49.0,WiFi
3510,2024-04-22 17:06:00,SENSOR_045,Temperatura,Medellin,Oriente,20.06,°C,Normal,42.49,40.0,LoRaWAN
3511,2024-12-28 18:10:00,SENSOR_096,CO2,Barranquilla,Occidente,845.79,ppm,Alerta,64.93,98.0,Ethernet
3512,2024-03-28 04:29:00,SENSOR_060,Temperatura,Medellin,Norte,29.35,°C,Alerta,45.31,42.0,Ethernet
3513,2024-03-01 01:32:00,SENSOR_034,Temperatura,Cali,Oriente,18.32,°C,Normal,29.94,43.0,Ethernet
3514,2024-07-09 05:25:00,SENSOR_037,Humedad,Cali,Occidente,81.45,%,Alerta,32.15,52.0,WiFi
3515,2024-03-24 09:05:00,SENSOR_029,PM2.5,Barranquilla,Oriente,73.42,µg/m3,Alerta,45.71,,4G
3516,2024-05-20 01:15:00,SENSOR_057,Ruido,Medellin,Occidente,82.84,dB,Alerta,21.49,73.0,WiFi
3517,2024-12-19 18:42:00,SENSOR_037,CO2,Barranquilla,Centro,1567.29,ppm,Critico,5.32,35.0,4G
3518,2024-09-13 12:57:00,SENSOR_025,CO2,Cali,Norte,878.08,ppm,Alerta,18.62,39.0,WiFi
3519,2024-05-31 07:56:00,SENSOR_069,CO2,Cali,Centro,1563.7,ppm,Critico,38.4,100.0,LoRaWAN
3520,2024-04-12 22:29:00,SENSOR_062,CO2,Cali,Centro,1111.75,ppm,Alerta,53.5,87.0,4G
3521,2024-01-10 15:27:00,SENSOR_057,Temperatura,Medellin,Oriente,14.7,°C,Normal,70.77,99.0,4G
3522,2024-12-21 20:52:00,SENSOR_068,Humedad,Bogota,Norte,40.29,%,Normal,19.69,77.0,Ethernet
3523,2024-11-08 18:50:00,SENSOR_057,PM2.5,Cali,Oriente,63.26,µg/m3,Alerta,16.74,57.0,Ethernet
3524,2024-11-21 00:30:00,SENSOR_082,CO2,Barranquilla,Oriente,526.57,ppm,Normal,30.51,29.0,4G
3525,2024-10-30 17:01:00,SENSOR_063,Humedad,Cali,Oriente,83.9,%,Alerta,43.31,97.0,WiFi
3526,2024-08-28 13:00:00,SENSOR_030,Ruido,Bucaramanga,Oriente,48.6,dB,Normal,23.18,46.0,WiFi
3527,2024-12-18 04:37:00,SENSOR_058,CO2,Cartagena,Centro,361.85,ppm,Normal,69.66,45.0,WiFi
3528,2024-08-20 05:08:00,SENSOR_086,PM2.5,Barranquilla,Centro,,µg/m3,Sin_Dato,31.56,40.0,4G
3529,2024-11-04 07:00:00,SENSOR_018,Temperatura,Cartagena,Centro,15.55,°C,Normal,70.85,66.0,4G
3530,2024-02-22 09:38:00,SENSOR_015,Humedad,Cali,Sur,65.37,%,Normal,51.05,31.0,LoRaWAN
3531,2024-03-02 12:02:00,SENSOR_003,Ruido,Barranquilla,Oriente,,dB,Sin_Dato,22.42,65.0,WiFi
3532,2024-07-29 22:56:00,SENSOR_051,Ruido,Bogota,Norte,77.45,dB,Alerta,34.54,90.0,4G
3533,2024-04-15 07:11:00,SENSOR_044,Humedad,Bogota,Occidente,88.09,%,Alerta,14.43,51.0,LoRaWAN
3534,2024-02-01 09:26:00,SENSOR_054,Temperatura,Medellin,Centro,10.83,°C,Normal,50.61,94.0,Ethernet
3535,2024-01-13 20:39:00,SENSOR_051,PM2.5,Medellin,Occidente,69.9,µg/m3,Alerta,66.04,74.0,Ethernet
3536,2024-10-31 16:03:00,SENSOR_048,Humedad,Bogota,Occidente,36.04,%,Alerta,93.35,40.0,WiFi
3537,2024-07-30 20:01:00,SENSOR_006,Ruido,Bucaramanga,Norte,38.5,dB,Normal,48.07,45.0,WiFi
3538,2024-05-22 00:03:00,SENSOR_080,Humedad,Bogota,Occidente,,%,Sin_Dato,85.32,70.0,4G
3539,2024-10-16 16:07:00,SENSOR_006,Humedad,Bucaramanga,Centro,90.82,%,Critico,53.8,77.0,4G
3540,2024-02-15 22:56:00,SENSOR_030,Humedad,Medellin,Oriente,87.83,%,Alerta,19.5,46.0,4G
3541,2024-04-08 10:30:00,SENSOR_074,CO2,Bucaramanga,Norte,468.2,ppm,Normal,86.08,57.0,Ethernet
3542,2024-09-24 20:15:00,SENSOR_038,PM2.5,Medellin,Centro,95.55,µg/m3,Critico,30.49,27.0,Ethernet
3543,2024-05-06 11:37:00,SENSOR_095,Humedad,Cali,Oriente,94.15,%,Critico,28.01,66.0,LoRaWAN
3544,2024-01-13 10:17:00,SENSOR_036,Humedad,Cali,Occidente,53.46,%,Normal,,79.0,WiFi
3545,2024-02-09 11:25:00,SENSOR_094,Ruido,Medellin,Centro,41.17,dB,Normal,80.39,95.0,WiFi
3546,2024-07-24 21:27:00,SENSOR_025,Temperatura,Medellin,Norte,19.37,°C,Normal,44.95,,WiFi
3547,2024-03-01 17:27:00,SENSOR_040,Temperatura,Bucaramanga,Centro,26.93,°C,Normal,92.27,20.0,Ethernet
3548,2024-05-01 03:43:00,SENSOR_023,PM2.5,Bucaramanga,Centro,118.81,µg/m3,Critico,17.39,49.0,4G
3549,2024-03-26 04:13:00,SENSOR_049,Temperatura,Bogota,Sur,33.84,°C,Critico,5.74,77.0,WiFi
3550,2024-08-02 21:18:00,SENSOR_041,Temperatura,Bucaramanga,Sur,12.75,°C,Normal,59.4,,WiFi
3551,2024-01-09 10:58:00,SENSOR_001,Ruido,Cali,Oriente,50.13,dB,Normal,81.24,66.0,LoRaWAN
3552,2024-03-04 08:55:00,SENSOR_061,CO2,Bucaramanga,Norte,464.14,ppm,Normal,7.67,87.0,Ethernet
3553,2024-12-14 18:01:00,SENSOR_013,Ruido,Bogota,Oriente,62.52,dB,Normal,60.21,66.0,Ethernet
3554,2024-11-16 14:48:00,SENSOR_057,CO2,Cali,Centro,850.81,ppm,Alerta,37.03,83.0,Ethernet
3555,2024-09-10 07:34:00,SENSOR_021,CO2,Bucaramanga,Centro,1715.82,ppm,Critico,71.8,87.0,WiFi
3556,2024-10-19 00:45:00,SENSOR_094,Temperatura,Cartagena,Norte,12.65,°C,Normal,15.77,40.0,LoRaWAN
3557,2024-03-25 11:24:00,SENSOR_021,CO2,Cali,Occidente,1630.25,ppm,Critico,46.76,46.0,Ethernet
3558,2024-02-24 03:26:00,SENSOR_095,Temperatura,Bucaramanga,Sur,33.05,°C,Critico,43.22,60.0,WiFi
3559,2024-09-13 05:36:00,SENSOR_061,Humedad,Barranquilla,Centro,88.03,%,Alerta,80.53,71.0,WiFi
3560,2024-12-02 01:24:00,SENSOR_004,Humedad,Bucaramanga,Centro,32.39,%,Alerta,16.94,48.0,WiFi
3561,2024-03-04 23:15:00,SENSOR_059,Humedad,Medellin,Centro,60.56,%,Normal,95.73,21.0,WiFi
3562,2024-02-16 08:23:00,SENSOR_073,CO2,Bogota,Sur,1471.72,ppm,Critico,72.41,90.0,4G
3563,2024-07-30 19:59:00,SENSOR_010,CO2,Bogota,Oriente,1443.45,ppm,Critico,96.24,28.0,WiFi
3564,2024-07-03 13:51:00,SENSOR_061,Ruido,Cali,Sur,44.39,dB,Normal,55.18,27.0,Ethernet
3565,2024-08-01 23:26:00,SENSOR_017,Temperatura,Barranquilla,Centro,22.78,°C,Normal,26.31,96.0,LoRaWAN
3566,2024-03-12 05:06:00,SENSOR_081,PM2.5,Barranquilla,Sur,37.09,µg/m3,Alerta,42.14,83.0,LoRaWAN
3567,2024-11-05 05:57:00,SENSOR_033,Humedad,Cali,Norte,58.16,%,Normal,60.15,75.0,WiFi
3568,2024-08-23 14:56:00,SENSOR_083,Temperatura,Cali,Centro,15.33,°C,Normal,93.2,48.0,LoRaWAN
3569,2024-11-05 16:30:00,SENSOR_096,Temperatura,Medellin,Centro,23.58,°C,Normal,9.32,74.0,LoRaWAN
3570,2024-11-25 18:27:00,SENSOR_096,Temperatura,Bucaramanga,Centro,29.15,°C,Alerta,6.3,61.0,LoRaWAN
3571,2024-07-25 10:10:00,SENSOR_063,Humedad,Cali,Oriente,75.64,%,Normal,67.17,97.0,Ethernet
3572,2024-06-30 00:45:00,SENSOR_056,Temperatura,Cartagena,Oriente,20.66,°C,Normal,19.84,50.0,WiFi
3573,2024-12-18 05:02:00,SENSOR_041,Temperatura,Bogota,Sur,15.36,°C,Normal,,34.0,LoRaWAN
3574,2024-10-16 16:33:00,SENSOR_072,CO2,Cartagena,Oriente,1406.63,ppm,Critico,58.64,65.0,WiFi
3575,2024-09-11 22:27:00,SENSOR_062,PM2.5,Cartagena,Norte,35.69,µg/m3,Alerta,42.1,70.0,4G
3576,2024-05-05 04:21:00,SENSOR_037,Temperatura,Bogota,Oriente,18.66,°C,Normal,82.19,68.0,4G
3577,2024-12-21 07:51:00,SENSOR_066,Temperatura,Barranquilla,Occidente,23.32,°C,Normal,67.33,45.0,WiFi
3578,2024-03-30 09:00:00,SENSOR_020,Ruido,Barranquilla,Centro,56.6,dB,Normal,57.67,40.0,4G
3579,2024-06-24 19:03:00,SENSOR_011,Ruido,Medellin,Sur,43.91,dB,Normal,,47.0,LoRaWAN
3580,2024-11-08 07:53:00,SENSOR_016,Ruido,Bucaramanga,Norte,97.27,dB,Critico,23.0,83.0,Ethernet
3581,2024-05-17 08:31:00,SENSOR_019,Ruido,Medellin,Sur,66.85,dB,Normal,91.28,59.0,4G
3582,2024-01-09 15:21:00,SENSOR_078,Temperatura,Cali,Norte,15.96,°C,Normal,15.63,78.0,WiFi
3583,2024-07-28 08:13:00,SENSOR_019,CO2,Cali,Centro,503.91,ppm,Normal,80.39,20.0,LoRaWAN
3584,2024-09-18 08:07:00,SENSOR_089,Ruido,Barranquilla,Occidente,87.05,dB,Critico,26.26,43.0,Ethernet
3585,2024-06-02 12:58:00,SENSOR_059,Ruido,Cartagena,Sur,68.84,dB,Normal,45.12,29.0,4G
3586,2024-04-18 04:45:00,SENSOR_011,Temperatura,Medellin,Sur,32.2,°C,Critico,67.28,23.0,Ethernet
3587,2024-08-26 23:14:00,SENSOR_025,Humedad,Cali,Centro,56.33,%,Normal,95.69,56.0,WiFi
3588,2024-05-04 04:14:00,SENSOR_028,Humedad,Medellin,Norte,41.06,%,Normal,50.99,61.0,Ethernet
3589,2024-02-13 03:11:00,SENSOR_099,CO2,Barranquilla,Occidente,1546.45,ppm,Critico,50.6,65.0,Ethernet
3590,2024-05-29 08:24:00,SENSOR_062,Temperatura,Cartagena,Norte,34.69,°C,Critico,94.9,37.0,Ethernet
3591,2024-02-09 09:11:00,SENSOR_067,PM2.5,Bogota,Occidente,12.77,µg/m3,Normal,27.03,89.0,LoRaWAN
3592,2024-07-15 13:50:00,SENSOR_092,PM2.5,Cartagena,Occidente,97.47,µg/m3,Critico,23.75,76.0,4G
3593,2024-03-30 18:50:00,SENSOR_013,Ruido,Medellin,Norte,51.26,dB,Normal,21.06,60.0,LoRaWAN
3594,2024-01-23 16:47:00,SENSOR_057,Temperatura,Bucaramanga,Centro,15.82,°C,Normal,66.75,36.0,4G
3595,2024-07-11 02:15:00,SENSOR_071,Temperatura,Barranquilla,Centro,10.69,°C,Normal,22.02,49.0,LoRaWAN
3596,2024-02-12 04:54:00,SENSOR_018,CO2,Barranquilla,Occidente,1187.34,ppm,Alerta,20.77,82.0,LoRaWAN
3597,2024-06-08 14:28:00,SENSOR_060,Ruido,Bogota,Sur,41.52,dB,Normal,81.65,24.0,Ethernet
3598,2024-01-12 18:00:00,SENSOR_049,Ruido,Bucaramanga,Oriente,92.86,dB,Critico,25.25,31.0,WiFi
3599,2024-02-20 07:24:00,SENSOR_092,Temperatura,Bucaramanga,Centro,24.76,°C,Normal,25.92,82.0,4G
3600,2024-03-24 01:50:00,SENSOR_025,Humedad,Cali,Centro,70.48,%,Normal,5.8,82.0,4G
3601,2024-01-21 00:16:00,SENSOR_054,PM2.5,Bogota,Occidente,10.85,µg/m3,Normal,,67.0,4G
3602,2024-02-02 19:53:00,SENSOR_062,Ruido,Medellin,Centro,52.57,dB,Normal,33.36,91.0,LoRaWAN
3603,2024-12-14 04:49:00,SENSOR_032,CO2,Medellin,Sur,936.9,ppm,Alerta,17.77,23.0,LoRaWAN
3604,2024-06-08 08:33:00,SENSOR_050,Temperatura,Bucaramanga,Occidente,30.36,°C,Alerta,91.12,24.0,LoRaWAN
3605,2024-12-13 02:41:00,SENSOR_071,Temperatura,Barranquilla,Occidente,17.84,°C,Normal,35.48,88.0,WiFi
3606,2024-10-28 18:22:00,SENSOR_070,CO2,Barranquilla,Sur,789.96,ppm,Normal,99.9,88.0,WiFi
3607,2024-11-21 16:28:00,SENSOR_034,Temperatura,Cali,Norte,16.51,°C,Normal,65.41,67.0,LoRaWAN
3608,2024-11-01 17:00:00,SENSOR_062,PM2.5,Cali,Centro,10.58,µg/m3,Normal,66.37,96.0,4G
3609,2024-01-26 19:16:00,SENSOR_004,CO2,Bogota,Norte,417.66,ppm,Normal,38.17,26.0,Ethernet
3610,2024-12-14 14:51:00,SENSOR_003,CO2,Cartagena,Centro,707.65,ppm,Normal,34.39,26.0,WiFi
3611,2024-01-30 06:33:00,SENSOR_038,CO2,Bogota,Centro,682.31,ppm,Normal,64.21,47.0,LoRaWAN
3612,2024-11-16 22:08:00,SENSOR_045,Ruido,Medellin,Sur,,dB,Sin_Dato,57.4,56.0,Ethernet
3613,2024-11-05 11:23:00,SENSOR_018,Ruido,Cali,Oriente,97.8,dB,Critico,71.18,30.0,WiFi
3614,2024-03-22 15:10:00,SENSOR_022,Ruido,Barranquilla,Centro,79.28,dB,Alerta,57.9,92.0,LoRaWAN
3615,2024-01-17 09:08:00,SENSOR_040,CO2,Medellin,Centro,958.79,ppm,Alerta,85.78,52.0,WiFi
3616,2024-11-11 04:23:00,SENSOR_088,Ruido,Cali,Oriente,98.09,dB,Critico,88.42,32.0,WiFi
3617,2024-06-15 12:48:00,SENSOR_100,Temperatura,Medellin,Norte,20.05,°C,Normal,39.41,32.0,Ethernet
3618,2024-07-03 22:36:00,SENSOR_038,PM2.5,Cali,Oriente,47.03,µg/m3,Alerta,52.98,43.0,LoRaWAN
3619,2024-08-12 12:07:00,SENSOR_011,Humedad,Barranquilla,Occidente,88.16,%,Alerta,13.36,50.0,Ethernet
3620,2024-04-02 11:24:00,SENSOR_035,Ruido,Barranquilla,Sur,73.72,dB,Alerta,79.21,61.0,WiFi
3621,2024-07-12 19:23:00,SENSOR_039,CO2,Cartagena,Occidente,,ppm,Sin_Dato,,69.0,LoRaWAN
3622,2024-07-04 17:38:00,SENSOR_052,Humedad,Medellin,Occidente,48.8,%,Normal,81.05,22.0,Ethernet
3623,2024-06-26 14:32:00,SENSOR_062,Ruido,Bucaramanga,Oriente,90.49,dB,Critico,24.55,61.0,4G
3624,2024-07-18 15:44:00,SENSOR_019,PM2.5,Cali,Centro,66.87,µg/m3,Alerta,17.05,77.0,LoRaWAN
3625,2024-11-17 12:28:00,SENSOR_056,Ruido,Bucaramanga,Oriente,61.02,dB,Normal,63.01,96.0,4G
3626,2024-09-22 15:00:00,SENSOR_021,Humedad,Bucaramanga,Sur,72.76,%,Normal,15.76,94.0,Ethernet
3627,2024-01-12 06:48:00,SENSOR_068,Ruido,Cali,Oriente,42.59,dB,Normal,85.34,47.0,Ethernet
3628,2024-12-19 02:53:00,SENSOR_006,CO2,Barranquilla,Sur,1016.2,ppm,Alerta,83.36,24.0,LoRaWAN
3629,2024-11-23 21:14:00,SENSOR_060,CO2,Bogota,Norte,1424.8,ppm,Critico,39.2,52.0,LoRaWAN
3630,2024-01-27 01:19:00,SENSOR_082,PM2.5,Cartagena,Occidente,98.41,µg/m3,Critico,42.0,82.0,LoRaWAN
3631,2024-07-13 12:11:00,SENSOR_096,CO2,Cartagena,Sur,805.24,ppm,Alerta,49.97,72.0,4G
3632,2024-06-25 05:42:00,SENSOR_044,Humedad,Barranquilla,Sur,,%,Sin_Dato,36.73,63.0,4G
3633,2024-01-08 04:23:00,SENSOR_088,Ruido,Bucaramanga,Norte,65.56,dB,Normal,72.14,80.0,Ethernet
3634,2024-08-26 02:28:00,SENSOR_087,Ruido,Cartagena,Occidente,81.63,dB,Alerta,30.91,40.0,Ethernet
3635,2024-10-20 12:23:00,SENSOR_003,Ruido,Medellin,Oriente,70.12,dB,Alerta,22.8,59.0,LoRaWAN
3636,2024-05-05 14:17:00,SENSOR_083,Humedad,Cartagena,Sur,33.0,%,Alerta,62.3,33.0,Ethernet
3637,2024-09-15 10:06:00,SENSOR_029,Ruido,Bucaramanga,Oriente,51.64,dB,Normal,15.09,92.0,WiFi
3638,2024-03-22 08:02:00,SENSOR_050,PM2.5,Medellin,Oriente,103.27,µg/m3,Critico,81.27,42.0,LoRaWAN
3639,2024-01-27 06:27:00,SENSOR_013,Temperatura,Bucaramanga,Occidente,25.33,°C,Normal,50.63,46.0,WiFi
3640,2024-12-14 06:00:00,SENSOR_086,PM2.5,Bogota,Centro,29.81,µg/m3,Normal,34.25,22.0,4G
3641,2024-05-31 19:48:00,SENSOR_099,Humedad,Bucaramanga,Sur,94.17,%,Critico,73.03,55.0,LoRaWAN
3642,2024-03-12 02:53:00,SENSOR_071,Ruido,Bogota,Centro,76.52,dB,Alerta,63.25,42.0,LoRaWAN
3643,2024-11-02 05:17:00,SENSOR_034,Temperatura,Bogota,Norte,23.56,°C,Normal,99.38,53.0,Ethernet
3644,2024-09-17 03:00:00,SENSOR_076,Temperatura,Cali,Centro,10.69,°C,Normal,26.9,27.0,LoRaWAN
3645,2024-10-07 04:22:00,SENSOR_056,PM2.5,Barranquilla,Oriente,29.94,µg/m3,Normal,32.56,46.0,Ethernet
3646,2024-09-17 03:20:00,SENSOR_087,Humedad,Barranquilla,Sur,49.49,%,Normal,73.35,100.0,LoRaWAN
3647,2024-02-09 02:39:00,SENSOR_095,Humedad,Medellin,Centro,60.87,%,Normal,80.32,93.0,4G
3648,2024-02-24 08:04:00,SENSOR_052,Temperatura,Medellin,Sur,18.25,°C,Normal,45.33,38.0,LoRaWAN
3649,2024-08-10 06:19:00,SENSOR_087,Humedad,Barranquilla,Occidente,39.33,%,Alerta,73.28,82.0,4G
3650,2024-07-14 10:38:00,SENSOR_077,PM2.5,Bogota,Norte,55.88,µg/m3,Alerta,50.61,88.0,Ethernet
3651,2024-03-01 18:39:00,SENSOR_007,Ruido,Cali,Centro,91.68,dB,Critico,61.7,68.0,LoRaWAN
3652,2024-05-12 23:52:00,SENSOR_096,CO2,Cali,Centro,411.46,ppm,Normal,18.37,53.0,WiFi
3653,2024-01-06 18:57:00,SENSOR_059,Temperatura,Bogota,Occidente,29.39,°C,Alerta,79.74,27.0,4G
3654,2024-11-03 12:48:00,SENSOR_047,Temperatura,Bucaramanga,Occidente,19.89,°C,Normal,35.2,46.0,LoRaWAN
3655,2024-06-01 04:59:00,SENSOR_009,Temperatura,Barranquilla,Centro,27.98,°C,Normal,40.09,48.0,WiFi
3656,2024-06-08 09:32:00,SENSOR_062,Temperatura,Bogota,Centro,27.33,°C,Normal,23.1,77.0,LoRaWAN
3657,2024-10-29 02:04:00,SENSOR_004,Temperatura,Bucaramanga,Norte,12.59,°C,Normal,99.83,76.0,4G
3658,2024-11-25 23:16:00,SENSOR_028,Ruido,Medellin,Occidente,77.83,dB,Alerta,89.14,,LoRaWAN
3659,2024-05-05 02:30:00,SENSOR_053,PM2.5,Medellin,Centro,23.18,µg/m3,Normal,95.18,53.0,WiFi
3660,2024-01-01 01:30:00,SENSOR_054,PM2.5,Bogota,Norte,36.04,µg/m3,Alerta,45.5,41.0,LoRaWAN
3661,2024-03-02 21:37:00,SENSOR_035,PM2.5,Medellin,Sur,100.97,µg/m3,Critico,12.93,23.0,WiFi
3662,2024-08-08 12:23:00,SENSOR_044,CO2,Bogota,Centro,1684.09,ppm,Critico,59.36,100.0,Ethernet
3663,2024-02-12 07:41:00,SENSOR_020,PM2.5,Bucaramanga,Oriente,96.87,µg/m3,Critico,31.03,83.0,Ethernet
3664,2024-11-14 05:30:00,SENSOR_054,CO2,Bogota,Sur,1564.02,ppm,Critico,19.22,21.0,LoRaWAN
3665,2024-05-03 03:57:00,SENSOR_023,CO2,Cali,Oriente,880.19,ppm,Alerta,67.98,73.0,WiFi
3666,2024-12-24 06:47:00,SENSOR_044,PM2.5,Cali,Centro,94.38,µg/m3,Critico,16.0,32.0,Ethernet
3667,2024-02-10 10:13:00,SENSOR_048,Temperatura,Cartagena,Centro,26.78,°C,Normal,38.64,91.0,4G
3668,2024-10-19 08:36:00,SENSOR_063,Ruido,Barranquilla,Occidente,56.2,dB,Normal,30.73,58.0,LoRaWAN
3669,2024-04-10 01:13:00,SENSOR_080,Ruido,Cali,Norte,75.9,dB,Alerta,10.76,25.0,WiFi
3670,2024-08-27 03:18:00,SENSOR_016,PM2.5,Medellin,Oriente,117.64,µg/m3,Critico,44.02,99.0,Ethernet
3671,2024-02-01 07:29:00,SENSOR_038,Temperatura,Medellin,Sur,24.09,°C,Normal,33.01,20.0,Ethernet
3672,2024-10-05 06:35:00,SENSOR_085,Ruido,Cartagena,Centro,37.87,dB,Normal,90.66,66.0,Ethernet
3673,2024-04-22 06:10:00,SENSOR_086,Ruido,Medellin,Occidente,82.92,dB,Alerta,34.72,78.0,WiFi
3674,2024-08-22 19:09:00,SENSOR_005,Ruido,Bogota,Oriente,,dB,Sin_Dato,87.72,34.0,WiFi
3675,2024-01-04 23:08:00,SENSOR_058,CO2,Bucaramanga,Occidente,725.92,ppm,Normal,48.37,100.0,Ethernet
3676,2024-12-17 20:24:00,SENSOR_062,Ruido,Bogota,Oriente,79.72,dB,Alerta,20.14,90.0,4G
3677,2024-08-06 00:16:00,SENSOR_076,Humedad,Bogota,Sur,,%,Sin_Dato,80.58,40.0,Ethernet
3678,2024-05-08 16:09:00,SENSOR_096,Ruido,Cali,Occidente,47.76,dB,Normal,49.07,26.0,WiFi
3679,2024-05-04 05:03:00,SENSOR_088,PM2.5,Bogota,Sur,35.77,µg/m3,Alerta,49.21,70.0,WiFi
3680,2024-03-06 23:25:00,SENSOR_023,CO2,Barranquilla,Norte,1496.4,ppm,Critico,25.54,21.0,WiFi
3681,2024-04-18 07:06:00,SENSOR_046,Temperatura,Bucaramanga,Centro,31.87,°C,Alerta,9.49,50.0,Ethernet
3682,2024-02-15 08:13:00,SENSOR_029,PM2.5,Cali,Sur,106.53,µg/m3,Critico,16.71,68.0,WiFi
3683,2024-11-13 04:32:00,SENSOR_091,PM2.5,Bucaramanga,Norte,97.6,µg/m3,Critico,86.67,44.0,Ethernet
3684,2024-02-09 13:50:00,SENSOR_017,Ruido,Cali,Norte,47.22,dB,Normal,10.76,61.0,LoRaWAN
3685,2024-09-18 20:14:00,SENSOR_006,Ruido,Cartagena,Centro,36.19,dB,Normal,81.07,46.0,Ethernet
3686,2024-03-11 13:27:00,SENSOR_069,Temperatura,Medellin,Sur,34.56,°C,Critico,46.52,57.0,LoRaWAN
3687,2024-06-24 09:06:00,SENSOR_092,Temperatura,Cartagena,Norte,16.92,°C,Normal,71.65,73.0,WiFi
3688,2024-12-27 12:56:00,SENSOR_005,PM2.5,Bucaramanga,Sur,83.57,µg/m3,Critico,64.26,,LoRaWAN
3689,2024-12-06 09:46:00,SENSOR_079,PM2.5,Bogota,Sur,11.63,µg/m3,Normal,17.02,93.0,WiFi
3690,2024-04-26 08:48:00,SENSOR_059,CO2,Bucaramanga,Sur,582.11,ppm,Normal,77.95,100.0,WiFi
3691,2024-03-27 02:53:00,SENSOR_080,Ruido,Cartagena,Sur,66.34,dB,Normal,53.25,,LoRaWAN
3692,2024-05-11 00:50:00,SENSOR_063,Ruido,Cali,Centro,45.7,dB,Normal,5.25,60.0,4G
3693,2024-05-13 19:51:00,SENSOR_002,PM2.5,Cali,Norte,41.75,µg/m3,Alerta,10.33,40.0,LoRaWAN
3694,2024-12-06 20:54:00,SENSOR_011,PM2.5,Bogota,Oriente,82.34,µg/m3,Critico,37.83,35.0,4G
3695,2024-03-28 15:30:00,SENSOR_068,Temperatura,Barranquilla,Sur,18.97,°C,Normal,32.5,20.0,Ethernet
3696,2024-07-07 01:58:00,SENSOR_081,CO2,Bogota,Sur,941.73,ppm,Alerta,84.6,39.0,Ethernet
3697,2024-10-23 11:44:00,SENSOR_090,Ruido,Cartagena,Norte,93.06,dB,Critico,47.57,98.0,4G
3698,2024-01-31 14:44:00,SENSOR_073,Humedad,Medellin,Sur,69.18,%,Normal,9.87,72.0,WiFi
3699,2024-11-15 14:59:00,SENSOR_011,Temperatura,Medellin,Sur,15.13,°C,Normal,63.49,60.0,WiFi
3700,2024-06-10 12:43:00,SENSOR_056,CO2,Bucaramanga,Occidente,946.02,ppm,Alerta,45.61,44.0,WiFi
3701,2024-08-10 23:49:00,SENSOR_095,CO2,Cali,Occidente,931.07,ppm,Alerta,39.98,94.0,LoRaWAN
3702,2024-03-20 06:31:00,SENSOR_038,Temperatura,Bucaramanga,Norte,25.43,°C,Normal,88.35,50.0,WiFi
3703,2024-04-03 17:40:00,SENSOR_026,Humedad,Bogota,Sur,43.66,%,Normal,70.69,50.0,WiFi
3704,2024-10-08 12:03:00,SENSOR_001,Temperatura,Medellin,Sur,27.84,°C,Normal,6.53,,LoRaWAN
3705,2024-06-27 12:27:00,SENSOR_100,Ruido,Cartagena,Oriente,54.71,dB,Normal,52.47,25.0,4G
3706,2024-12-03 22:53:00,SENSOR_041,PM2.5,Bucaramanga,Occidente,54.06,µg/m3,Alerta,7.75,82.0,4G
3707,2024-02-12 03:35:00,SENSOR_072,Humedad,Cartagena,Norte,85.54,%,Alerta,7.81,94.0,4G
3708,2024-08-02 12:35:00,SENSOR_060,Ruido,Bucaramanga,Centro,69.04,dB,Normal,18.17,,Ethernet
3709,2024-05-16 23:40:00,SENSOR_052,Humedad,Bucaramanga,Occidente,72.26,%,Normal,56.72,21.0,WiFi
3710,2024-10-02 13:02:00,SENSOR_100,PM2.5,Bucaramanga,Occidente,109.29,µg/m3,Critico,9.46,40.0,LoRaWAN
3711,2024-05-05 03:26:00,SENSOR_070,Ruido,Barranquilla,Sur,95.38,dB,Critico,78.74,96.0,4G
3712,2024-04-24 03:58:00,SENSOR_081,PM2.5,Cali,Centro,57.48,µg/m3,Alerta,5.8,91.0,WiFi
3713,2024-06-03 11:12:00,SENSOR_034,PM2.5,Cartagena,Centro,102.78,µg/m3,Critico,29.56,78.0,WiFi
3714,2024-07-16 20:45:00,SENSOR_069,CO2,Medellin,Norte,1493.87,ppm,Critico,92.2,37.0,Ethernet
3715,2024-02-13 14:28:00,SENSOR_024,Temperatura,Bogota,Norte,22.61,°C,Normal,,73.0,LoRaWAN
3716,2024-02-10 20:38:00,SENSOR_041,PM2.5,Barranquilla,Occidente,83.63,µg/m3,Critico,7.31,91.0,WiFi
3717,2024-06-03 02:48:00,SENSOR_057,CO2,Cartagena,Norte,1561.43,ppm,Critico,17.04,87.0,Ethernet
3718,2024-01-17 20:07:00,SENSOR_037,CO2,Bogota,Sur,1725.68,ppm,Critico,65.02,29.0,LoRaWAN
3719,2024-05-01 16:04:00,SENSOR_016,Ruido,Bucaramanga,Sur,52.56,dB,Normal,31.18,51.0,4G
3720,2024-03-21 23:33:00,SENSOR_064,Ruido,Cartagena,Norte,87.47,dB,Critico,87.08,75.0,4G
3721,2024-01-24 07:41:00,SENSOR_068,Ruido,Cali,Centro,81.47,dB,Alerta,90.2,62.0,Ethernet
3722,2024-11-22 23:12:00,SENSOR_038,Humedad,Bucaramanga,Oriente,69.94,%,Normal,67.91,63.0,4G
3723,2024-08-18 04:10:00,SENSOR_044,Humedad,Barranquilla,Sur,66.54,%,Normal,48.17,93.0,WiFi
3724,2024-12-03 07:25:00,SENSOR_021,Ruido,Medellin,Oriente,37.84,dB,Normal,14.39,53.0,WiFi
3725,2024-06-14 18:43:00,SENSOR_067,Humedad,Medellin,Oriente,73.61,%,Normal,98.96,45.0,Ethernet
3726,2024-04-10 08:41:00,SENSOR_020,Ruido,Cali,Sur,83.08,dB,Alerta,44.17,31.0,WiFi
3727,2024-06-14 01:05:00,SENSOR_047,Ruido,Bucaramanga,Sur,71.05,dB,Alerta,34.65,30.0,LoRaWAN
3728,2024-04-27 04:28:00,SENSOR_053,Humedad,Medellin,Oriente,30.26,%,Alerta,9.97,74.0,Ethernet
3729,2024-07-26 19:10:00,SENSOR_050,PM2.5,Barranquilla,Centro,13.68,µg/m3,Normal,8.44,30.0,WiFi
3730,2024-02-04 04:37:00,SENSOR_077,Ruido,Bogota,Oriente,78.29,dB,Alerta,34.35,51.0,WiFi
3731,2024-02-09 19:34:00,SENSOR_013,CO2,Bucaramanga,Occidente,495.44,ppm,Normal,51.64,40.0,WiFi
3732,2024-08-17 05:22:00,SENSOR_024,CO2,Barranquilla,Norte,1124.88,ppm,Alerta,89.83,45.0,WiFi
3733,2024-12-29 09:57:00,SENSOR_100,Temperatura,Medellin,Norte,19.92,°C,Normal,90.59,33.0,WiFi
3734,2024-11-21 19:29:00,SENSOR_008,Ruido,Barranquilla,Occidente,39.27,dB,Normal,52.0,52.0,WiFi
3735,2024-04-16 21:55:00,SENSOR_046,Ruido,Bogota,Centro,44.6,dB,Normal,44.95,51.0,LoRaWAN
3736,2024-08-11 06:19:00,SENSOR_098,CO2,Barranquilla,Oriente,946.58,ppm,Alerta,38.83,44.0,LoRaWAN
3737,2024-12-29 10:11:00,SENSOR_063,Temperatura,Barranquilla,Sur,20.28,°C,Normal,40.53,65.0,4G
3738,2024-12-29 00:29:00,SENSOR_044,PM2.5,Cali,Occidente,41.39,µg/m3,Alerta,22.79,28.0,LoRaWAN
3739,2024-08-23 07:24:00,SENSOR_021,Humedad,Cartagena,Norte,86.05,%,Alerta,94.44,22.0,4G
3740,2024-04-07 12:03:00,SENSOR_078,CO2,Bucaramanga,Oriente,1461.81,ppm,Critico,78.69,95.0,LoRaWAN
3741,2024-09-08 06:12:00,SENSOR_087,Ruido,Bucaramanga,Occidente,94.49,dB,Critico,74.49,26.0,LoRaWAN
3742,2024-12-10 00:37:00,SENSOR_059,Ruido,Medellin,Sur,94.38,dB,Critico,79.77,85.0,4G
3743,2024-08-03 09:48:00,SENSOR_014,Ruido,Cartagena,Centro,93.36,dB,Critico,12.08,93.0,Ethernet
3744,2024-07-31 07:38:00,SENSOR_038,PM2.5,Medellin,Occidente,70.54,µg/m3,Alerta,65.43,36.0,4G
3745,2024-11-04 12:11:00,SENSOR_046,PM2.5,Cartagena,Sur,94.1,µg/m3,Critico,87.33,86.0,WiFi
3746,2024-01-02 06:50:00,SENSOR_044,Ruido,Barranquilla,Sur,71.91,dB,Alerta,85.62,53.0,4G
3747,2024-07-11 14:27:00,SENSOR_087,CO2,Cali,Oriente,1275.98,ppm,Critico,26.18,53.0,LoRaWAN
3748,2024-02-10 16:27:00,SENSOR_092,PM2.5,Bucaramanga,Centro,52.66,µg/m3,Alerta,11.76,95.0,LoRaWAN
3749,2024-07-31 23:05:00,SENSOR_031,PM2.5,Cali,Oriente,80.42,µg/m3,Critico,35.98,,Ethernet
3750,2024-06-01 09:16:00,SENSOR_089,Humedad,Barranquilla,Centro,34.77,%,Alerta,11.78,39.0,WiFi
3751,2024-02-27 07:52:00,SENSOR_041,Ruido,Cali,Sur,67.84,dB,Normal,49.12,26.0,Ethernet
3752,2024-02-12 09:48:00,SENSOR_048,Temperatura,Bogota,Oriente,33.68,°C,Critico,65.65,69.0,4G
3753,2024-05-15 01:53:00,SENSOR_057,CO2,Bucaramanga,Norte,1610.28,ppm,Critico,24.2,77.0,4G
3754,2024-01-03 09:57:00,SENSOR_099,PM2.5,Bucaramanga,Occidente,89.95,µg/m3,Critico,53.78,50.0,Ethernet
3755,2024-12-29 04:25:00,SENSOR_064,Humedad,Barranquilla,Sur,72.36,%,Normal,64.06,44.0,Ethernet
3756,2024-03-20 06:03:00,SENSOR_067,CO2,Cali,Sur,1599.55,ppm,Critico,56.81,84.0,LoRaWAN
3757,2024-11-25 09:48:00,SENSOR_092,PM2.5,Cartagena,Norte,97.99,µg/m3,Critico,6.7,65.0,WiFi
3758,2024-08-17 20:53:00,SENSOR_078,CO2,Barranquilla,Occidente,1692.78,ppm,Critico,81.09,83.0,WiFi
3759,2024-09-19 22:58:00,SENSOR_083,Humedad,Cali,Norte,34.59,%,Alerta,59.54,29.0,4G
3760,2024-08-05 13:11:00,SENSOR_064,Temperatura,Cali,Oriente,20.58,°C,Normal,49.16,26.0,4G
3761,2024-03-22 23:07:00,SENSOR_003,Humedad,Bogota,Centro,57.57,%,Normal,78.26,86.0,Ethernet
3762,2024-02-11 01:40:00,SENSOR_099,Temperatura,Bogota,Sur,33.56,°C,Critico,90.26,73.0,4G
3763,2024-03-10 13:55:00,SENSOR_079,CO2,Barranquilla,Centro,1630.68,ppm,Critico,41.39,41.0,Ethernet
3764,2024-05-02 03:54:00,SENSOR_091,Ruido,Bucaramanga,Sur,46.63,dB,Normal,69.25,44.0,WiFi
3765,2024-02-25 20:37:00,SENSOR_096,CO2,Cali,Norte,609.61,ppm,Normal,86.63,,LoRaWAN
3766,2024-11-20 19:34:00,SENSOR_078,CO2,Medellin,Centro,749.68,ppm,Normal,30.43,34.0,Ethernet
3767,2024-07-15 17:29:00,SENSOR_041,Ruido,Barranquilla,Occidente,52.08,dB,Normal,31.41,38.0,Ethernet
3768,2024-11-21 07:37:00,SENSOR_086,Ruido,Bogota,Sur,49.85,dB,Normal,55.15,,Ethernet
3769,2024-02-12 19:27:00,SENSOR_042,PM2.5,Barranquilla,Centro,15.2,µg/m3,Normal,80.08,31.0,Ethernet
3770,2024-11-25 19:32:00,SENSOR_017,CO2,Bogota,Oriente,710.83,ppm,Normal,40.46,29.0,Ethernet
3771,2024-10-20 00:51:00,SENSOR_094,Temperatura,Bucaramanga,Oriente,28.0,°C,Normal,30.68,20.0,WiFi
3772,2024-01-01 17:37:00,SENSOR_024,CO2,Bucaramanga,Sur,1341.58,ppm,Critico,44.83,70.0,LoRaWAN
3773,2024-11-29 11:48:00,SENSOR_025,PM2.5,Barranquilla,Norte,60.16,µg/m3,Alerta,77.63,75.0,LoRaWAN
3774,2024-01-16 07:12:00,SENSOR_097,Humedad,Barranquilla,Norte,69.78,%,Normal,87.88,43.0,WiFi
3775,2024-08-14 04:27:00,SENSOR_090,Ruido,Bucaramanga,Centro,89.45,dB,Critico,36.77,79.0,4G
3776,2024-01-10 05:49:00,SENSOR_042,Humedad,Medellin,Sur,30.0,%,Alerta,55.18,73.0,4G
3777,2024-05-27 09:04:00,SENSOR_008,Temperatura,Cartagena,Oriente,11.4,°C,Normal,85.01,35.0,Ethernet
3778,2024-02-09 17:53:00,SENSOR_029,Temperatura,Bucaramanga,Oriente,11.47,°C,Normal,48.71,80.0,Ethernet
3779,2024-11-09 15:45:00,SENSOR_087,PM2.5,Medellin,Centro,37.79,µg/m3,Alerta,58.93,26.0,Ethernet
3780,2024-07-16 10:36:00,SENSOR_079,Humedad,Bucaramanga,Centro,86.08,%,Alerta,6.75,82.0,LoRaWAN
3781,2024-12-07 13:57:00,SENSOR_058,PM2.5,Cartagena,Occidente,22.61,µg/m3,Normal,48.25,87.0,Ethernet
3782,2024-11-09 16:51:00,SENSOR_023,PM2.5,Bucaramanga,Sur,85.04,µg/m3,Critico,,24.0,Ethernet
3783,2024-02-17 04:30:00,SENSOR_042,CO2,Cali,Oriente,832.4,ppm,Alerta,99.45,47.0,Ethernet
3784,2024-11-25 08:59:00,SENSOR_020,Temperatura,Barranquilla,Centro,19.55,°C,Normal,54.58,22.0,4G
3785,2024-05-12 21:36:00,SENSOR_038,PM2.5,Bucaramanga,Sur,100.74,µg/m3,Critico,16.31,30.0,Ethernet
3786,2024-08-25 10:10:00,SENSOR_008,Humedad,Cartagena,Sur,80.87,%,Alerta,40.5,50.0,Ethernet
3787,2024-03-03 11:20:00,SENSOR_029,Temperatura,Bogota,Occidente,22.82,°C,Normal,27.92,22.0,WiFi
3788,2024-07-19 19:23:00,SENSOR_057,CO2,Cartagena,Centro,757.91,ppm,Normal,10.7,89.0,WiFi
3789,2024-08-27 06:51:00,SENSOR_013,PM2.5,Cartagena,Norte,22.91,µg/m3,Normal,89.23,100.0,WiFi
3790,2024-04-26 21:32:00,SENSOR_056,Temperatura,Cartagena,Occidente,,°C,Sin_Dato,99.38,26.0,Ethernet
3791,2024-02-22 21:02:00,SENSOR_038,Ruido,Cali,Centro,62.73,dB,Normal,14.12,79.0,4G
3792,2024-07-21 15:45:00,SENSOR_021,Ruido,Bogota,Oriente,97.99,dB,Critico,54.29,90.0,4G
3793,2024-07-22 23:38:00,SENSOR_087,PM2.5,Bogota,Sur,60.72,µg/m3,Alerta,97.62,81.0,4G
3794,2024-07-26 10:29:00,SENSOR_001,Temperatura,Bogota,Norte,19.14,°C,Normal,54.39,77.0,LoRaWAN
3795,2024-11-12 21:44:00,SENSOR_023,PM2.5,Medellin,Sur,111.94,µg/m3,Critico,66.3,54.0,LoRaWAN
3796,2024-06-03 06:40:00,SENSOR_024,PM2.5,Cali,Centro,14.52,µg/m3,Normal,86.81,47.0,LoRaWAN
3797,2024-04-07 11:57:00,SENSOR_019,Ruido,Bucaramanga,Oriente,56.28,dB,Normal,69.5,42.0,4G
3798,2024-09-19 10:37:00,SENSOR_095,Humedad,Cali,Sur,46.64,%,Normal,13.68,20.0,WiFi
3799,2024-03-28 21:38:00,SENSOR_041,Ruido,Barranquilla,Sur,52.97,dB,Normal,96.73,33.0,4G
3800,2024-09-20 23:11:00,SENSOR_048,Humedad,Medellin,Norte,30.91,%,Alerta,62.93,79.0,LoRaWAN
3801,2024-05-01 11:39:00,SENSOR_041,Humedad,Medellin,Norte,46.32,%,Normal,75.18,81.0,Ethernet
3802,2024-08-25 07:26:00,SENSOR_056,Temperatura,Medellin,Occidente,32.16,°C,Critico,6.17,61.0,LoRaWAN
3803,2024-02-02 06:10:00,SENSOR_040,PM2.5,Cartagena,Norte,9.79,µg/m3,Normal,56.4,43.0,LoRaWAN
3804,2024-09-09 21:29:00,SENSOR_067,PM2.5,Bucaramanga,Norte,89.24,µg/m3,Critico,77.78,40.0,LoRaWAN
3805,2024-12-03 04:05:00,SENSOR_093,Temperatura,Medellin,Oriente,19.18,°C,Normal,83.51,38.0,4G
3806,2024-03-01 05:11:00,SENSOR_053,Temperatura,Bucaramanga,Sur,19.25,°C,Normal,65.41,23.0,4G
3807,2024-08-06 23:49:00,SENSOR_099,Ruido,Bogota,Sur,56.94,dB,Normal,71.31,73.0,4G
3808,2024-12-21 00:37:00,SENSOR_012,PM2.5,Medellin,Oriente,59.34,µg/m3,Alerta,86.86,62.0,4G
3809,2024-05-14 05:04:00,SENSOR_070,Temperatura,Cartagena,Occidente,27.61,°C,Normal,78.78,98.0,Ethernet
3810,2024-08-28 08:49:00,SENSOR_058,Humedad,Barranquilla,Sur,61.64,%,Normal,30.63,34.0,4G
3811,2024-08-26 14:49:00,SENSOR_050,Humedad,Medellin,Norte,,%,Sin_Dato,67.4,72.0,LoRaWAN
3812,2024-07-14 18:06:00,SENSOR_017,Ruido,Cartagena,Occidente,68.66,dB,Normal,58.11,68.0,WiFi
3813,2024-11-10 22:53:00,SENSOR_073,PM2.5,Cartagena,Norte,44.08,µg/m3,Alerta,41.51,45.0,4G
3814,2024-04-12 14:13:00,SENSOR_010,PM2.5,Bucaramanga,Norte,89.02,µg/m3,Critico,,82.0,LoRaWAN
3815,2024-12-26 17:07:00,SENSOR_014,Ruido,Bogota,Norte,76.21,dB,Alerta,61.86,73.0,4G
3816,2024-08-18 02:07:00,SENSOR_081,Ruido,Bogota,Occidente,39.77,dB,Normal,20.97,98.0,WiFi
3817,2024-10-06 07:53:00,SENSOR_098,Temperatura,Bogota,Occidente,32.4,°C,Critico,31.82,46.0,Ethernet
3818,2024-01-19 16:33:00,SENSOR_032,Temperatura,Bucaramanga,Occidente,18.34,°C,Normal,53.03,54.0,4G
3819,2024-12-21 07:58:00,SENSOR_018,Humedad,Bogota,Norte,81.37,%,Alerta,99.39,47.0,4G
3820,2024-02-22 21:46:00,SENSOR_092,PM2.5,Cartagena,Centro,40.01,µg/m3,Alerta,33.22,95.0,Ethernet
3821,2024-12-21 12:07:00,SENSOR_043,CO2,Bucaramanga,Occidente,1132.99,ppm,Alerta,96.27,87.0,Ethernet
3822,2024-07-22 08:39:00,SENSOR_060,Temperatura,Medellin,Occidente,27.31,°C,Normal,16.69,65.0,Ethernet
3823,2024-08-13 03:07:00,SENSOR_050,Temperatura,Bogota,Norte,15.31,°C,Normal,51.49,22.0,LoRaWAN
3824,2024-05-09 10:07:00,SENSOR_091,Ruido,Medellin,Norte,69.18,dB,Normal,87.92,98.0,4G
3825,2024-01-18 14:30:00,SENSOR_054,CO2,Medellin,Centro,816.1,ppm,Alerta,20.91,90.0,WiFi
3826,2024-01-08 01:14:00,SENSOR_074,Temperatura,Cali,Norte,10.47,°C,Normal,11.6,43.0,LoRaWAN
3827,2024-02-16 22:05:00,SENSOR_029,Humedad,Bucaramanga,Norte,72.4,%,Normal,67.94,42.0,WiFi
3828,2024-03-07 05:51:00,SENSOR_077,Temperatura,Cali,Centro,28.89,°C,Alerta,41.81,50.0,Ethernet
3829,2024-01-27 02:36:00,SENSOR_060,Ruido,Bucaramanga,Norte,76.13,dB,Alerta,9.61,90.0,WiFi
3830,2024-11-11 23:02:00,SENSOR_095,Humedad,Medellin,Sur,43.44,%,Normal,,43.0,Ethernet
3831,2024-04-06 03:41:00,SENSOR_042,CO2,Bogota,Centro,1164.29,ppm,Alerta,16.35,66.0,WiFi
3832,2024-09-03 01:41:00,SENSOR_013,Humedad,Medellin,Norte,,%,Sin_Dato,24.29,95.0,4G
3833,2024-08-01 15:49:00,SENSOR_001,Temperatura,Bucaramanga,Sur,15.04,°C,Normal,69.63,50.0,4G
3834,2024-02-06 07:51:00,SENSOR_029,PM2.5,Bucaramanga,Norte,46.62,µg/m3,Alerta,26.02,60.0,WiFi
3835,2024-01-09 11:50:00,SENSOR_004,Temperatura,Cartagena,Sur,27.04,°C,Normal,9.16,75.0,4G
3836,2024-03-29 07:28:00,SENSOR_035,Temperatura,Bucaramanga,Sur,29.54,°C,Alerta,29.29,67.0,LoRaWAN
3837,2024-07-30 12:02:00,SENSOR_050,Humedad,Barranquilla,Sur,62.63,%,Normal,91.91,,4G
3838,2024-05-03 04:40:00,SENSOR_001,CO2,Bogota,Oriente,1083.45,ppm,Alerta,5.66,96.0,WiFi
3839,2024-12-20 08:01:00,SENSOR_099,Ruido,Cali,Centro,42.8,dB,Normal,59.95,79.0,Ethernet
3840,2024-09-15 00:10:00,SENSOR_003,Temperatura,Cali,Oriente,26.19,°C,Normal,69.0,100.0,LoRaWAN
3841,2024-05-22 22:13:00,SENSOR_094,CO2,Cartagena,Oriente,1619.64,ppm,Critico,58.02,83.0,4G
3842,2024-01-08 09:31:00,SENSOR_019,PM2.5,Bogota,Sur,14.24,µg/m3,Normal,,63.0,4G
3843,2024-07-26 00:35:00,SENSOR_063,Temperatura,Bucaramanga,Sur,29.63,°C,Alerta,72.52,34.0,Ethernet
3844,2024-08-03 03:05:00,SENSOR_044,CO2,Medellin,Centro,852.3,ppm,Alerta,,26.0,WiFi
3845,2024-04-15 16:38:00,SENSOR_081,Ruido,Cartagena,Centro,57.76,dB,Normal,97.52,52.0,4G
3846,2024-11-23 00:12:00,SENSOR_089,CO2,Medellin,Occidente,1243.78,ppm,Critico,79.42,,4G
3847,2024-07-09 02:32:00,SENSOR_042,Temperatura,Bogota,Occidente,20.77,°C,Normal,8.91,73.0,WiFi
3848,2024-11-16 04:08:00,SENSOR_038,Temperatura,Bogota,Oriente,10.32,°C,Normal,21.13,45.0,WiFi
3849,2024-05-17 01:09:00,SENSOR_033,Ruido,Barranquilla,Centro,99.61,dB,Critico,91.21,28.0,Ethernet
3850,2024-09-26 09:48:00,SENSOR_035,Temperatura,Barranquilla,Centro,34.44,°C,Critico,8.44,54.0,4G
3851,2024-03-23 17:30:00,SENSOR_058,Humedad,Medellin,Occidente,85.11,%,Alerta,63.75,23.0,4G
3852,2024-11-04 05:26:00,SENSOR_084,Ruido,Barranquilla,Sur,43.88,dB,Normal,84.87,69.0,LoRaWAN
3853,2024-10-24 16:10:00,SENSOR_062,Ruido,Bucaramanga,Sur,58.11,dB,Normal,90.4,65.0,WiFi
3854,2024-02-26 14:55:00,SENSOR_084,PM2.5,Cali,Norte,22.85,µg/m3,Normal,6.48,41.0,Ethernet
3855,2024-03-28 05:45:00,SENSOR_002,CO2,Medellin,Occidente,1447.06,ppm,Critico,27.65,39.0,LoRaWAN
3856,2024-08-30 21:26:00,SENSOR_019,Humedad,Bogota,Norte,73.72,%,Normal,77.32,92.0,WiFi
3857,2024-03-29 23:20:00,SENSOR_073,CO2,Cartagena,Centro,1584.37,ppm,Critico,78.28,63.0,4G
3858,2024-01-12 00:07:00,SENSOR_056,Temperatura,Bucaramanga,Norte,23.53,°C,Normal,26.56,57.0,WiFi
3859,2024-03-17 04:04:00,SENSOR_095,Ruido,Bucaramanga,Oriente,73.51,dB,Alerta,87.74,35.0,WiFi
3860,2024-08-27 02:53:00,SENSOR_002,PM2.5,Bucaramanga,Centro,74.22,µg/m3,Alerta,32.86,59.0,LoRaWAN
3861,2024-07-20 22:58:00,SENSOR_004,Temperatura,Bucaramanga,Occidente,16.18,°C,Normal,46.23,59.0,4G
3862,2024-03-25 19:02:00,SENSOR_099,CO2,Barranquilla,Sur,936.92,ppm,Alerta,91.9,92.0,Ethernet
3863,2024-05-11 02:42:00,SENSOR_095,Humedad,Bucaramanga,Norte,44.2,%,Normal,95.04,25.0,4G
3864,2024-02-27 09:56:00,SENSOR_074,CO2,Barranquilla,Centro,1447.18,ppm,Critico,97.69,53.0,WiFi
3865,2024-06-19 01:59:00,SENSOR_040,Ruido,Medellin,Centro,77.37,dB,Alerta,95.19,76.0,Ethernet
3866,2024-03-03 12:19:00,SENSOR_083,Temperatura,Barranquilla,Oriente,30.26,°C,Alerta,60.39,20.0,4G
3867,2024-07-14 04:05:00,SENSOR_024,Humedad,Medellin,Oriente,77.38,%,Normal,28.69,47.0,WiFi
3868,2024-07-10 08:39:00,SENSOR_025,Humedad,Cali,Centro,73.81,%,Normal,81.46,38.0,Ethernet
3869,2024-03-31 12:54:00,SENSOR_009,Ruido,Bogota,Sur,93.29,dB,Critico,,79.0,Ethernet
3870,2024-06-15 17:17:00,SENSOR_094,Temperatura,Cali,Sur,34.1,°C,Critico,80.38,59.0,Ethernet
3871,2024-05-21 06:17:00,SENSOR_009,Ruido,Barranquilla,Centro,56.24,dB,Normal,43.23,22.0,WiFi
3872,2024-07-14 12:58:00,SENSOR_029,Temperatura,Cartagena,Norte,23.68,°C,Normal,53.17,33.0,Ethernet
3873,2024-09-28 23:46:00,SENSOR_056,PM2.5,Bogota,Occidente,107.35,µg/m3,Critico,30.14,99.0,WiFi
3874,2024-04-04 13:27:00,SENSOR_037,Humedad,Cali,Oriente,80.81,%,Alerta,49.39,68.0,WiFi
3875,2024-11-29 03:35:00,SENSOR_028,Temperatura,Bucaramanga,Norte,14.88,°C,Normal,13.11,37.0,4G
3876,2024-05-26 16:06:00,SENSOR_067,CO2,Barranquilla,Centro,1274.9,ppm,Critico,,87.0,4G
3877,2024-07-20 20:08:00,SENSOR_073,Ruido,Bogota,Centro,61.81,dB,Normal,73.91,72.0,WiFi
3878,2024-05-28 03:48:00,SENSOR_030,Humedad,Barranquilla,Oriente,40.49,%,Normal,71.08,91.0,WiFi
3879,2024-09-21 21:29:00,SENSOR_045,Humedad,Medellin,Occidente,62.75,%,Normal,93.59,70.0,Ethernet
3880,2024-02-16 05:02:00,SENSOR_053,Humedad,Bogota,Norte,34.72,%,Alerta,77.13,21.0,4G
3881,2024-12-25 01:50:00,SENSOR_040,Ruido,Cartagena,Centro,94.37,dB,Critico,55.42,63.0,WiFi
3882,2024-06-29 17:16:00,SENSOR_076,Ruido,Bogota,Oriente,46.29,dB,Normal,28.12,48.0,LoRaWAN
3883,2024-06-11 14:19:00,SENSOR_097,Humedad,Bogota,Occidente,81.53,%,Alerta,66.39,55.0,Ethernet
3884,2024-09-10 16:14:00,SENSOR_032,Humedad,Cartagena,Sur,57.41,%,Normal,19.12,42.0,WiFi
3885,2024-11-15 10:20:00,SENSOR_022,PM2.5,Barranquilla,Sur,103.88,µg/m3,Critico,46.02,40.0,4G
3886,2024-02-07 20:31:00,SENSOR_089,PM2.5,Bucaramanga,Oriente,,µg/m3,Sin_Dato,31.55,30.0,LoRaWAN
3887,2024-02-26 09:42:00,SENSOR_020,CO2,Cartagena,Centro,457.79,ppm,Normal,87.08,91.0,4G
3888,2024-11-01 17:02:00,SENSOR_017,Ruido,Cali,Occidente,56.43,dB,Normal,82.55,91.0,Ethernet
3889,2024-02-21 03:15:00,SENSOR_062,Ruido,Medellin,Norte,61.47,dB,Normal,97.55,62.0,WiFi
3890,2024-06-23 21:25:00,SENSOR_053,PM2.5,Cartagena,Occidente,46.37,µg/m3,Alerta,12.07,90.0,LoRaWAN
3891,2024-06-08 16:37:00,SENSOR_054,Humedad,Bucaramanga,Norte,84.23,%,Alerta,79.2,84.0,LoRaWAN
3892,2024-09-14 10:39:00,SENSOR_029,Ruido,Cali,Oriente,67.24,dB,Normal,58.47,55.0,LoRaWAN
3893,2024-06-19 04:26:00,SENSOR_053,PM2.5,Bogota,Occidente,27.06,µg/m3,Normal,56.43,41.0,4G
3894,2024-10-01 18:18:00,SENSOR_005,CO2,Cali,Norte,306.52,ppm,Normal,85.49,27.0,4G
3895,2024-03-28 18:37:00,SENSOR_062,PM2.5,Cartagena,Norte,115.35,µg/m3,Critico,91.73,33.0,WiFi
3896,2024-06-19 12:01:00,SENSOR_057,Humedad,Barranquilla,Oriente,68.29,%,Normal,,85.0,WiFi
3897,2024-08-09 09:08:00,SENSOR_028,Temperatura,Bucaramanga,Sur,20.93,°C,Normal,57.15,,Ethernet
3898,2024-08-20 03:51:00,SENSOR_041,PM2.5,Bogota,Centro,103.12,µg/m3,Critico,61.39,20.0,Ethernet
3899,2024-05-30 17:12:00,SENSOR_080,Humedad,Medellin,Centro,49.76,%,Normal,49.74,57.0,4G
3900,2024-09-18 09:22:00,SENSOR_006,CO2,Bogota,Oriente,847.33,ppm,Alerta,54.54,39.0,WiFi
3901,2024-01-08 19:57:00,SENSOR_088,Temperatura,Barranquilla,Oriente,19.86,°C,Normal,37.05,46.0,LoRaWAN
3902,2024-03-25 07:42:00,SENSOR_007,Temperatura,Cartagena,Oriente,28.66,°C,Alerta,83.66,28.0,LoRaWAN
3903,2024-05-21 00:46:00,SENSOR_011,Ruido,Bucaramanga,Oriente,,dB,Sin_Dato,32.86,68.0,Ethernet
3904,2024-03-07 13:22:00,SENSOR_066,Humedad,Bogota,Sur,74.88,%,Normal,41.77,77.0,LoRaWAN
3905,2024-11-29 15:06:00,SENSOR_043,Ruido,Cali,Sur,59.99,dB,Normal,78.61,22.0,LoRaWAN
3906,2024-05-21 12:37:00,SENSOR_031,Humedad,Cartagena,Occidente,50.17,%,Normal,95.5,68.0,WiFi
3907,2024-03-24 23:16:00,SENSOR_066,PM2.5,Bucaramanga,Sur,38.17,µg/m3,Alerta,6.87,48.0,LoRaWAN
3908,2024-11-19 23:24:00,SENSOR_034,Humedad,Cali,Centro,55.37,%,Normal,88.58,98.0,WiFi
3909,2024-04-29 22:36:00,SENSOR_021,Humedad,Barranquilla,Occidente,69.04,%,Normal,32.96,28.0,4G
3910,2024-03-02 17:24:00,SENSOR_026,CO2,Cali,Sur,1209.99,ppm,Critico,92.37,63.0,Ethernet
3911,2024-10-09 01:38:00,SENSOR_097,Humedad,Cartagena,Oriente,33.73,%,Alerta,94.41,87.0,4G
3912,2024-11-17 21:33:00,SENSOR_090,Temperatura,Bogota,Sur,11.32,°C,Normal,42.9,68.0,Ethernet
3913,2024-09-20 01:40:00,SENSOR_075,Humedad,Barranquilla,Norte,38.62,%,Alerta,41.39,30.0,Ethernet
3914,2024-12-09 10:43:00,SENSOR_041,PM2.5,Cali,Oriente,98.04,µg/m3,Critico,62.46,23.0,4G
3915,2024-07-21 07:26:00,SENSOR_039,PM2.5,Medellin,Occidente,101.65,µg/m3,Critico,59.29,50.0,Ethernet
3916,2024-10-08 17:15:00,SENSOR_063,PM2.5,Cali,Occidente,63.21,µg/m3,Alerta,42.13,86.0,Ethernet
3917,2024-11-04 15:46:00,SENSOR_030,CO2,Cartagena,Centro,1339.05,ppm,Critico,8.63,99.0,LoRaWAN
3918,2024-02-08 13:10:00,SENSOR_088,CO2,Cali,Sur,579.39,ppm,Normal,18.08,63.0,4G
3919,2024-12-15 19:59:00,SENSOR_072,Temperatura,Bucaramanga,Centro,16.31,°C,Normal,20.5,27.0,Ethernet
3920,2024-08-19 06:33:00,SENSOR_012,PM2.5,Cartagena,Norte,34.04,µg/m3,Normal,27.73,91.0,WiFi
3921,2024-06-15 07:21:00,SENSOR_041,PM2.5,Bucaramanga,Occidente,18.24,µg/m3,Normal,58.18,88.0,Ethernet
3922,2024-12-15 18:00:00,SENSOR_059,CO2,Bogota,Oriente,,ppm,Sin_Dato,67.13,96.0,4G
3923,2024-08-22 16:45:00,SENSOR_051,Ruido,Bucaramanga,Occidente,54.79,dB,Normal,42.47,81.0,Ethernet
3924,2024-02-18 19:45:00,SENSOR_067,Ruido,Bucaramanga,Norte,63.58,dB,Normal,55.11,49.0,4G
3925,2024-10-12 16:26:00,SENSOR_027,Humedad,Cartagena,Centro,,%,Sin_Dato,75.7,58.0,Ethernet
3926,2024-08-08 18:05:00,SENSOR_004,Ruido,Cartagena,Sur,87.6,dB,Critico,51.22,60.0,4G
3927,2024-10-14 00:13:00,SENSOR_039,CO2,Cali,Norte,1274.76,ppm,Critico,17.54,68.0,4G
3928,2024-02-05 05:47:00,SENSOR_070,Temperatura,Barranquilla,Centro,31.6,°C,Alerta,90.19,40.0,WiFi
3929,2024-01-18 03:52:00,SENSOR_087,Temperatura,Cartagena,Norte,31.46,°C,Alerta,32.44,87.0,Ethernet
3930,2024-10-31 22:28:00,SENSOR_077,Temperatura,Bogota,Centro,31.91,°C,Alerta,79.64,58.0,WiFi
3931,2024-07-17 08:15:00,SENSOR_016,CO2,Cali,Oriente,700.34,ppm,Normal,48.91,31.0,4G
3932,2024-12-15 19:09:00,SENSOR_058,Humedad,Barranquilla,Occidente,44.7,%,Normal,46.41,59.0,4G
3933,2024-01-15 12:11:00,SENSOR_012,CO2,Cartagena,Sur,971.62,ppm,Alerta,12.98,42.0,LoRaWAN
3934,2024-02-08 15:06:00,SENSOR_094,Temperatura,Bucaramanga,Sur,,°C,Sin_Dato,34.16,82.0,4G
3935,2024-05-11 12:11:00,SENSOR_082,Humedad,Bucaramanga,Sur,71.24,%,Normal,71.61,56.0,Ethernet
3936,2024-02-16 06:34:00,SENSOR_017,Humedad,Barranquilla,Centro,65.21,%,Normal,44.08,75.0,LoRaWAN
3937,2024-08-08 10:19:00,SENSOR_087,PM2.5,Bogota,Centro,91.67,µg/m3,Critico,72.01,97.0,WiFi
3938,2024-08-06 12:12:00,SENSOR_087,Humedad,Medellin,Sur,82.99,%,Alerta,22.12,75.0,4G
3939,2024-11-03 21:35:00,SENSOR_096,Ruido,Barranquilla,Centro,68.23,dB,Normal,28.57,84.0,LoRaWAN
3940,2024-11-27 01:03:00,SENSOR_043,CO2,Bogota,Norte,994.8,ppm,Alerta,13.38,60.0,WiFi
3941,2024-09-29 13:26:00,SENSOR_090,CO2,Cartagena,Norte,818.65,ppm,Alerta,78.04,64.0,WiFi
3942,2024-04-05 11:50:00,SENSOR_008,Temperatura,Bucaramanga,Occidente,26.12,°C,Normal,64.3,64.0,Ethernet
3943,2024-06-08 02:59:00,SENSOR_082,CO2,Bucaramanga,Norte,301.59,ppm,Normal,55.84,49.0,LoRaWAN
3944,2024-07-16 16:11:00,SENSOR_098,Temperatura,Medellin,Occidente,16.35,°C,Normal,,41.0,4G
3945,2024-03-19 06:06:00,SENSOR_074,Ruido,Cali,Centro,50.79,dB,Normal,37.52,23.0,WiFi
3946,2024-06-23 16:27:00,SENSOR_098,Humedad,Cali,Norte,40.34,%,Normal,7.39,66.0,LoRaWAN
3947,2024-09-09 02:08:00,SENSOR_093,PM2.5,Bucaramanga,Norte,62.25,µg/m3,Alerta,37.78,89.0,4G
3948,2024-06-16 01:41:00,SENSOR_077,PM2.5,Medellin,Occidente,28.86,µg/m3,Normal,,30.0,LoRaWAN
3949,2024-11-19 23:32:00,SENSOR_071,Humedad,Bucaramanga,Occidente,64.41,%,Normal,69.49,81.0,4G
3950,2024-06-25 09:36:00,SENSOR_078,Humedad,Bucaramanga,Occidente,,%,Sin_Dato,58.28,66.0,LoRaWAN
3951,2024-10-21 08:07:00,SENSOR_097,Ruido,Barranquilla,Centro,57.2,dB,Normal,68.58,68.0,Ethernet
3952,2024-01-03 13:56:00,SENSOR_027,Temperatura,Medellin,Oriente,30.18,°C,Alerta,38.88,62.0,WiFi
3953,2024-01-24 04:52:00,SENSOR_086,Ruido,Medellin,Centro,98.8,dB,Critico,9.34,94.0,WiFi
3954,2024-12-02 22:27:00,SENSOR_037,Temperatura,Medellin,Occidente,30.65,°C,Alerta,28.88,44.0,4G
3955,2024-01-31 04:05:00,SENSOR_020,CO2,Cali,Sur,,ppm,Sin_Dato,65.37,30.0,WiFi
3956,2024-03-28 23:00:00,SENSOR_009,Humedad,Medellin,Centro,61.74,%,Normal,69.71,70.0,LoRaWAN
3957,2024-04-01 06:13:00,SENSOR_056,Ruido,Bogota,Oriente,52.85,dB,Normal,7.77,48.0,LoRaWAN
3958,2024-05-13 05:17:00,SENSOR_057,CO2,Cali,Oriente,1351.51,ppm,Critico,,44.0,WiFi
3959,2024-01-04 18:16:00,SENSOR_010,Temperatura,Barranquilla,Oriente,23.12,°C,Normal,36.4,25.0,WiFi
3960,2024-12-24 11:25:00,SENSOR_038,Ruido,Bogota,Oriente,52.41,dB,Normal,57.23,,LoRaWAN
3961,2024-04-18 00:54:00,SENSOR_072,Temperatura,Barranquilla,Norte,13.51,°C,Normal,99.17,52.0,LoRaWAN
3962,2024-12-11 07:10:00,SENSOR_015,Temperatura,Bogota,Oriente,11.53,°C,Normal,66.17,78.0,4G
3963,2024-02-22 17:16:00,SENSOR_033,Temperatura,Bogota,Occidente,,°C,Sin_Dato,81.6,,LoRaWAN
3964,2024-12-08 21:59:00,SENSOR_080,Temperatura,Cartagena,Centro,21.4,°C,Normal,77.9,74.0,LoRaWAN
3965,2024-09-26 16:35:00,SENSOR_059,PM2.5,Cali,Oriente,,µg/m3,Sin_Dato,74.49,79.0,LoRaWAN
3966,2024-07-22 12:42:00,SENSOR_099,Temperatura,Bucaramanga,Occidente,10.52,°C,Normal,63.71,100.0,4G
3967,2024-12-17 18:28:00,SENSOR_068,Ruido,Cali,Occidente,49.12,dB,Normal,5.42,47.0,4G
3968,2024-07-11 15:35:00,SENSOR_028,PM2.5,Bogota,Sur,25.02,µg/m3,Normal,85.62,,4G
3969,2024-10-12 22:02:00,SENSOR_099,CO2,Bucaramanga,Sur,820.83,ppm,Alerta,78.7,57.0,WiFi
3970,2024-11-05 00:42:00,SENSOR_027,CO2,Cartagena,Norte,1006.66,ppm,Alerta,82.92,26.0,4G
3971,2024-09-11 02:29:00,SENSOR_065,Ruido,Medellin,Centro,46.39,dB,Normal,26.39,23.0,WiFi
3972,2024-07-07 00:58:00,SENSOR_071,PM2.5,Barranquilla,Centro,64.29,µg/m3,Alerta,70.99,67.0,WiFi
3973,2024-08-08 08:03:00,SENSOR_039,Temperatura,Barranquilla,Norte,17.96,°C,Normal,49.12,31.0,WiFi
3974,2024-04-07 05:45:00,SENSOR_057,PM2.5,Bogota,Oriente,69.94,µg/m3,Alerta,96.63,78.0,Ethernet
3975,2024-11-08 07:44:00,SENSOR_030,Temperatura,Cali,Norte,33.3,°C,Critico,83.67,29.0,WiFi
3976,2024-11-25 03:16:00,SENSOR_098,PM2.5,Bogota,Oriente,79.15,µg/m3,Critico,99.25,32.0,LoRaWAN
3977,2024-12-10 04:19:00,SENSOR_031,CO2,Cali,Occidente,1153.91,ppm,Alerta,49.33,63.0,4G
3978,2024-08-19 04:51:00,SENSOR_059,PM2.5,Bucaramanga,Oriente,70.51,µg/m3,Alerta,73.16,48.0,LoRaWAN
3979,2024-03-05 09:33:00,SENSOR_050,Temperatura,Barranquilla,Oriente,14.03,°C,Normal,28.67,23.0,WiFi
3980,2024-07-11 23:52:00,SENSOR_087,PM2.5,Barranquilla,Centro,79.35,µg/m3,Critico,46.79,29.0,LoRaWAN
3981,2024-03-12 01:36:00,SENSOR_080,Humedad,Cartagena,Oriente,33.77,%,Alerta,91.53,95.0,Ethernet
3982,2024-02-24 19:59:00,SENSOR_090,PM2.5,Bogota,Sur,44.63,µg/m3,Alerta,86.56,84.0,LoRaWAN
3983,2024-03-07 17:16:00,SENSOR_051,Temperatura,Medellin,Occidente,23.69,°C,Normal,13.27,72.0,Ethernet
3984,2024-02-09 00:11:00,SENSOR_085,PM2.5,Medellin,Centro,45.41,µg/m3,Alerta,54.59,45.0,LoRaWAN
3985,2024-05-29 03:42:00,SENSOR_053,Ruido,Medellin,Sur,80.0,dB,Alerta,52.38,51.0,LoRaWAN
3986,2024-12-20 19:10:00,SENSOR_019,Temperatura,Cali,Sur,21.59,°C,Normal,81.07,57.0,4G
3987,2024-01-15 23:50:00,SENSOR_080,Ruido,Bucaramanga,Sur,74.18,dB,Alerta,42.13,58.0,Ethernet
3988,2024-01-18 14:35:00,SENSOR_078,PM2.5,Barranquilla,Norte,16.99,µg/m3,Normal,58.21,91.0,LoRaWAN
3989,2024-09-10 17:35:00,SENSOR_034,Ruido,Cartagena,Norte,65.99,dB,Normal,14.7,63.0,WiFi
3990,2024-04-05 03:00:00,SENSOR_086,Ruido,Cartagena,Oriente,49.49,dB,Normal,,99.0,Ethernet
3991,2024-07-02 17:25:00,SENSOR_034,CO2,Bucaramanga,Oriente,1574.67,ppm,Critico,43.09,86.0,LoRaWAN
3992,2024-03-24 14:41:00,SENSOR_053,Temperatura,Cartagena,Norte,11.8,°C,Normal,40.3,100.0,LoRaWAN
3993,2024-08-26 15:02:00,SENSOR_034,Temperatura,Barranquilla,Oriente,30.85,°C,Alerta,,,Ethernet
3994,2024-07-08 04:37:00,SENSOR_088,Temperatura,Cali,Occidente,20.49,°C,Normal,54.18,89.0,4G
3995,2024-03-27 14:41:00,SENSOR_023,Temperatura,Bucaramanga,Oriente,29.33,°C,Alerta,62.63,36.0,LoRaWAN
3996,2024-09-20 19:47:00,SENSOR_017,PM2.5,Cali,Occidente,105.35,µg/m3,Critico,88.6,59.0,WiFi
3997,2024-12-20 18:29:00,SENSOR_055,CO2,Barranquilla,Sur,1511.12,ppm,Critico,66.25,33.0,WiFi
3998,2024-03-13 16:25:00,SENSOR_038,Humedad,Barranquilla,Oriente,72.93,%,Normal,64.79,84.0,4G
3999,2024-08-16 04:45:00,SENSOR_067,PM2.5,Cali,Sur,86.65,µg/m3,Critico,17.79,37.0,Ethernet
4000,2024-12-22 16:32:00,SENSOR_090,Ruido,Bogota,Sur,99.71,dB,Critico,84.21,,WiFi
4001,2024-11-24 07:55:00,SENSOR_037,PM2.5,Cali,Oriente,34.03,µg/m3,Normal,5.19,88.0,4G
4002,2024-05-01 07:05:00,SENSOR_073,Ruido,Barranquilla,Centro,41.3,dB,Normal,41.96,57.0,WiFi
4003,2024-04-22 13:00:00,SENSOR_089,Ruido,Cartagena,Norte,55.93,dB,Normal,65.8,36.0,WiFi
4004,2024-05-02 18:30:00,SENSOR_031,CO2,Cartagena,Oriente,1786.04,ppm,Critico,6.27,,WiFi
4005,2024-03-28 11:19:00,SENSOR_068,Temperatura,Cartagena,Occidente,,°C,Sin_Dato,5.04,78.0,4G
4006,2024-10-16 07:12:00,SENSOR_068,Humedad,Barranquilla,Oriente,72.62,%,Normal,9.86,44.0,WiFi
4007,2024-11-26 19:31:00,SENSOR_010,Temperatura,Bogota,Occidente,20.6,°C,Normal,94.26,95.0,Ethernet
4008,2024-10-02 14:05:00,SENSOR_083,Temperatura,Bucaramanga,Norte,11.73,°C,Normal,71.2,91.0,WiFi
4009,2024-11-20 06:53:00,SENSOR_001,Ruido,Barranquilla,Norte,75.28,dB,Alerta,83.04,39.0,Ethernet
4010,2024-06-06 18:24:00,SENSOR_043,CO2,Cartagena,Norte,1355.23,ppm,Critico,58.15,89.0,Ethernet
4011,2024-07-15 02:53:00,SENSOR_079,PM2.5,Cali,Sur,75.08,µg/m3,Critico,75.92,66.0,LoRaWAN
4012,2024-09-10 17:23:00,SENSOR_059,Humedad,Medellin,Occidente,72.56,%,Normal,82.52,75.0,WiFi
4013,2024-01-20 11:23:00,SENSOR_045,Ruido,Cali,Occidente,36.21,dB,Normal,60.77,94.0,WiFi
4014,2024-08-04 17:55:00,SENSOR_009,PM2.5,Bucaramanga,Oriente,80.74,µg/m3,Critico,22.77,85.0,WiFi
4015,2024-07-19 03:09:00,SENSOR_043,Temperatura,Cali,Occidente,24.06,°C,Normal,16.49,85.0,LoRaWAN
4016,2024-09-02 12:46:00,SENSOR_067,Ruido,Cali,Occidente,51.74,dB,Normal,59.75,43.0,Ethernet
4017,2024-09-09 09:10:00,SENSOR_095,Ruido,Cartagena,Centro,99.17,dB,Critico,57.96,65.0,Ethernet
4018,2024-01-16 01:06:00,SENSOR_011,CO2,Cartagena,Oriente,1746.63,ppm,Critico,99.46,38.0,4G
4019,2024-08-28 10:14:00,SENSOR_045,Ruido,Barranquilla,Sur,80.64,dB,Alerta,45.31,21.0,WiFi
4020,2024-03-16 16:30:00,SENSOR_044,Temperatura,Barranquilla,Occidente,15.28,°C,Normal,30.95,99.0,LoRaWAN
4021,2024-12-18 01:42:00,SENSOR_087,Humedad,Bogota,Centro,52.42,%,Normal,8.78,77.0,4G
4022,2024-08-12 11:19:00,SENSOR_089,Temperatura,Cali,Oriente,18.99,°C,Normal,70.46,56.0,Ethernet
4023,2024-12-18 17:27:00,SENSOR_037,Humedad,Bucaramanga,Oriente,92.21,%,Critico,55.49,36.0,WiFi
4024,2024-03-09 19:20:00,SENSOR_087,Ruido,Bogota,Centro,76.66,dB,Alerta,78.18,21.0,LoRaWAN
4025,2024-04-08 00:33:00,SENSOR_006,Humedad,Barranquilla,Norte,50.54,%,Normal,50.29,51.0,4G
4026,2024-11-11 02:21:00,SENSOR_072,PM2.5,Barranquilla,Norte,48.49,µg/m3,Alerta,39.19,37.0,LoRaWAN
4027,2024-10-28 04:33:00,SENSOR_072,PM2.5,Cali,Oriente,88.34,µg/m3,Critico,41.53,84.0,Ethernet
4028,2024-05-02 04:35:00,SENSOR_085,PM2.5,Bucaramanga,Sur,30.78,µg/m3,Normal,21.7,71.0,LoRaWAN
4029,2024-09-04 23:55:00,SENSOR_032,Ruido,Medellin,Sur,57.69,dB,Normal,65.37,56.0,LoRaWAN
4030,2024-11-27 09:49:00,SENSOR_001,CO2,Cali,Centro,793.41,ppm,Normal,25.14,25.0,Ethernet
4031,2024-08-31 20:09:00,SENSOR_084,PM2.5,Bogota,Centro,50.3,µg/m3,Alerta,55.81,66.0,LoRaWAN
4032,2024-08-25 03:53:00,SENSOR_073,Humedad,Cali,Norte,91.05,%,Critico,28.38,39.0,LoRaWAN
4033,2024-02-25 17:55:00,SENSOR_079,Ruido,Barranquilla,Occidente,92.88,dB,Critico,12.69,,WiFi
4034,2024-10-01 20:02:00,SENSOR_057,CO2,Barranquilla,Oriente,590.52,ppm,Normal,30.08,20.0,LoRaWAN
4035,2024-04-23 01:11:00,SENSOR_057,Humedad,Bogota,Sur,67.27,%,Normal,29.02,59.0,Ethernet
4036,2024-10-11 07:21:00,SENSOR_090,PM2.5,Cartagena,Occidente,63.15,µg/m3,Alerta,65.03,87.0,Ethernet
4037,2024-11-30 12:42:00,SENSOR_050,PM2.5,Cali,Sur,67.06,µg/m3,Alerta,79.99,60.0,4G
4038,2024-02-19 00:55:00,SENSOR_089,Temperatura,Bucaramanga,Occidente,10.69,°C,Normal,68.01,73.0,WiFi
4039,2024-09-26 19:07:00,SENSOR_041,CO2,Barranquilla,Oriente,1660.02,ppm,Critico,55.49,63.0,LoRaWAN
4040,2024-11-17 17:27:00,SENSOR_055,CO2,Cartagena,Sur,1559.96,ppm,Critico,44.5,24.0,Ethernet
4041,2024-06-25 01:15:00,SENSOR_058,PM2.5,Medellin,Centro,32.8,µg/m3,Normal,34.17,50.0,LoRaWAN
4042,2024-08-26 16:24:00,SENSOR_075,Humedad,Barranquilla,Norte,54.04,%,Normal,96.64,64.0,LoRaWAN
4043,2024-12-30 01:07:00,SENSOR_010,Humedad,Bogota,Oriente,60.24,%,Normal,36.63,56.0,4G
4044,2024-10-26 18:11:00,SENSOR_026,Temperatura,Medellin,Oriente,12.49,°C,Normal,90.76,87.0,WiFi
4045,2024-02-02 09:11:00,SENSOR_049,Ruido,Bogota,Oriente,54.29,dB,Normal,31.58,43.0,Ethernet
4046,2024-05-31 12:06:00,SENSOR_032,Ruido,Barranquilla,Sur,81.17,dB,Alerta,61.28,83.0,WiFi
4047,2024-05-04 13:24:00,SENSOR_043,CO2,Medellin,Centro,1613.78,ppm,Critico,65.78,64.0,WiFi
4048,2024-12-11 18:33:00,SENSOR_017,Ruido,Barranquilla,Norte,58.78,dB,Normal,75.72,88.0,LoRaWAN
4049,2024-05-03 09:44:00,SENSOR_050,Humedad,Bogota,Norte,72.58,%,Normal,21.0,60.0,LoRaWAN
4050,2024-06-21 16:36:00,SENSOR_006,Temperatura,Bucaramanga,Centro,25.32,°C,Normal,,87.0,4G
4051,2024-12-10 15:00:00,SENSOR_047,Humedad,Barranquilla,Norte,62.93,%,Normal,40.53,48.0,4G
4052,2024-08-31 13:15:00,SENSOR_047,Humedad,Cali,Oriente,68.35,%,Normal,78.16,46.0,Ethernet
4053,2024-08-04 07:59:00,SENSOR_068,PM2.5,Bucaramanga,Occidente,105.54,µg/m3,Critico,51.39,45.0,WiFi
4054,2024-12-01 13:55:00,SENSOR_080,Ruido,Barranquilla,Norte,35.06,dB,Normal,5.95,67.0,WiFi
4055,2024-03-15 16:53:00,SENSOR_059,CO2,Cali,Centro,1558.16,ppm,Critico,35.71,98.0,WiFi
4056,2024-10-16 14:44:00,SENSOR_042,PM2.5,Cartagena,Oriente,95.75,µg/m3,Critico,17.64,57.0,4G
4057,2024-01-31 16:17:00,SENSOR_033,Temperatura,Medellin,Centro,27.26,°C,Normal,87.4,92.0,Ethernet
4058,2024-03-14 08:23:00,SENSOR_095,Humedad,Medellin,Oriente,35.1,%,Alerta,81.28,38.0,WiFi
4059,2024-04-22 03:06:00,SENSOR_071,Humedad,Bucaramanga,Centro,44.06,%,Normal,69.54,35.0,LoRaWAN
4060,2024-01-02 10:34:00,SENSOR_092,CO2,Medellin,Sur,518.46,ppm,Normal,19.84,22.0,4G
4061,2024-06-17 12:43:00,SENSOR_089,Temperatura,Medellin,Centro,,°C,Sin_Dato,47.52,41.0,4G
4062,2024-07-11 18:58:00,SENSOR_085,Temperatura,Medellin,Sur,30.9,°C,Alerta,72.84,49.0,4G
4063,2024-08-22 23:50:00,SENSOR_049,Ruido,Bogota,Oriente,53.24,dB,Normal,54.35,82.0,Ethernet
4064,2024-07-27 04:03:00,SENSOR_008,Ruido,Cartagena,Occidente,95.71,dB,Critico,11.57,90.0,4G
4065,2024-01-01 04:39:00,SENSOR_083,PM2.5,Bucaramanga,Centro,33.29,µg/m3,Normal,40.79,44.0,WiFi
4066,2024-08-31 11:20:00,SENSOR_055,Ruido,Bucaramanga,Norte,83.48,dB,Alerta,23.79,38.0,LoRaWAN
4067,2024-08-21 22:16:00,SENSOR_077,PM2.5,Barranquilla,Occidente,56.8,µg/m3,Alerta,56.67,58.0,4G
4068,2024-04-23 17:47:00,SENSOR_009,Humedad,Cali,Oriente,40.77,%,Normal,94.88,45.0,WiFi
4069,2024-05-23 08:10:00,SENSOR_065,Humedad,Cali,Norte,69.09,%,Normal,,23.0,LoRaWAN
4070,2024-01-31 20:24:00,SENSOR_093,CO2,Barranquilla,Centro,557.66,ppm,Normal,20.24,39.0,LoRaWAN
4071,2024-09-26 04:38:00,SENSOR_050,PM2.5,Bucaramanga,Centro,79.18,µg/m3,Critico,72.09,64.0,WiFi
4072,2024-07-22 13:20:00,SENSOR_054,Humedad,Medellin,Occidente,92.04,%,Critico,38.48,63.0,4G
4073,2024-05-30 21:28:00,SENSOR_092,PM2.5,Cartagena,Oriente,71.99,µg/m3,Alerta,12.57,98.0,WiFi
4074,2024-09-04 19:58:00,SENSOR_032,CO2,Bogota,Occidente,1023.33,ppm,Alerta,10.62,43.0,LoRaWAN
4075,2024-12-13 08:10:00,SENSOR_017,Humedad,Medellin,Norte,,%,Sin_Dato,58.16,28.0,Ethernet
4076,2024-08-09 00:03:00,SENSOR_065,Ruido,Cali,Oriente,81.74,dB,Alerta,20.98,54.0,4G
4077,2024-09-24 01:07:00,SENSOR_083,Temperatura,Bucaramanga,Sur,29.28,°C,Alerta,68.13,20.0,4G
4078,2024-08-30 10:32:00,SENSOR_017,CO2,Barranquilla,Sur,454.96,ppm,Normal,68.45,67.0,LoRaWAN
4079,2024-10-25 21:39:00,SENSOR_023,Temperatura,Barranquilla,Sur,26.49,°C,Normal,90.15,92.0,LoRaWAN
4080,2024-02-05 22:31:00,SENSOR_095,Ruido,Cali,Occidente,37.3,dB,Normal,83.04,56.0,LoRaWAN
4081,2024-05-24 14:52:00,SENSOR_092,Ruido,Medellin,Centro,90.27,dB,Critico,18.32,28.0,LoRaWAN
4082,2024-06-09 16:14:00,SENSOR_039,Ruido,Bogota,Norte,44.71,dB,Normal,30.32,25.0,WiFi
4083,2024-09-01 01:09:00,SENSOR_087,Humedad,Bucaramanga,Occidente,31.96,%,Alerta,75.03,29.0,4G
4084,2024-04-29 01:56:00,SENSOR_047,CO2,Medellin,Oriente,722.59,ppm,Normal,10.87,100.0,Ethernet
4085,2024-07-30 12:21:00,SENSOR_037,Ruido,Medellin,Occidente,91.49,dB,Critico,98.35,78.0,WiFi
4086,2024-01-29 23:26:00,SENSOR_094,Temperatura,Bogota,Centro,34.99,°C,Critico,54.75,,Ethernet
4087,2024-08-04 11:53:00,SENSOR_017,PM2.5,Bogota,Centro,87.39,µg/m3,Critico,7.42,28.0,WiFi
4088,2024-02-14 22:48:00,SENSOR_057,Temperatura,Medellin,Norte,30.14,°C,Alerta,21.43,92.0,4G
4089,2024-01-12 20:26:00,SENSOR_092,Temperatura,Bucaramanga,Sur,12.14,°C,Normal,48.55,55.0,4G
4090,2024-02-24 15:25:00,SENSOR_004,Temperatura,Cali,Sur,19.11,°C,Normal,48.29,69.0,Ethernet
4091,2024-01-12 05:28:00,SENSOR_099,CO2,Bucaramanga,Oriente,700.91,ppm,Normal,26.65,62.0,Ethernet
4092,2024-01-16 07:20:00,SENSOR_073,CO2,Cali,Centro,1697.0,ppm,Critico,70.1,49.0,Ethernet
4093,2024-03-24 15:17:00,SENSOR_014,Temperatura,Cali,Centro,27.73,°C,Normal,73.87,52.0,4G
4094,2024-09-26 06:27:00,SENSOR_079,Temperatura,Medellin,Sur,,°C,Sin_Dato,86.42,21.0,LoRaWAN
4095,2024-12-29 07:02:00,SENSOR_024,Humedad,Cali,Sur,75.42,%,Normal,52.43,38.0,WiFi
4096,2024-11-15 11:02:00,SENSOR_019,PM2.5,Cali,Centro,40.21,µg/m3,Alerta,76.02,22.0,Ethernet
4097,2024-01-26 02:37:00,SENSOR_095,PM2.5,Cartagena,Oriente,93.06,µg/m3,Critico,27.31,21.0,4G
4098,2024-02-24 03:44:00,SENSOR_076,Temperatura,Bogota,Sur,,°C,Sin_Dato,69.89,99.0,Ethernet
4099,2024-03-21 12:48:00,SENSOR_076,PM2.5,Medellin,Norte,103.63,µg/m3,Critico,12.3,52.0,4G
4100,2024-09-16 04:32:00,SENSOR_034,CO2,Barranquilla,Norte,1531.24,ppm,Critico,45.51,81.0,4G
4101,2024-11-11 15:50:00,SENSOR_081,Ruido,Cartagena,Oriente,70.67,dB,Alerta,8.56,41.0,4G
4102,2024-12-07 00:36:00,SENSOR_019,Temperatura,Cali,Norte,22.32,°C,Normal,54.08,78.0,Ethernet
4103,2024-02-18 12:46:00,SENSOR_002,PM2.5,Bucaramanga,Centro,20.5,µg/m3,Normal,52.82,65.0,WiFi
4104,2024-06-08 10:59:00,SENSOR_025,CO2,Barranquilla,Centro,567.62,ppm,Normal,68.82,69.0,WiFi
4105,2024-10-09 01:52:00,SENSOR_083,Temperatura,Medellin,Centro,34.36,°C,Critico,82.1,34.0,4G
4106,2024-10-04 16:40:00,SENSOR_083,PM2.5,Bucaramanga,Centro,53.12,µg/m3,Alerta,78.71,22.0,LoRaWAN
4107,2024-01-02 04:45:00,SENSOR_087,Temperatura,Medellin,Occidente,14.51,°C,Normal,94.88,81.0,4G
4108,2024-10-27 00:01:00,SENSOR_003,Humedad,Cartagena,Oriente,43.44,%,Normal,61.58,25.0,Ethernet
4109,2024-10-11 17:58:00,SENSOR_090,Ruido,Bucaramanga,Oriente,,dB,Sin_Dato,38.65,23.0,WiFi
4110,2024-09-04 09:43:00,SENSOR_007,Temperatura,Barranquilla,Occidente,11.08,°C,Normal,22.75,95.0,WiFi
4111,2024-09-12 22:38:00,SENSOR_048,CO2,Bucaramanga,Sur,1177.56,ppm,Alerta,78.61,53.0,4G
4112,2024-10-31 05:14:00,SENSOR_009,CO2,Bucaramanga,Centro,,ppm,Sin_Dato,65.39,98.0,WiFi
4113,2024-11-16 13:21:00,SENSOR_052,Temperatura,Bogota,Occidente,22.62,°C,Normal,90.51,88.0,4G
4114,2024-10-27 18:41:00,SENSOR_064,PM2.5,Cartagena,Sur,,µg/m3,Sin_Dato,94.82,55.0,WiFi
4115,2024-03-27 13:55:00,SENSOR_099,Ruido,Bucaramanga,Oriente,36.51,dB,Normal,68.45,44.0,Ethernet
4116,2024-09-03 20:17:00,SENSOR_083,CO2,Medellin,Centro,831.62,ppm,Alerta,86.67,99.0,LoRaWAN
4117,2024-02-08 04:24:00,SENSOR_092,PM2.5,Cartagena,Norte,109.33,µg/m3,Critico,10.59,57.0,Ethernet
4118,2024-11-17 22:19:00,SENSOR_047,CO2,Bucaramanga,Oriente,1458.03,ppm,Critico,12.13,53.0,Ethernet
4119,2024-07-26 03:12:00,SENSOR_026,Ruido,Cartagena,Norte,,dB,Sin_Dato,10.39,23.0,4G
4120,2024-12-24 16:26:00,SENSOR_070,Temperatura,Bogota,Centro,,°C,Sin_Dato,81.21,,4G
4121,2024-06-23 06:39:00,SENSOR_033,Temperatura,Bogota,Oriente,25.36,°C,Normal,38.01,88.0,LoRaWAN
4122,2024-03-23 20:17:00,SENSOR_052,PM2.5,Bucaramanga,Centro,,µg/m3,Sin_Dato,29.77,96.0,WiFi
4123,2024-07-23 09:31:00,SENSOR_029,Ruido,Cartagena,Sur,63.22,dB,Normal,16.89,79.0,Ethernet
4124,2024-04-06 06:57:00,SENSOR_056,CO2,Bogota,Centro,1272.27,ppm,Critico,8.57,22.0,4G
4125,2024-08-08 02:37:00,SENSOR_053,PM2.5,Cali,Sur,15.47,µg/m3,Normal,35.12,71.0,LoRaWAN
4126,2024-06-07 04:09:00,SENSOR_025,Ruido,Barranquilla,Occidente,57.9,dB,Normal,96.52,42.0,4G
4127,2024-08-02 02:39:00,SENSOR_072,Temperatura,Bucaramanga,Oriente,17.59,°C,Normal,74.53,76.0,4G
4128,2024-10-02 01:31:00,SENSOR_099,PM2.5,Barranquilla,Centro,12.12,µg/m3,Normal,37.25,79.0,LoRaWAN
4129,2024-11-18 10:16:00,SENSOR_051,PM2.5,Medellin,Centro,80.2,µg/m3,Critico,59.38,,LoRaWAN
4130,2024-04-30 20:00:00,SENSOR_083,CO2,Bucaramanga,Occidente,603.99,ppm,Normal,95.3,28.0,4G
4131,2024-03-22 02:11:00,SENSOR_097,Ruido,Bucaramanga,Oriente,88.34,dB,Critico,43.85,68.0,Ethernet
4132,2024-08-19 01:57:00,SENSOR_065,PM2.5,Cartagena,Oriente,86.15,µg/m3,Critico,40.1,90.0,4G
4133,2024-06-08 03:08:00,SENSOR_072,Temperatura,Cali,Sur,17.51,°C,Normal,36.99,93.0,Ethernet
4134,2024-05-21 00:04:00,SENSOR_068,Ruido,Medellin,Sur,99.36,dB,Critico,7.15,52.0,LoRaWAN
4135,2024-10-11 22:30:00,SENSOR_006,Ruido,Medellin,Occidente,99.23,dB,Critico,57.81,29.0,LoRaWAN
4136,2024-05-26 15:46:00,SENSOR_003,Ruido,Bucaramanga,Centro,86.86,dB,Critico,9.03,87.0,Ethernet
4137,2024-11-05 08:26:00,SENSOR_003,Temperatura,Bogota,Sur,29.13,°C,Alerta,91.64,55.0,LoRaWAN
4138,2024-02-21 07:01:00,SENSOR_023,Humedad,Cartagena,Occidente,71.96,%,Normal,30.97,46.0,4G
4139,2024-12-27 07:15:00,SENSOR_072,CO2,Cartagena,Centro,1429.14,ppm,Critico,18.75,78.0,LoRaWAN
4140,2024-06-10 22:15:00,SENSOR_068,Humedad,Medellin,Centro,83.69,%,Alerta,72.54,85.0,Ethernet
4141,2024-11-21 16:02:00,SENSOR_058,Temperatura,Cali,Sur,,°C,Sin_Dato,97.32,100.0,Ethernet
4142,2024-02-13 10:26:00,SENSOR_084,Ruido,Medellin,Oriente,99.83,dB,Critico,22.17,55.0,WiFi
4143,2024-09-16 10:35:00,SENSOR_098,Humedad,Bogota,Oriente,50.54,%,Normal,11.12,40.0,LoRaWAN
4144,2024-06-25 06:36:00,SENSOR_054,CO2,Cali,Occidente,1091.24,ppm,Alerta,69.71,80.0,4G
4145,2024-02-13 19:36:00,SENSOR_098,CO2,Bucaramanga,Centro,886.52,ppm,Alerta,68.62,96.0,Ethernet
4146,2024-08-11 05:46:00,SENSOR_004,Temperatura,Barranquilla,Centro,24.7,°C,Normal,69.28,62.0,Ethernet
4147,2024-04-02 01:04:00,SENSOR_058,PM2.5,Cartagena,Norte,60.03,µg/m3,Alerta,5.01,80.0,WiFi
4148,2024-07-25 03:52:00,SENSOR_045,Ruido,Bogota,Norte,92.07,dB,Critico,55.51,73.0,LoRaWAN
4149,2024-11-10 05:43:00,SENSOR_044,Humedad,Medellin,Occidente,54.47,%,Normal,21.98,52.0,LoRaWAN
4150,2024-07-07 04:52:00,SENSOR_002,PM2.5,Medellin,Sur,63.67,µg/m3,Alerta,59.38,66.0,LoRaWAN
4151,2024-08-27 17:48:00,SENSOR_031,Humedad,Bucaramanga,Sur,33.19,%,Alerta,46.61,53.0,Ethernet
4152,2024-10-16 14:39:00,SENSOR_046,PM2.5,Cartagena,Norte,93.23,µg/m3,Critico,6.06,79.0,Ethernet
4153,2024-04-29 16:42:00,SENSOR_058,Humedad,Bogota,Sur,51.53,%,Normal,87.28,28.0,LoRaWAN
4154,2024-06-18 21:58:00,SENSOR_035,Humedad,Barranquilla,Sur,,%,Sin_Dato,63.89,50.0,LoRaWAN
4155,2024-08-14 06:26:00,SENSOR_035,Temperatura,Medellin,Sur,32.42,°C,Critico,82.91,20.0,LoRaWAN
4156,2024-11-04 23:22:00,SENSOR_066,PM2.5,Cartagena,Oriente,69.17,µg/m3,Alerta,56.23,45.0,LoRaWAN
4157,2024-05-06 18:35:00,SENSOR_063,Ruido,Medellin,Sur,41.73,dB,Normal,57.24,88.0,WiFi
4158,2024-09-05 14:00:00,SENSOR_053,Humedad,Bogota,Oriente,61.77,%,Normal,50.0,87.0,Ethernet
4159,2024-05-23 19:21:00,SENSOR_009,Humedad,Cali,Centro,67.0,%,Normal,42.79,35.0,Ethernet
4160,2024-05-03 12:15:00,SENSOR_040,PM2.5,Barranquilla,Oriente,65.11,µg/m3,Alerta,74.57,70.0,4G
4161,2024-02-25 08:08:00,SENSOR_065,CO2,Medellin,Norte,1760.48,ppm,Critico,16.97,90.0,Ethernet
4162,2024-11-16 08:51:00,SENSOR_006,Temperatura,Barranquilla,Oriente,21.08,°C,Normal,54.29,78.0,4G
4163,2024-08-31 04:46:00,SENSOR_059,Humedad,Cartagena,Sur,50.5,%,Normal,52.76,23.0,4G
4164,2024-07-31 20:33:00,SENSOR_098,Ruido,Bogota,Norte,57.17,dB,Normal,32.17,32.0,WiFi
4165,2024-09-08 20:22:00,SENSOR_041,Humedad,Cartagena,Norte,66.23,%,Normal,36.66,97.0,WiFi
4166,2024-11-24 08:52:00,SENSOR_004,Ruido,Bucaramanga,Oriente,98.38,dB,Critico,83.54,32.0,Ethernet
4167,2024-08-04 19:18:00,SENSOR_041,Humedad,Medellin,Occidente,87.83,%,Alerta,35.63,,4G
4168,2024-09-19 16:27:00,SENSOR_032,Temperatura,Medellin,Norte,,°C,Sin_Dato,95.05,77.0,LoRaWAN
4169,2024-02-20 06:02:00,SENSOR_038,PM2.5,Cartagena,Occidente,70.65,µg/m3,Alerta,47.66,32.0,Ethernet
4170,2024-01-02 08:33:00,SENSOR_047,Humedad,Bucaramanga,Occidente,42.75,%,Normal,90.4,47.0,LoRaWAN
4171,2024-08-11 06:30:00,SENSOR_048,Ruido,Bucaramanga,Norte,75.05,dB,Alerta,81.33,75.0,Ethernet
4172,2024-06-20 07:41:00,SENSOR_054,CO2,Barranquilla,Sur,1646.64,ppm,Critico,16.12,44.0,4G
4173,2024-10-27 09:08:00,SENSOR_058,Humedad,Medellin,Occidente,54.51,%,Normal,7.19,94.0,LoRaWAN
4174,2024-04-16 21:53:00,SENSOR_079,Temperatura,Cartagena,Norte,30.74,°C,Alerta,29.95,100.0,LoRaWAN
4175,2024-02-06 12:09:00,SENSOR_056,PM2.5,Cartagena,Oriente,11.87,µg/m3,Normal,24.67,35.0,WiFi
4176,2024-04-10 18:47:00,SENSOR_003,Humedad,Medellin,Occidente,69.99,%,Normal,76.89,25.0,WiFi
4177,2024-09-25 18:09:00,SENSOR_001,PM2.5,Barranquilla,Sur,39.28,µg/m3,Alerta,12.47,27.0,Ethernet
4178,2024-01-26 01:49:00,SENSOR_031,Temperatura,Bogota,Sur,,°C,Sin_Dato,69.8,73.0,WiFi
4179,2024-02-27 16:54:00,SENSOR_090,CO2,Medellin,Centro,660.37,ppm,Normal,,53.0,4G
4180,2024-05-15 06:28:00,SENSOR_014,Temperatura,Barranquilla,Centro,18.6,°C,Normal,63.85,99.0,4G
4181,2024-02-29 17:05:00,SENSOR_098,PM2.5,Barranquilla,Oriente,17.39,µg/m3,Normal,99.16,26.0,WiFi
4182,2024-06-20 01:55:00,SENSOR_049,Ruido,Cali,Centro,55.6,dB,Normal,17.24,67.0,LoRaWAN
4183,2024-05-28 12:53:00,SENSOR_051,Temperatura,Bogota,Occidente,34.68,°C,Critico,54.39,30.0,LoRaWAN
4184,2024-06-06 18:54:00,SENSOR_095,PM2.5,Bucaramanga,Centro,29.17,µg/m3,Normal,65.01,54.0,Ethernet
4185,2024-05-31 03:37:00,SENSOR_017,PM2.5,Bogota,Centro,113.78,µg/m3,Critico,36.8,23.0,LoRaWAN
4186,2024-06-09 12:26:00,SENSOR_023,Humedad,Cali,Oriente,74.02,%,Normal,56.95,89.0,WiFi
4187,2024-08-06 18:25:00,SENSOR_077,CO2,Bucaramanga,Centro,1127.05,ppm,Alerta,35.66,32.0,Ethernet
4188,2024-06-02 03:34:00,SENSOR_021,Temperatura,Barranquilla,Sur,32.31,°C,Critico,47.79,57.0,WiFi
4189,2024-02-28 15:44:00,SENSOR_082,CO2,Cartagena,Norte,447.22,ppm,Normal,,94.0,WiFi
4190,2024-10-15 16:27:00,SENSOR_099,Ruido,Bucaramanga,Oriente,75.59,dB,Alerta,39.23,84.0,LoRaWAN
4191,2024-10-02 18:48:00,SENSOR_068,CO2,Barranquilla,Centro,583.7,ppm,Normal,61.04,85.0,4G
4192,2024-08-25 19:05:00,SENSOR_100,Ruido,Cartagena,Sur,47.99,dB,Normal,96.25,81.0,WiFi
4193,2024-06-05 02:06:00,SENSOR_058,Temperatura,Bucaramanga,Norte,19.21,°C,Normal,57.72,59.0,LoRaWAN
4194,2024-05-29 11:02:00,SENSOR_089,CO2,Bogota,Oriente,1721.04,ppm,Critico,22.94,95.0,LoRaWAN
4195,2024-03-26 15:04:00,SENSOR_036,Temperatura,Bogota,Sur,23.84,°C,Normal,85.23,83.0,WiFi
4196,2024-01-02 17:09:00,SENSOR_005,CO2,Cali,Occidente,1285.75,ppm,Critico,78.24,44.0,LoRaWAN
4197,2024-03-16 09:20:00,SENSOR_002,CO2,Barranquilla,Occidente,548.12,ppm,Normal,28.66,38.0,LoRaWAN
4198,2024-09-19 23:26:00,SENSOR_056,CO2,Bogota,Sur,533.05,ppm,Normal,77.5,92.0,Ethernet
4199,2024-02-14 14:20:00,SENSOR_009,Humedad,Bogota,Occidente,37.88,%,Alerta,29.3,75.0,WiFi
4200,2024-03-21 14:19:00,SENSOR_013,Humedad,Cali,Occidente,78.76,%,Normal,43.59,37.0,Ethernet
4201,2024-02-25 15:06:00,SENSOR_017,Ruido,Bogota,Oriente,71.63,dB,Alerta,92.1,27.0,WiFi
4202,2024-02-26 01:57:00,SENSOR_009,Humedad,Medellin,Norte,31.49,%,Alerta,60.07,67.0,Ethernet
4203,2024-12-04 09:14:00,SENSOR_032,PM2.5,Medellin,Norte,96.86,µg/m3,Critico,41.88,57.0,4G
4204,2024-08-11 18:08:00,SENSOR_037,Humedad,Bucaramanga,Norte,31.47,%,Alerta,67.93,60.0,4G
4205,2024-01-10 21:52:00,SENSOR_044,CO2,Barranquilla,Occidente,,ppm,Sin_Dato,92.41,40.0,WiFi
4206,2024-11-13 11:31:00,SENSOR_070,Humedad,Medellin,Oriente,58.96,%,Normal,7.5,43.0,Ethernet
4207,2024-07-27 18:12:00,SENSOR_016,PM2.5,Bogota,Sur,115.11,µg/m3,Critico,48.75,85.0,WiFi
4208,2024-09-28 16:50:00,SENSOR_044,PM2.5,Cali,Centro,46.09,µg/m3,Alerta,39.96,52.0,4G
4209,2024-08-19 03:32:00,SENSOR_018,Ruido,Medellin,Centro,70.86,dB,Alerta,78.8,41.0,WiFi
4210,2024-04-28 00:58:00,SENSOR_003,Temperatura,Medellin,Occidente,21.47,°C,Normal,34.86,51.0,LoRaWAN
4211,2024-04-16 00:42:00,SENSOR_005,Ruido,Cali,Sur,42.23,dB,Normal,15.14,68.0,4G
4212,2024-09-28 12:30:00,SENSOR_030,Temperatura,Bogota,Norte,17.02,°C,Normal,6.49,46.0,WiFi
4213,2024-07-24 02:54:00,SENSOR_055,Humedad,Cali,Sur,46.14,%,Normal,52.71,23.0,LoRaWAN
4214,2024-09-01 12:49:00,SENSOR_085,Humedad,Cartagena,Norte,92.78,%,Critico,,74.0,WiFi
4215,2024-08-10 15:49:00,SENSOR_073,PM2.5,Bucaramanga,Oriente,59.4,µg/m3,Alerta,96.78,43.0,LoRaWAN
4216,2024-10-20 08:13:00,SENSOR_086,CO2,Cartagena,Oriente,617.54,ppm,Normal,,75.0,LoRaWAN
4217,2024-10-03 22:26:00,SENSOR_058,Ruido,Medellin,Oriente,71.71,dB,Alerta,94.83,33.0,LoRaWAN
4218,2024-12-29 10:27:00,SENSOR_041,Humedad,Bogota,Sur,36.18,%,Alerta,85.12,21.0,LoRaWAN
4219,2024-04-13 16:25:00,SENSOR_017,PM2.5,Barranquilla,Sur,32.08,µg/m3,Normal,18.14,30.0,LoRaWAN
4220,2024-06-18 03:43:00,SENSOR_028,Temperatura,Bogota,Oriente,20.15,°C,Normal,88.57,59.0,Ethernet
4221,2024-12-20 07:18:00,SENSOR_006,Temperatura,Bucaramanga,Centro,23.18,°C,Normal,36.4,34.0,WiFi
4222,2024-09-26 11:29:00,SENSOR_064,Humedad,Cartagena,Oriente,33.9,%,Alerta,16.16,86.0,Ethernet
4223,2024-01-08 14:51:00,SENSOR_024,Humedad,Bucaramanga,Sur,86.55,%,Alerta,33.72,88.0,LoRaWAN
4224,2024-10-01 00:47:00,SENSOR_095,Ruido,Cartagena,Norte,53.27,dB,Normal,52.2,86.0,WiFi
4225,2024-09-16 22:36:00,SENSOR_083,Temperatura,Barranquilla,Oriente,34.37,°C,Critico,55.22,55.0,WiFi
4226,2024-02-14 00:23:00,SENSOR_020,CO2,Barranquilla,Oriente,1203.57,ppm,Critico,34.15,97.0,4G
4227,2024-10-22 15:36:00,SENSOR_050,CO2,Bucaramanga,Centro,1433.67,ppm,Critico,74.79,88.0,WiFi
4228,2024-10-23 10:53:00,SENSOR_009,Ruido,Cartagena,Norte,76.9,dB,Alerta,47.31,73.0,Ethernet
4229,2024-07-31 09:33:00,SENSOR_048,Ruido,Barranquilla,Norte,79.95,dB,Alerta,65.23,86.0,WiFi
4230,2024-08-19 07:17:00,SENSOR_054,CO2,Bucaramanga,Sur,620.43,ppm,Normal,64.65,65.0,LoRaWAN
4231,2024-11-15 01:51:00,SENSOR_077,Ruido,Bucaramanga,Centro,81.75,dB,Alerta,46.99,59.0,LoRaWAN
4232,2024-09-02 16:19:00,SENSOR_027,Temperatura,Bogota,Centro,12.6,°C,Normal,14.91,64.0,4G
4233,2024-03-19 23:10:00,SENSOR_082,PM2.5,Medellin,Occidente,56.5,µg/m3,Alerta,9.97,100.0,4G
4234,2024-08-25 18:16:00,SENSOR_014,CO2,Bucaramanga,Oriente,832.83,ppm,Alerta,92.69,39.0,LoRaWAN
4235,2024-06-06 07:20:00,SENSOR_057,PM2.5,Cali,Norte,94.94,µg/m3,Critico,,55.0,WiFi
4236,2024-01-03 13:39:00,SENSOR_054,Ruido,Cali,Occidente,45.53,dB,Normal,72.84,33.0,LoRaWAN
4237,2024-12-01 22:17:00,SENSOR_054,Ruido,Bogota,Occidente,50.07,dB,Normal,8.19,40.0,WiFi
4238,2024-09-06 09:07:00,SENSOR_050,Humedad,Barranquilla,Occidente,33.85,%,Alerta,45.14,70.0,Ethernet
4239,2024-03-23 15:48:00,SENSOR_087,PM2.5,Barranquilla,Sur,36.34,µg/m3,Alerta,25.65,53.0,WiFi
4240,2024-03-16 08:30:00,SENSOR_096,Humedad,Bogota,Centro,,%,Sin_Dato,51.71,58.0,WiFi
4241,2024-10-26 22:51:00,SENSOR_019,Temperatura,Medellin,Norte,13.0,°C,Normal,49.29,68.0,Ethernet
4242,2024-05-10 05:19:00,SENSOR_074,CO2,Bucaramanga,Centro,830.47,ppm,Alerta,30.71,54.0,4G
4243,2024-05-10 16:54:00,SENSOR_005,CO2,Bucaramanga,Centro,1485.04,ppm,Critico,48.27,38.0,Ethernet
4244,2024-07-03 19:26:00,SENSOR_080,PM2.5,Cartagena,Sur,89.4,µg/m3,Critico,32.84,70.0,WiFi
4245,2024-02-29 17:46:00,SENSOR_063,PM2.5,Bucaramanga,Oriente,29.54,µg/m3,Normal,88.15,33.0,WiFi
4246,2024-05-30 10:49:00,SENSOR_005,Humedad,Barranquilla,Sur,67.73,%,Normal,55.31,41.0,4G
4247,2024-06-02 04:33:00,SENSOR_060,Temperatura,Bucaramanga,Sur,29.89,°C,Alerta,42.77,43.0,LoRaWAN
4248,2024-07-21 21:53:00,SENSOR_071,Ruido,Barranquilla,Occidente,61.63,dB,Normal,15.42,41.0,Ethernet
4249,2024-03-17 08:02:00,SENSOR_051,CO2,Barranquilla,Sur,494.7,ppm,Normal,23.66,80.0,WiFi
4250,2024-04-06 07:40:00,SENSOR_016,Temperatura,Cali,Oriente,25.32,°C,Normal,8.31,68.0,WiFi
4251,2024-02-06 17:47:00,SENSOR_020,CO2,Cartagena,Oriente,423.82,ppm,Normal,76.97,82.0,Ethernet
4252,2024-01-25 02:49:00,SENSOR_022,Ruido,Cartagena,Oriente,37.14,dB,Normal,,41.0,4G
4253,2024-11-24 11:36:00,SENSOR_024,CO2,Cali,Oriente,1773.24,ppm,Critico,5.91,65.0,WiFi
4254,2024-03-02 21:57:00,SENSOR_075,Ruido,Cartagena,Centro,60.54,dB,Normal,86.84,82.0,WiFi
4255,2024-03-25 00:02:00,SENSOR_010,CO2,Bucaramanga,Occidente,821.46,ppm,Alerta,69.75,94.0,WiFi
4256,2024-10-22 05:14:00,SENSOR_077,Humedad,Cali,Norte,85.13,%,Alerta,38.07,29.0,Ethernet
4257,2024-08-28 13:16:00,SENSOR_062,Ruido,Bucaramanga,Centro,79.18,dB,Alerta,68.64,66.0,4G
4258,2024-11-13 11:36:00,SENSOR_056,PM2.5,Bogota,Oriente,32.01,µg/m3,Normal,9.53,44.0,Ethernet
4259,2024-06-07 20:17:00,SENSOR_051,CO2,Barranquilla,Centro,1164.45,ppm,Alerta,44.39,86.0,WiFi
4260,2024-01-17 02:45:00,SENSOR_062,Ruido,Cartagena,Sur,38.31,dB,Normal,82.1,66.0,WiFi
4261,2024-05-26 21:11:00,SENSOR_089,CO2,Bucaramanga,Centro,308.59,ppm,Normal,8.39,77.0,WiFi
4262,2024-07-11 20:50:00,SENSOR_019,Humedad,Barranquilla,Centro,48.76,%,Normal,52.39,94.0,4G
4263,2024-04-14 18:29:00,SENSOR_088,PM2.5,Bucaramanga,Occidente,70.62,µg/m3,Alerta,52.38,36.0,4G
4264,2024-06-28 12:43:00,SENSOR_051,PM2.5,Barranquilla,Occidente,91.48,µg/m3,Critico,,85.0,WiFi
4265,2024-09-08 16:13:00,SENSOR_079,Ruido,Cartagena,Centro,78.21,dB,Alerta,,23.0,WiFi
4266,2024-07-10 08:17:00,SENSOR_003,Humedad,Cartagena,Norte,41.5,%,Normal,30.53,36.0,4G
4267,2024-12-18 08:50:00,SENSOR_047,Humedad,Cartagena,Sur,45.12,%,Normal,71.86,42.0,4G
4268,2024-04-17 13:18:00,SENSOR_014,Humedad,Cali,Sur,33.26,%,Alerta,63.76,43.0,Ethernet
4269,2024-07-03 16:01:00,SENSOR_047,Ruido,Bogota,Centro,80.65,dB,Alerta,11.51,,Ethernet
4270,2024-05-06 07:57:00,SENSOR_100,CO2,Cali,Occidente,637.11,ppm,Normal,45.48,63.0,Ethernet
4271,2024-08-23 17:11:00,SENSOR_020,Ruido,Barranquilla,Occidente,54.81,dB,Normal,11.24,85.0,WiFi
4272,2024-06-03 12:24:00,SENSOR_018,Ruido,Barranquilla,Centro,82.89,dB,Alerta,72.43,71.0,LoRaWAN
4273,2024-09-22 17:53:00,SENSOR_007,Ruido,Bucaramanga,Norte,78.19,dB,Alerta,99.71,68.0,Ethernet
4274,2024-11-02 05:06:00,SENSOR_084,PM2.5,Cali,Sur,91.51,µg/m3,Critico,96.0,72.0,Ethernet
4275,2024-10-22 14:53:00,SENSOR_008,Humedad,Barranquilla,Norte,47.86,%,Normal,72.38,64.0,WiFi
4276,2024-07-29 16:10:00,SENSOR_031,CO2,Bucaramanga,Centro,1319.8,ppm,Critico,33.19,73.0,4G
4277,2024-11-08 23:44:00,SENSOR_026,Ruido,Bogota,Oriente,52.65,dB,Normal,19.05,43.0,LoRaWAN
4278,2024-04-05 12:42:00,SENSOR_083,Ruido,Bogota,Occidente,68.36,dB,Normal,88.02,23.0,4G
4279,2024-07-06 09:55:00,SENSOR_057,Ruido,Medellin,Centro,37.03,dB,Normal,93.17,91.0,LoRaWAN
4280,2024-01-11 17:37:00,SENSOR_065,Humedad,Barranquilla,Norte,36.57,%,Alerta,24.69,31.0,4G
4281,2024-08-19 10:25:00,SENSOR_084,CO2,Bucaramanga,Norte,398.16,ppm,Normal,12.4,100.0,WiFi
4282,2024-10-04 05:30:00,SENSOR_030,CO2,Medellin,Sur,427.67,ppm,Normal,29.74,51.0,4G
4283,2024-08-23 16:08:00,SENSOR_039,Ruido,Bogota,Oriente,97.65,dB,Critico,18.98,89.0,4G
4284,2024-07-04 11:19:00,SENSOR_044,Humedad,Cartagena,Centro,90.53,%,Critico,16.26,93.0,WiFi
4285,2024-03-03 02:20:00,SENSOR_055,CO2,Barranquilla,Norte,1195.38,ppm,Alerta,92.43,73.0,LoRaWAN
4286,2024-03-13 16:21:00,SENSOR_026,Ruido,Medellin,Occidente,49.5,dB,Normal,32.62,75.0,WiFi
4287,2024-11-08 15:22:00,SENSOR_002,Humedad,Cali,Sur,74.33,%,Normal,68.48,50.0,Ethernet
4288,2024-12-07 23:12:00,SENSOR_011,CO2,Medellin,Oriente,926.41,ppm,Alerta,86.17,29.0,4G
4289,2024-03-19 15:44:00,SENSOR_059,CO2,Cartagena,Occidente,1294.57,ppm,Critico,78.11,96.0,Ethernet
4290,2024-11-20 23:44:00,SENSOR_019,Temperatura,Bogota,Sur,14.24,°C,Normal,63.51,68.0,Ethernet
4291,2024-11-25 07:54:00,SENSOR_041,Ruido,Barranquilla,Occidente,66.94,dB,Normal,89.42,97.0,4G
4292,2024-09-21 18:45:00,SENSOR_045,Ruido,Medellin,Centro,56.2,dB,Normal,,33.0,Ethernet
4293,2024-03-22 16:44:00,SENSOR_038,PM2.5,Barranquilla,Norte,108.8,µg/m3,Critico,26.54,36.0,Ethernet
4294,2024-12-13 04:05:00,SENSOR_044,Ruido,Cali,Sur,73.28,dB,Alerta,32.96,65.0,WiFi
4295,2024-09-13 18:43:00,SENSOR_051,Temperatura,Medellin,Oriente,18.25,°C,Normal,53.17,44.0,WiFi
4296,2024-06-02 00:10:00,SENSOR_020,Ruido,Cartagena,Occidente,49.05,dB,Normal,34.32,88.0,LoRaWAN
4297,2024-03-19 16:40:00,SENSOR_078,Ruido,Bucaramanga,Oriente,58.53,dB,Normal,71.84,38.0,4G
4298,2024-08-31 06:53:00,SENSOR_092,Humedad,Barranquilla,Sur,56.45,%,Normal,21.78,29.0,Ethernet
4299,2024-03-25 09:03:00,SENSOR_056,CO2,Cali,Norte,799.26,ppm,Normal,62.52,26.0,Ethernet
4300,2024-09-02 07:30:00,SENSOR_065,PM2.5,Barranquilla,Norte,52.5,µg/m3,Alerta,10.81,79.0,4G
4301,2024-08-30 20:46:00,SENSOR_042,Temperatura,Barranquilla,Sur,15.11,°C,Normal,63.54,30.0,LoRaWAN
4302,2024-03-27 10:39:00,SENSOR_034,CO2,Medellin,Centro,1383.32,ppm,Critico,8.15,69.0,4G
4303,2024-08-14 16:02:00,SENSOR_019,Ruido,Cartagena,Sur,55.1,dB,Normal,40.16,82.0,Ethernet
4304,2024-01-15 08:52:00,SENSOR_026,Ruido,Cali,Sur,95.7,dB,Critico,26.99,76.0,Ethernet
4305,2024-08-21 08:38:00,SENSOR_010,PM2.5,Barranquilla,Centro,,µg/m3,Sin_Dato,38.6,32.0,LoRaWAN
4306,2024-01-17 19:56:00,SENSOR_063,CO2,Medellin,Norte,912.21,ppm,Alerta,8.97,28.0,Ethernet
4307,2024-02-06 07:34:00,SENSOR_066,Humedad,Medellin,Occidente,68.19,%,Normal,13.36,99.0,WiFi
4308,2024-01-04 04:25:00,SENSOR_023,Temperatura,Cartagena,Sur,28.4,°C,Alerta,29.39,77.0,4G
4309,2024-02-09 21:56:00,SENSOR_091,CO2,Cali,Sur,1022.38,ppm,Alerta,63.71,83.0,LoRaWAN
4310,2024-12-15 14:09:00,SENSOR_090,Ruido,Cali,Sur,53.41,dB,Normal,41.31,51.0,LoRaWAN
4311,2024-10-28 17:46:00,SENSOR_044,Temperatura,Bogota,Occidente,17.27,°C,Normal,10.04,31.0,4G
4312,2024-01-30 23:01:00,SENSOR_016,Ruido,Bucaramanga,Centro,86.34,dB,Critico,75.24,25.0,4G
4313,2024-09-23 14:45:00,SENSOR_082,Humedad,Barranquilla,Occidente,48.89,%,Normal,96.69,100.0,4G
4314,2024-05-28 11:14:00,SENSOR_037,Temperatura,Barranquilla,Norte,27.59,°C,Normal,48.12,39.0,WiFi
4315,2024-04-26 05:15:00,SENSOR_012,Ruido,Bucaramanga,Centro,71.98,dB,Alerta,11.37,79.0,WiFi
4316,2024-03-02 20:42:00,SENSOR_085,Temperatura,Bogota,Occidente,31.75,°C,Alerta,57.93,93.0,Ethernet
4317,2024-01-05 13:34:00,SENSOR_099,CO2,Barranquilla,Norte,1624.13,ppm,Critico,38.98,28.0,WiFi
4318,2024-05-17 19:28:00,SENSOR_045,Humedad,Cali,Oriente,46.19,%,Normal,71.63,22.0,4G
4319,2024-06-17 14:29:00,SENSOR_065,PM2.5,Barranquilla,Sur,30.93,µg/m3,Normal,37.78,61.0,WiFi
4320,2024-02-02 07:48:00,SENSOR_077,Humedad,Barranquilla,Centro,53.74,%,Normal,54.51,50.0,LoRaWAN
4321,2024-06-20 12:38:00,SENSOR_074,Temperatura,Barranquilla,Centro,27.95,°C,Normal,25.24,76.0,Ethernet
4322,2024-08-20 23:43:00,SENSOR_028,Temperatura,Cali,Occidente,27.31,°C,Normal,42.16,41.0,4G
4323,2024-09-20 17:47:00,SENSOR_071,Humedad,Cali,Sur,,%,Sin_Dato,,66.0,LoRaWAN
4324,2024-08-08 10:42:00,SENSOR_100,CO2,Cali,Occidente,511.81,ppm,Normal,10.41,90.0,Ethernet
4325,2024-01-11 03:18:00,SENSOR_025,Humedad,Barranquilla,Norte,72.36,%,Normal,63.46,64.0,LoRaWAN
4326,2024-06-24 13:34:00,SENSOR_074,Humedad,Bogota,Centro,74.92,%,Normal,9.96,36.0,WiFi
4327,2024-02-09 21:31:00,SENSOR_020,Humedad,Cartagena,Oriente,83.14,%,Alerta,99.39,34.0,4G
4328,2024-11-10 01:50:00,SENSOR_028,Temperatura,Bucaramanga,Centro,25.18,°C,Normal,93.53,46.0,WiFi
4329,2024-05-11 13:39:00,SENSOR_021,Ruido,Cali,Centro,63.4,dB,Normal,63.06,41.0,Ethernet
4330,2024-07-27 00:28:00,SENSOR_054,Humedad,Medellin,Centro,53.69,%,Normal,38.02,99.0,LoRaWAN
4331,2024-10-16 17:10:00,SENSOR_045,Temperatura,Bucaramanga,Norte,14.28,°C,Normal,35.99,94.0,LoRaWAN
4332,2024-08-04 06:16:00,SENSOR_010,CO2,Cali,Oriente,1441.51,ppm,Critico,23.62,91.0,4G
4333,2024-09-11 00:36:00,SENSOR_054,CO2,Cali,Occidente,1664.62,ppm,Critico,46.51,61.0,Ethernet
4334,2024-12-19 23:13:00,SENSOR_093,Temperatura,Bogota,Sur,31.54,°C,Alerta,9.96,94.0,Ethernet
4335,2024-07-22 22:14:00,SENSOR_044,CO2,Bogota,Centro,307.87,ppm,Normal,87.98,72.0,Ethernet
4336,2024-01-03 00:32:00,SENSOR_040,CO2,Medellin,Oriente,1215.53,ppm,Critico,9.41,26.0,LoRaWAN
4337,2024-10-16 09:34:00,SENSOR_053,Humedad,Bogota,Oriente,80.84,%,Alerta,52.93,57.0,WiFi
4338,2024-10-31 00:51:00,SENSOR_019,Temperatura,Bucaramanga,Sur,25.74,°C,Normal,65.74,62.0,4G
4339,2024-03-21 00:42:00,SENSOR_024,Temperatura,Medellin,Occidente,30.43,°C,Alerta,30.22,37.0,Ethernet
4340,2024-10-02 06:36:00,SENSOR_032,CO2,Cali,Centro,695.33,ppm,Normal,64.85,32.0,4G
4341,2024-08-27 10:18:00,SENSOR_036,PM2.5,Cali,Occidente,118.26,µg/m3,Critico,90.27,49.0,LoRaWAN
4342,2024-12-30 06:01:00,SENSOR_085,PM2.5,Cali,Occidente,74.34,µg/m3,Alerta,76.47,64.0,4G
4343,2024-09-10 12:50:00,SENSOR_098,CO2,Barranquilla,Occidente,1125.19,ppm,Alerta,69.56,20.0,WiFi
4344,2024-02-17 20:56:00,SENSOR_071,CO2,Bogota,Oriente,986.27,ppm,Alerta,16.64,97.0,Ethernet
4345,2024-06-22 21:37:00,SENSOR_027,PM2.5,Bucaramanga,Centro,87.57,µg/m3,Critico,10.11,56.0,LoRaWAN
4346,2024-10-10 15:09:00,SENSOR_082,Ruido,Bogota,Occidente,97.54,dB,Critico,85.46,82.0,LoRaWAN
4347,2024-05-31 09:57:00,SENSOR_034,CO2,Barranquilla,Sur,708.83,ppm,Normal,73.03,85.0,LoRaWAN
4348,2024-03-06 09:26:00,SENSOR_066,Ruido,Medellin,Occidente,72.07,dB,Alerta,56.98,62.0,WiFi
4349,2024-09-28 19:16:00,SENSOR_040,Temperatura,Bogota,Sur,24.34,°C,Normal,84.32,20.0,Ethernet
4350,2024-10-03 00:47:00,SENSOR_085,Temperatura,Bogota,Oriente,20.59,°C,Normal,25.07,32.0,4G
4351,2024-07-10 04:28:00,SENSOR_072,PM2.5,Medellin,Oriente,94.28,µg/m3,Critico,83.83,40.0,Ethernet
4352,2024-12-03 03:53:00,SENSOR_095,PM2.5,Bogota,Oriente,20.11,µg/m3,Normal,61.91,67.0,Ethernet
4353,2024-07-02 09:00:00,SENSOR_077,Temperatura,Bogota,Oriente,26.13,°C,Normal,16.82,,4G
4354,2024-09-14 20:39:00,SENSOR_010,Temperatura,Barranquilla,Norte,29.07,°C,Alerta,99.31,69.0,WiFi
4355,2024-08-31 10:48:00,SENSOR_100,CO2,Bucaramanga,Norte,1621.22,ppm,Critico,93.09,45.0,4G
4356,2024-12-13 02:09:00,SENSOR_046,CO2,Cartagena,Occidente,427.53,ppm,Normal,74.87,87.0,Ethernet
4357,2024-01-02 23:30:00,SENSOR_015,Temperatura,Cartagena,Occidente,26.56,°C,Normal,69.67,49.0,4G
4358,2024-12-10 14:41:00,SENSOR_079,Humedad,Cali,Norte,47.29,%,Normal,12.75,21.0,Ethernet
4359,2024-03-12 13:39:00,SENSOR_019,Ruido,Bucaramanga,Occidente,62.06,dB,Normal,53.44,98.0,WiFi
4360,2024-02-19 22:43:00,SENSOR_025,Humedad,Barranquilla,Norte,83.98,%,Alerta,22.2,56.0,LoRaWAN
4361,2024-06-23 04:43:00,SENSOR_041,Ruido,Bogota,Occidente,91.99,dB,Critico,44.46,65.0,Ethernet
4362,2024-03-22 03:01:00,SENSOR_098,Humedad,Bogota,Sur,52.15,%,Normal,6.62,100.0,4G
4363,2024-08-02 13:29:00,SENSOR_022,Temperatura,Medellin,Sur,27.66,°C,Normal,79.21,48.0,WiFi
4364,2024-06-22 17:06:00,SENSOR_064,Humedad,Bucaramanga,Sur,44.57,%,Normal,10.63,80.0,4G
4365,2024-08-29 19:45:00,SENSOR_091,Ruido,Barranquilla,Centro,50.99,dB,Normal,15.95,40.0,4G
4366,2024-02-04 03:14:00,SENSOR_011,Humedad,Barranquilla,Sur,90.28,%,Critico,44.75,56.0,Ethernet
4367,2024-05-07 22:19:00,SENSOR_011,Ruido,Bogota,Oriente,,dB,Sin_Dato,20.59,33.0,4G
4368,2024-07-14 00:38:00,SENSOR_002,Ruido,Bucaramanga,Oriente,76.39,dB,Alerta,82.63,93.0,4G
4369,2024-03-25 15:59:00,SENSOR_097,CO2,Barranquilla,Norte,1580.52,ppm,Critico,30.73,68.0,LoRaWAN
4370,2024-01-20 16:52:00,SENSOR_076,Temperatura,Medellin,Occidente,23.17,°C,Normal,60.62,65.0,LoRaWAN
4371,2024-07-21 10:30:00,SENSOR_095,Humedad,Cartagena,Oriente,60.3,%,Normal,90.43,82.0,LoRaWAN
4372,2024-08-11 06:49:00,SENSOR_017,Ruido,Barranquilla,Centro,61.78,dB,Normal,60.75,69.0,LoRaWAN
4373,2024-03-14 11:12:00,SENSOR_037,CO2,Cali,Sur,1501.45,ppm,Critico,54.1,60.0,4G
4374,2024-08-18 21:16:00,SENSOR_018,PM2.5,Barranquilla,Occidente,96.68,µg/m3,Critico,35.21,,4G
4375,2024-01-19 02:56:00,SENSOR_033,Ruido,Medellin,Centro,54.09,dB,Normal,94.22,75.0,Ethernet
4376,2024-09-04 18:00:00,SENSOR_034,PM2.5,Cartagena,Norte,60.76,µg/m3,Alerta,17.59,76.0,WiFi
4377,2024-09-20 15:16:00,SENSOR_033,CO2,Medellin,Norte,1793.3,ppm,Critico,98.89,,4G
4378,2024-06-02 07:52:00,SENSOR_036,CO2,Bogota,Norte,570.64,ppm,Normal,86.27,25.0,Ethernet
4379,2024-08-04 15:34:00,SENSOR_009,CO2,Cartagena,Oriente,1016.26,ppm,Alerta,9.94,40.0,4G
4380,2024-12-22 11:38:00,SENSOR_059,CO2,Medellin,Norte,1788.35,ppm,Critico,92.03,78.0,LoRaWAN
4381,2024-09-16 12:09:00,SENSOR_088,Ruido,Cartagena,Norte,45.34,dB,Normal,62.34,67.0,WiFi
4382,2024-02-14 08:57:00,SENSOR_072,PM2.5,Cartagena,Sur,84.24,µg/m3,Critico,72.45,35.0,WiFi
4383,2024-07-15 19:17:00,SENSOR_024,Ruido,Cartagena,Centro,81.2,dB,Alerta,17.82,72.0,LoRaWAN
4384,2024-05-18 03:14:00,SENSOR_026,CO2,Barranquilla,Occidente,1516.13,ppm,Critico,31.96,32.0,Ethernet
4385,2024-04-02 22:17:00,SENSOR_081,Temperatura,Bogota,Sur,31.79,°C,Alerta,25.49,55.0,4G
4386,2024-01-24 06:06:00,SENSOR_004,Ruido,Cartagena,Centro,59.45,dB,Normal,32.87,86.0,Ethernet
4387,2024-05-04 07:19:00,SENSOR_040,PM2.5,Cali,Oriente,70.88,µg/m3,Alerta,,37.0,WiFi
4388,2024-05-01 14:49:00,SENSOR_047,PM2.5,Bucaramanga,Occidente,54.64,µg/m3,Alerta,12.42,34.0,4G
4389,2024-12-08 19:06:00,SENSOR_098,CO2,Medellin,Sur,839.93,ppm,Alerta,46.86,100.0,WiFi
4390,2024-09-15 23:39:00,SENSOR_019,Temperatura,Cartagena,Norte,29.36,°C,Alerta,53.14,74.0,Ethernet
4391,2024-09-17 21:20:00,SENSOR_008,Temperatura,Bogota,Occidente,16.9,°C,Normal,76.39,69.0,WiFi
4392,2024-03-26 07:04:00,SENSOR_086,Temperatura,Medellin,Norte,18.49,°C,Normal,13.75,22.0,4G
4393,2024-10-08 00:42:00,SENSOR_053,Ruido,Cartagena,Sur,50.55,dB,Normal,98.65,50.0,LoRaWAN
4394,2024-11-24 10:17:00,SENSOR_082,CO2,Bogota,Occidente,849.15,ppm,Alerta,41.9,42.0,WiFi
4395,2024-05-06 17:30:00,SENSOR_076,Humedad,Bogota,Occidente,42.59,%,Normal,97.35,34.0,WiFi
4396,2024-04-11 11:15:00,SENSOR_077,Temperatura,Barranquilla,Occidente,15.14,°C,Normal,13.21,39.0,4G
4397,2024-11-16 21:06:00,SENSOR_004,Ruido,Cali,Centro,78.77,dB,Alerta,93.6,40.0,4G
4398,2024-04-26 07:26:00,SENSOR_042,CO2,Cali,Oriente,1433.16,ppm,Critico,51.96,29.0,Ethernet
4399,2024-03-08 04:03:00,SENSOR_039,PM2.5,Cali,Sur,11.16,µg/m3,Normal,26.4,56.0,4G
4400,2024-05-28 13:34:00,SENSOR_057,Ruido,Medellin,Sur,91.35,dB,Critico,16.94,81.0,Ethernet
4401,2024-02-23 19:04:00,SENSOR_064,PM2.5,Cali,Oriente,,µg/m3,Sin_Dato,99.53,41.0,4G
4402,2024-08-02 06:18:00,SENSOR_093,CO2,Medellin,Centro,940.16,ppm,Alerta,19.0,77.0,WiFi
4403,2024-09-30 09:18:00,SENSOR_035,Temperatura,Medellin,Oriente,33.57,°C,Critico,42.83,44.0,LoRaWAN
4404,2024-12-19 18:17:00,SENSOR_029,Ruido,Bogota,Centro,57.62,dB,Normal,27.28,97.0,LoRaWAN
4405,2024-05-14 19:21:00,SENSOR_012,CO2,Bogota,Sur,682.6,ppm,Normal,7.18,47.0,Ethernet
4406,2024-02-14 06:39:00,SENSOR_091,PM2.5,Cartagena,Oriente,,µg/m3,Sin_Dato,27.89,67.0,LoRaWAN
4407,2024-06-12 09:45:00,SENSOR_055,CO2,Cali,Sur,972.5,ppm,Alerta,47.65,81.0,LoRaWAN
4408,2024-04-06 20:05:00,SENSOR_045,Humedad,Barranquilla,Sur,72.12,%,Normal,78.02,69.0,4G
4409,2024-12-13 15:45:00,SENSOR_042,CO2,Bucaramanga,Occidente,1042.12,ppm,Alerta,36.14,77.0,Ethernet
4410,2024-12-16 09:43:00,SENSOR_024,Temperatura,Cali,Norte,12.67,°C,Normal,56.62,76.0,LoRaWAN
4411,2024-09-28 16:57:00,SENSOR_014,Humedad,Bogota,Occidente,85.66,%,Alerta,44.21,92.0,4G
4412,2024-12-03 23:47:00,SENSOR_044,Ruido,Medellin,Norte,36.32,dB,Normal,,99.0,LoRaWAN
4413,2024-10-07 19:44:00,SENSOR_025,PM2.5,Cali,Centro,45.35,µg/m3,Alerta,24.37,92.0,4G
4414,2024-09-30 23:48:00,SENSOR_010,Temperatura,Medellin,Centro,30.17,°C,Alerta,96.69,81.0,4G
4415,2024-07-29 10:10:00,SENSOR_010,Humedad,Barranquilla,Centro,51.33,%,Normal,41.82,48.0,4G
4416,2024-07-12 19:37:00,SENSOR_006,Ruido,Bogota,Centro,47.32,dB,Normal,28.6,23.0,Ethernet
4417,2024-03-14 19:04:00,SENSOR_068,Ruido,Cali,Oriente,70.87,dB,Alerta,71.31,33.0,Ethernet
4418,2024-04-14 06:24:00,SENSOR_058,Humedad,Cali,Occidente,56.9,%,Normal,9.1,97.0,Ethernet
4419,2024-12-08 17:10:00,SENSOR_038,PM2.5,Bogota,Centro,11.33,µg/m3,Normal,17.57,70.0,Ethernet
4420,2024-02-21 22:52:00,SENSOR_070,Temperatura,Bogota,Oriente,,°C,Sin_Dato,79.71,25.0,WiFi
4421,2024-12-29 19:37:00,SENSOR_008,Temperatura,Bogota,Centro,28.76,°C,Alerta,16.09,91.0,4G
4422,2024-01-31 11:09:00,SENSOR_041,Temperatura,Bogota,Centro,30.81,°C,Alerta,89.85,68.0,4G
4423,2024-07-14 14:16:00,SENSOR_093,Temperatura,Cartagena,Centro,32.9,°C,Critico,54.23,28.0,WiFi
4424,2024-03-21 00:21:00,SENSOR_037,Temperatura,Cartagena,Sur,30.08,°C,Alerta,45.43,91.0,4G
4425,2024-04-20 13:03:00,SENSOR_047,Ruido,Bogota,Occidente,43.78,dB,Normal,61.06,100.0,Ethernet
4426,2024-03-29 12:06:00,SENSOR_056,Temperatura,Bucaramanga,Norte,31.86,°C,Alerta,,61.0,LoRaWAN
4427,2024-08-07 11:44:00,SENSOR_077,CO2,Bucaramanga,Sur,,ppm,Sin_Dato,31.16,30.0,4G
4428,2024-08-25 02:15:00,SENSOR_034,Temperatura,Barranquilla,Occidente,21.67,°C,Normal,84.53,41.0,LoRaWAN
4429,2024-04-13 03:31:00,SENSOR_033,Ruido,Barranquilla,Norte,97.72,dB,Critico,15.96,61.0,LoRaWAN
4430,2024-11-18 07:33:00,SENSOR_064,Humedad,Bogota,Norte,,%,Sin_Dato,,46.0,4G
4431,2024-01-11 10:43:00,SENSOR_031,Ruido,Bogota,Occidente,89.06,dB,Critico,48.91,41.0,4G
4432,2024-12-22 05:19:00,SENSOR_071,Humedad,Bogota,Oriente,32.85,%,Alerta,33.43,24.0,Ethernet
4433,2024-10-30 22:55:00,SENSOR_051,Humedad,Bucaramanga,Oriente,32.06,%,Alerta,80.24,75.0,LoRaWAN
4434,2024-02-21 00:33:00,SENSOR_082,Ruido,Bogota,Sur,61.98,dB,Normal,61.56,61.0,LoRaWAN
4435,2024-08-09 20:44:00,SENSOR_053,Ruido,Cali,Oriente,42.67,dB,Normal,90.52,64.0,4G
4436,2024-07-04 10:37:00,SENSOR_022,PM2.5,Bucaramanga,Occidente,101.87,µg/m3,Critico,85.65,38.0,4G
4437,2024-12-07 02:34:00,SENSOR_099,CO2,Bucaramanga,Oriente,1400.45,ppm,Critico,17.17,96.0,LoRaWAN
4438,2024-11-07 21:52:00,SENSOR_089,CO2,Cali,Sur,583.66,ppm,Normal,73.41,32.0,LoRaWAN
4439,2024-06-19 03:51:00,SENSOR_050,PM2.5,Bucaramanga,Sur,108.4,µg/m3,Critico,99.06,47.0,4G
4440,2024-06-30 04:45:00,SENSOR_040,Humedad,Cali,Norte,57.12,%,Normal,98.66,87.0,Ethernet
4441,2024-09-22 16:07:00,SENSOR_099,CO2,Bucaramanga,Sur,1251.59,ppm,Critico,97.45,98.0,WiFi
4442,2024-03-23 07:32:00,SENSOR_026,Ruido,Medellin,Oriente,74.75,dB,Alerta,68.84,21.0,WiFi
4443,2024-08-14 05:59:00,SENSOR_012,CO2,Bogota,Centro,1092.49,ppm,Alerta,84.58,65.0,4G
4444,2024-07-18 00:43:00,SENSOR_021,Temperatura,Cartagena,Centro,21.57,°C,Normal,43.48,28.0,Ethernet
4445,2024-05-27 02:04:00,SENSOR_077,Temperatura,Bucaramanga,Sur,20.98,°C,Normal,76.55,35.0,LoRaWAN
4446,2024-02-16 20:40:00,SENSOR_005,PM2.5,Barranquilla,Occidente,12.14,µg/m3,Normal,86.22,21.0,WiFi
4447,2024-04-11 07:40:00,SENSOR_059,Humedad,Bucaramanga,Norte,74.03,%,Normal,58.76,72.0,4G
4448,2024-01-07 04:54:00,SENSOR_082,Ruido,Cartagena,Norte,95.73,dB,Critico,81.94,48.0,WiFi
4449,2024-03-04 20:59:00,SENSOR_040,Temperatura,Medellin,Centro,15.72,°C,Normal,87.14,80.0,WiFi
4450,2024-07-20 05:03:00,SENSOR_014,Ruido,Cali,Norte,53.97,dB,Normal,7.92,52.0,Ethernet
4451,2024-03-22 13:38:00,SENSOR_037,Humedad,Medellin,Occidente,77.31,%,Normal,11.01,37.0,LoRaWAN
4452,2024-08-14 04:47:00,SENSOR_007,CO2,Cali,Occidente,689.35,ppm,Normal,60.48,63.0,4G
4453,2024-12-18 16:08:00,SENSOR_021,CO2,Barranquilla,Sur,987.37,ppm,Alerta,94.55,43.0,LoRaWAN
4454,2024-09-04 11:36:00,SENSOR_045,Temperatura,Barranquilla,Sur,33.44,°C,Critico,7.03,95.0,Ethernet
4455,2024-03-27 06:07:00,SENSOR_015,PM2.5,Bucaramanga,Oriente,37.17,µg/m3,Alerta,75.2,64.0,Ethernet
4456,2024-10-03 21:48:00,SENSOR_050,PM2.5,Medellin,Oriente,95.27,µg/m3,Critico,37.15,21.0,WiFi
4457,2024-04-03 02:21:00,SENSOR_084,Humedad,Cali,Sur,85.94,%,Alerta,65.76,46.0,Ethernet
4458,2024-12-20 23:29:00,SENSOR_086,Temperatura,Barranquilla,Norte,18.97,°C,Normal,55.43,24.0,WiFi
4459,2024-06-09 20:12:00,SENSOR_013,Temperatura,Barranquilla,Centro,13.05,°C,Normal,24.59,72.0,4G
4460,2024-08-02 01:44:00,SENSOR_073,Temperatura,Barranquilla,Norte,18.49,°C,Normal,34.59,90.0,Ethernet
4461,2024-02-20 21:52:00,SENSOR_059,CO2,Bogota,Norte,1626.02,ppm,Critico,90.12,94.0,WiFi
4462,2024-02-11 01:45:00,SENSOR_045,Humedad,Cali,Occidente,40.34,%,Normal,25.23,55.0,4G
4463,2024-05-27 03:57:00,SENSOR_016,Humedad,Bucaramanga,Centro,,%,Sin_Dato,18.41,88.0,Ethernet
4464,2024-08-01 13:04:00,SENSOR_020,Ruido,Barranquilla,Oriente,55.44,dB,Normal,46.78,95.0,Ethernet
4465,2024-09-14 13:39:00,SENSOR_005,PM2.5,Bucaramanga,Oriente,83.67,µg/m3,Critico,99.7,70.0,LoRaWAN
4466,2024-07-19 11:03:00,SENSOR_038,CO2,Bogota,Oriente,654.86,ppm,Normal,91.0,68.0,LoRaWAN
4467,2024-08-15 07:40:00,SENSOR_004,Humedad,Medellin,Oriente,32.68,%,Alerta,67.35,,4G
4468,2024-10-24 16:41:00,SENSOR_032,CO2,Medellin,Norte,1124.8,ppm,Alerta,18.74,74.0,LoRaWAN
4469,2024-10-17 12:37:00,SENSOR_012,Ruido,Medellin,Centro,50.63,dB,Normal,95.7,57.0,LoRaWAN
4470,2024-08-21 23:20:00,SENSOR_035,Temperatura,Cali,Norte,,°C,Sin_Dato,79.34,77.0,Ethernet
4471,2024-12-07 10:13:00,SENSOR_038,Ruido,Bogota,Sur,83.64,dB,Alerta,87.44,32.0,Ethernet
4472,2024-06-27 00:41:00,SENSOR_026,Humedad,Medellin,Sur,91.85,%,Critico,46.19,78.0,LoRaWAN
4473,2024-12-03 09:19:00,SENSOR_089,Ruido,Cartagena,Oriente,64.46,dB,Normal,83.59,22.0,Ethernet
4474,2024-10-05 00:17:00,SENSOR_055,Ruido,Bucaramanga,Centro,78.8,dB,Alerta,,38.0,Ethernet
4475,2024-02-29 14:55:00,SENSOR_007,PM2.5,Bucaramanga,Occidente,44.81,µg/m3,Alerta,24.87,52.0,Ethernet
4476,2024-07-16 10:34:00,SENSOR_014,Temperatura,Barranquilla,Sur,16.8,°C,Normal,84.59,75.0,LoRaWAN
4477,2024-06-02 04:08:00,SENSOR_041,Temperatura,Cartagena,Oriente,,°C,Sin_Dato,57.46,20.0,Ethernet
4478,2024-03-17 22:48:00,SENSOR_050,PM2.5,Barranquilla,Norte,19.0,µg/m3,Normal,69.32,38.0,Ethernet
4479,2024-02-29 03:29:00,SENSOR_073,PM2.5,Bogota,Occidente,30.34,µg/m3,Normal,15.05,81.0,4G
4480,2024-03-11 03:23:00,SENSOR_053,Temperatura,Cali,Centro,33.88,°C,Critico,39.39,21.0,WiFi
4481,2024-01-24 06:59:00,SENSOR_067,CO2,Bucaramanga,Oriente,489.21,ppm,Normal,61.72,36.0,4G
4482,2024-05-02 08:58:00,SENSOR_066,Ruido,Bogota,Oriente,83.72,dB,Alerta,51.48,30.0,Ethernet
4483,2024-07-29 21:53:00,SENSOR_073,Humedad,Medellin,Centro,76.36,%,Normal,51.45,43.0,LoRaWAN
4484,2024-09-06 12:53:00,SENSOR_079,Ruido,Medellin,Oriente,39.07,dB,Normal,88.42,74.0,LoRaWAN
4485,2024-03-21 06:46:00,SENSOR_050,Temperatura,Medellin,Occidente,21.72,°C,Normal,28.92,72.0,4G
4486,2024-03-08 17:19:00,SENSOR_095,Temperatura,Medellin,Sur,18.34,°C,Normal,31.91,,Ethernet
4487,2024-08-14 14:00:00,SENSOR_076,Ruido,Bucaramanga,Occidente,54.6,dB,Normal,45.65,52.0,4G
4488,2024-03-24 16:01:00,SENSOR_066,PM2.5,Bucaramanga,Norte,80.85,µg/m3,Critico,17.07,61.0,Ethernet
4489,2024-12-09 00:35:00,SENSOR_036,Temperatura,Bogota,Sur,11.63,°C,Normal,34.48,67.0,WiFi
4490,2024-10-29 18:25:00,SENSOR_042,PM2.5,Barranquilla,Oriente,54.32,µg/m3,Alerta,56.82,57.0,Ethernet
4491,2024-12-24 05:35:00,SENSOR_011,Temperatura,Medellin,Sur,28.61,°C,Alerta,54.27,51.0,LoRaWAN
4492,2024-03-04 13:11:00,SENSOR_004,Ruido,Bucaramanga,Sur,43.8,dB,Normal,97.86,77.0,Ethernet
4493,2024-10-05 11:40:00,SENSOR_047,Temperatura,Bucaramanga,Norte,30.45,°C,Alerta,87.37,49.0,4G
4494,2024-09-30 16:34:00,SENSOR_057,Ruido,Barranquilla,Oriente,90.05,dB,Critico,74.86,91.0,LoRaWAN
4495,2024-05-27 19:12:00,SENSOR_075,Temperatura,Bucaramanga,Centro,34.66,°C,Critico,6.16,55.0,WiFi
4496,2024-06-27 18:36:00,SENSOR_043,Humedad,Barranquilla,Occidente,74.47,%,Normal,51.13,37.0,WiFi
4497,2024-06-02 18:22:00,SENSOR_011,Ruido,Barranquilla,Centro,53.29,dB,Normal,39.17,84.0,LoRaWAN
4498,2024-12-11 19:18:00,SENSOR_066,PM2.5,Cartagena,Oriente,68.15,µg/m3,Alerta,38.22,82.0,LoRaWAN
4499,2024-12-04 18:42:00,SENSOR_090,Temperatura,Cartagena,Oriente,31.84,°C,Alerta,92.15,57.0,Ethernet
4500,2024-02-18 19:32:00,SENSOR_083,Ruido,Cartagena,Centro,94.01,dB,Critico,26.4,65.0,WiFi
4501,2024-01-16 02:39:00,SENSOR_069,Humedad,Barranquilla,Norte,73.59,%,Normal,42.29,89.0,LoRaWAN
4502,2024-04-16 09:17:00,SENSOR_003,Humedad,Bogota,Norte,91.06,%,Critico,65.94,60.0,4G
4503,2024-07-09 10:31:00,SENSOR_013,Humedad,Bogota,Sur,,%,Sin_Dato,43.67,48.0,4G
4504,2024-09-02 14:54:00,SENSOR_023,PM2.5,Cartagena,Sur,55.28,µg/m3,Alerta,99.0,73.0,WiFi
4505,2024-01-23 01:06:00,SENSOR_070,Humedad,Cali,Occidente,68.39,%,Normal,78.41,74.0,Ethernet
4506,2024-10-17 03:05:00,SENSOR_009,Ruido,Medellin,Occidente,59.49,dB,Normal,65.48,62.0,LoRaWAN
4507,2024-08-21 15:32:00,SENSOR_052,Humedad,Bogota,Sur,37.83,%,Alerta,93.78,100.0,4G
4508,2024-08-09 11:45:00,SENSOR_072,PM2.5,Barranquilla,Occidente,46.71,µg/m3,Alerta,11.31,26.0,WiFi
4509,2024-08-29 14:07:00,SENSOR_074,Temperatura,Bogota,Sur,10.74,°C,Normal,14.88,24.0,4G
4510,2024-10-21 12:19:00,SENSOR_092,Humedad,Cali,Norte,76.98,%,Normal,24.43,39.0,LoRaWAN
4511,2024-02-15 14:07:00,SENSOR_038,Temperatura,Barranquilla,Oriente,24.31,°C,Normal,83.51,29.0,Ethernet
4512,2024-12-07 13:16:00,SENSOR_078,Humedad,Barranquilla,Sur,71.72,%,Normal,8.33,37.0,Ethernet
4513,2024-07-13 20:03:00,SENSOR_070,CO2,Medellin,Centro,1654.38,ppm,Critico,98.53,82.0,Ethernet
4514,2024-06-20 19:25:00,SENSOR_011,CO2,Medellin,Norte,1293.66,ppm,Critico,31.07,30.0,Ethernet
4515,2024-08-20 06:41:00,SENSOR_012,Ruido,Cartagena,Oriente,40.97,dB,Normal,9.89,88.0,Ethernet
4516,2024-11-13 09:28:00,SENSOR_021,PM2.5,Medellin,Oriente,91.34,µg/m3,Critico,69.23,35.0,4G
4517,2024-02-17 22:32:00,SENSOR_074,Humedad,Cartagena,Occidente,72.62,%,Normal,13.21,81.0,WiFi
4518,2024-12-22 09:53:00,SENSOR_082,Humedad,Bogota,Centro,58.51,%,Normal,78.61,59.0,LoRaWAN
4519,2024-05-13 06:49:00,SENSOR_057,Humedad,Cartagena,Sur,,%,Sin_Dato,25.84,84.0,WiFi
4520,2024-11-01 20:48:00,SENSOR_037,PM2.5,Bucaramanga,Sur,73.63,µg/m3,Alerta,86.26,58.0,Ethernet
4521,2024-07-16 21:01:00,SENSOR_078,Humedad,Barranquilla,Norte,,%,Sin_Dato,18.42,71.0,Ethernet
4522,2024-01-19 15:58:00,SENSOR_083,Ruido,Barranquilla,Norte,98.06,dB,Critico,51.66,56.0,LoRaWAN
4523,2024-12-18 12:27:00,SENSOR_091,CO2,Barranquilla,Oriente,1169.98,ppm,Alerta,95.57,22.0,WiFi
4524,2024-06-11 00:27:00,SENSOR_017,CO2,Medellin,Norte,855.96,ppm,Alerta,18.12,59.0,4G
4525,2024-09-28 22:32:00,SENSOR_094,CO2,Bogota,Occidente,772.8,ppm,Normal,66.45,32.0,LoRaWAN
4526,2024-04-19 17:31:00,SENSOR_085,Humedad,Bucaramanga,Oriente,72.75,%,Normal,45.7,91.0,4G
4527,2024-02-13 05:53:00,SENSOR_062,Temperatura,Bogota,Centro,17.9,°C,Normal,73.02,74.0,LoRaWAN
4528,2024-03-23 10:24:00,SENSOR_081,Humedad,Bucaramanga,Occidente,84.47,%,Alerta,62.29,48.0,4G
4529,2024-06-27 23:09:00,SENSOR_065,PM2.5,Medellin,Norte,54.4,µg/m3,Alerta,57.41,86.0,4G
4530,2024-09-08 14:00:00,SENSOR_066,Humedad,Bogota,Oriente,76.79,%,Normal,14.74,64.0,4G
4531,2024-04-13 10:30:00,SENSOR_032,Ruido,Cali,Centro,76.27,dB,Alerta,65.02,89.0,Ethernet
4532,2024-06-18 13:14:00,SENSOR_094,Humedad,Barranquilla,Sur,69.24,%,Normal,,52.0,Ethernet
4533,2024-01-23 04:41:00,SENSOR_086,CO2,Medellin,Norte,1663.05,ppm,Critico,73.85,70.0,Ethernet
4534,2024-04-22 02:46:00,SENSOR_093,Ruido,Medellin,Oriente,40.73,dB,Normal,43.4,76.0,Ethernet
4535,2024-11-18 16:28:00,SENSOR_086,PM2.5,Barranquilla,Norte,66.27,µg/m3,Alerta,62.84,93.0,Ethernet
4536,2024-07-11 19:11:00,SENSOR_056,PM2.5,Cartagena,Occidente,8.8,µg/m3,Normal,51.16,74.0,4G
4537,2024-07-05 14:57:00,SENSOR_018,Temperatura,Bucaramanga,Centro,16.04,°C,Normal,57.83,44.0,Ethernet
4538,2024-09-11 23:54:00,SENSOR_014,CO2,Cartagena,Occidente,466.55,ppm,Normal,43.84,47.0,4G
4539,2024-08-07 06:54:00,SENSOR_003,CO2,Bucaramanga,Norte,573.73,ppm,Normal,85.61,64.0,Ethernet
4540,2024-04-17 08:24:00,SENSOR_051,CO2,Barranquilla,Occidente,,ppm,Sin_Dato,57.51,58.0,4G
4541,2024-09-15 10:29:00,SENSOR_068,PM2.5,Bogota,Centro,72.71,µg/m3,Alerta,46.2,92.0,4G
4542,2024-07-13 23:11:00,SENSOR_083,CO2,Cali,Centro,700.92,ppm,Normal,,79.0,4G
4543,2024-09-08 00:46:00,SENSOR_093,CO2,Cartagena,Oriente,1554.52,ppm,Critico,35.55,57.0,Ethernet
4544,2024-03-14 01:24:00,SENSOR_092,Ruido,Bogota,Oriente,72.3,dB,Alerta,48.37,38.0,Ethernet
4545,2024-08-11 21:31:00,SENSOR_049,CO2,Barranquilla,Centro,655.41,ppm,Normal,19.04,,Ethernet
4546,2024-09-21 13:27:00,SENSOR_095,Ruido,Bogota,Oriente,98.94,dB,Critico,77.58,92.0,4G
4547,2024-01-29 04:20:00,SENSOR_041,CO2,Bogota,Sur,1131.13,ppm,Alerta,69.36,75.0,WiFi
4548,2024-04-22 19:50:00,SENSOR_098,CO2,Bogota,Oriente,382.0,ppm,Normal,86.57,30.0,LoRaWAN
4549,2024-09-23 11:24:00,SENSOR_068,Humedad,Cali,Occidente,88.09,%,Alerta,18.65,60.0,LoRaWAN
4550,2024-11-13 13:54:00,SENSOR_044,Humedad,Medellin,Norte,49.74,%,Normal,98.63,30.0,4G
4551,2024-09-29 01:28:00,SENSOR_084,Ruido,Bogota,Oriente,47.94,dB,Normal,27.65,75.0,LoRaWAN
4552,2024-01-31 06:52:00,SENSOR_062,Ruido,Bogota,Sur,81.04,dB,Alerta,,46.0,Ethernet
4553,2024-03-22 12:52:00,SENSOR_084,PM2.5,Bogota,Norte,38.5,µg/m3,Alerta,52.74,78.0,4G
4554,2024-01-19 02:37:00,SENSOR_088,PM2.5,Bucaramanga,Occidente,65.99,µg/m3,Alerta,34.83,86.0,Ethernet
4555,2024-04-08 06:32:00,SENSOR_065,Temperatura,Cartagena,Norte,14.68,°C,Normal,39.26,65.0,WiFi
4556,2024-08-21 07:43:00,SENSOR_050,Humedad,Bogota,Occidente,67.11,%,Normal,43.8,89.0,LoRaWAN
4557,2024-11-02 14:10:00,SENSOR_042,PM2.5,Cali,Occidente,116.93,µg/m3,Critico,6.47,89.0,Ethernet
4558,2024-09-14 04:46:00,SENSOR_040,PM2.5,Bucaramanga,Centro,109.01,µg/m3,Critico,94.5,67.0,LoRaWAN
4559,2024-11-29 00:55:00,SENSOR_040,Temperatura,Cartagena,Oriente,19.51,°C,Normal,86.5,26.0,LoRaWAN
4560,2024-10-12 19:22:00,SENSOR_001,CO2,Cartagena,Sur,1607.41,ppm,Critico,86.61,48.0,LoRaWAN
4561,2024-02-08 07:51:00,SENSOR_054,Ruido,Bucaramanga,Sur,38.59,dB,Normal,39.21,99.0,WiFi
4562,2024-09-19 17:00:00,SENSOR_083,Ruido,Cali,Oriente,69.96,dB,Normal,83.48,51.0,WiFi
4563,2024-08-12 13:22:00,SENSOR_063,Ruido,Cali,Norte,71.85,dB,Alerta,71.97,39.0,WiFi
4564,2024-10-09 05:52:00,SENSOR_003,Temperatura,Cartagena,Centro,20.56,°C,Normal,52.22,59.0,4G
4565,2024-07-01 21:24:00,SENSOR_087,Humedad,Barranquilla,Norte,34.83,%,Alerta,9.67,73.0,4G
4566,2024-06-19 19:07:00,SENSOR_063,PM2.5,Bucaramanga,Norte,30.21,µg/m3,Normal,28.69,88.0,4G
4567,2024-03-12 04:06:00,SENSOR_034,Humedad,Cali,Norte,89.89,%,Alerta,24.69,45.0,4G
4568,2024-11-18 13:32:00,SENSOR_034,CO2,Barranquilla,Norte,905.12,ppm,Alerta,57.48,88.0,WiFi
4569,2024-08-30 23:10:00,SENSOR_071,Temperatura,Bogota,Centro,32.69,°C,Critico,38.22,47.0,WiFi
4570,2024-08-26 13:41:00,SENSOR_061,Temperatura,Cali,Centro,16.74,°C,Normal,98.81,62.0,Ethernet
4571,2024-03-18 13:50:00,SENSOR_072,Ruido,Barranquilla,Centro,97.83,dB,Critico,31.01,33.0,LoRaWAN
4572,2024-03-24 08:18:00,SENSOR_045,CO2,Barranquilla,Centro,909.51,ppm,Alerta,67.49,34.0,Ethernet
4573,2024-03-08 20:50:00,SENSOR_005,CO2,Bogota,Oriente,512.25,ppm,Normal,45.68,57.0,LoRaWAN
4574,2024-08-30 03:23:00,SENSOR_031,Humedad,Barranquilla,Oriente,82.17,%,Alerta,39.25,65.0,WiFi
4575,2024-05-02 19:58:00,SENSOR_085,CO2,Medellin,Sur,1496.29,ppm,Critico,81.2,74.0,4G
4576,2024-05-14 09:13:00,SENSOR_049,PM2.5,Bucaramanga,Sur,75.6,µg/m3,Critico,66.57,69.0,4G
4577,2024-06-19 04:09:00,SENSOR_052,PM2.5,Medellin,Sur,80.81,µg/m3,Critico,24.07,30.0,4G
4578,2024-02-26 05:44:00,SENSOR_087,Ruido,Medellin,Sur,42.1,dB,Normal,5.46,57.0,Ethernet
4579,2024-05-16 15:35:00,SENSOR_039,PM2.5,Cali,Oriente,56.25,µg/m3,Alerta,26.53,34.0,Ethernet
4580,2024-10-03 21:35:00,SENSOR_010,PM2.5,Cartagena,Oriente,24.57,µg/m3,Normal,37.41,54.0,4G
4581,2024-03-28 11:15:00,SENSOR_028,Ruido,Barranquilla,Sur,69.3,dB,Normal,31.02,44.0,Ethernet
4582,2024-04-20 07:20:00,SENSOR_074,Temperatura,Barranquilla,Oriente,18.68,°C,Normal,51.08,27.0,Ethernet
4583,2024-03-31 19:23:00,SENSOR_065,CO2,Medellin,Sur,486.48,ppm,Normal,61.75,60.0,WiFi
4584,2024-04-01 18:41:00,SENSOR_038,Humedad,Bogota,Sur,58.08,%,Normal,28.85,74.0,WiFi
4585,2024-11-24 17:05:00,SENSOR_007,CO2,Barranquilla,Oriente,475.96,ppm,Normal,25.17,64.0,4G
4586,2024-01-15 14:45:00,SENSOR_013,PM2.5,Cali,Oriente,55.07,µg/m3,Alerta,41.06,29.0,LoRaWAN
4587,2024-12-11 04:21:00,SENSOR_030,Ruido,Medellin,Oriente,68.65,dB,Normal,,45.0,LoRaWAN
4588,2024-02-22 05:05:00,SENSOR_081,Temperatura,Bucaramanga,Occidente,,°C,Sin_Dato,,67.0,Ethernet
4589,2024-03-15 08:53:00,SENSOR_085,Temperatura,Cali,Sur,18.96,°C,Normal,86.43,61.0,4G
4590,2024-12-20 03:20:00,SENSOR_028,Temperatura,Bucaramanga,Occidente,21.67,°C,Normal,45.5,86.0,WiFi
4591,2024-07-06 07:37:00,SENSOR_031,Temperatura,Cartagena,Occidente,23.52,°C,Normal,86.47,45.0,WiFi
4592,2024-01-23 21:45:00,SENSOR_059,Ruido,Bogota,Sur,57.13,dB,Normal,67.98,20.0,LoRaWAN
4593,2024-09-17 09:49:00,SENSOR_092,PM2.5,Barranquilla,Centro,63.84,µg/m3,Alerta,50.54,23.0,4G
4594,2024-12-24 23:27:00,SENSOR_082,Humedad,Bucaramanga,Norte,59.7,%,Normal,79.31,74.0,LoRaWAN
4595,2024-02-13 03:28:00,SENSOR_034,Ruido,Medellin,Norte,56.58,dB,Normal,49.11,61.0,4G
4596,2024-04-29 15:26:00,SENSOR_054,CO2,Barranquilla,Sur,378.63,ppm,Normal,77.34,92.0,Ethernet
4597,2024-05-18 05:35:00,SENSOR_099,Temperatura,Cali,Sur,26.46,°C,Normal,60.8,73.0,WiFi
4598,2024-10-03 14:16:00,SENSOR_008,PM2.5,Barranquilla,Centro,86.26,µg/m3,Critico,29.25,,LoRaWAN
4599,2024-03-06 07:52:00,SENSOR_034,Temperatura,Barranquilla,Norte,19.67,°C,Normal,11.54,31.0,4G
4600,2024-11-12 04:21:00,SENSOR_047,Temperatura,Bucaramanga,Sur,34.45,°C,Critico,39.27,42.0,Ethernet
4601,2024-01-30 15:40:00,SENSOR_006,PM2.5,Bucaramanga,Norte,71.15,µg/m3,Alerta,22.99,66.0,Ethernet
4602,2024-05-16 15:00:00,SENSOR_069,CO2,Barranquilla,Occidente,750.92,ppm,Normal,58.42,61.0,WiFi
4603,2024-12-17 09:49:00,SENSOR_036,Humedad,Bucaramanga,Sur,70.47,%,Normal,42.82,40.0,LoRaWAN
4604,2024-11-13 05:21:00,SENSOR_026,Ruido,Cartagena,Norte,62.52,dB,Normal,10.53,20.0,WiFi
4605,2024-05-02 01:55:00,SENSOR_017,Humedad,Barranquilla,Centro,79.41,%,Normal,54.0,46.0,LoRaWAN
4606,2024-05-10 00:27:00,SENSOR_010,PM2.5,Cali,Sur,96.17,µg/m3,Critico,78.67,78.0,LoRaWAN
4607,2024-06-17 06:11:00,SENSOR_080,Humedad,Bucaramanga,Occidente,38.27,%,Alerta,87.42,99.0,4G
4608,2024-09-05 17:51:00,SENSOR_089,Humedad,Medellin,Sur,52.88,%,Normal,69.63,68.0,Ethernet
4609,2024-01-16 11:24:00,SENSOR_056,PM2.5,Cartagena,Occidente,89.51,µg/m3,Critico,76.14,65.0,Ethernet
4610,2024-08-21 15:57:00,SENSOR_054,PM2.5,Bogota,Centro,109.65,µg/m3,Critico,25.27,,4G
4611,2024-03-15 17:03:00,SENSOR_092,PM2.5,Medellin,Norte,46.79,µg/m3,Alerta,86.72,85.0,4G
4612,2024-04-09 07:43:00,SENSOR_025,CO2,Medellin,Occidente,448.08,ppm,Normal,93.87,49.0,4G
4613,2024-10-27 08:15:00,SENSOR_096,Temperatura,Barranquilla,Norte,17.99,°C,Normal,15.11,54.0,LoRaWAN
4614,2024-03-31 18:10:00,SENSOR_080,PM2.5,Bucaramanga,Oriente,61.78,µg/m3,Alerta,8.06,30.0,WiFi
4615,2024-09-14 00:17:00,SENSOR_098,Humedad,Cartagena,Centro,64.89,%,Normal,91.11,70.0,4G
4616,2024-09-02 21:37:00,SENSOR_046,PM2.5,Cali,Oriente,28.88,µg/m3,Normal,83.13,44.0,WiFi
4617,2024-01-26 13:22:00,SENSOR_044,PM2.5,Bucaramanga,Centro,25.24,µg/m3,Normal,14.52,63.0,4G
4618,2024-11-26 15:27:00,SENSOR_072,Ruido,Barranquilla,Oriente,45.51,dB,Normal,88.55,62.0,Ethernet
4619,2024-07-25 22:26:00,SENSOR_003,Humedad,Barranquilla,Occidente,,%,Sin_Dato,63.51,97.0,WiFi
4620,2024-09-28 15:59:00,SENSOR_002,Ruido,Bucaramanga,Occidente,71.98,dB,Alerta,59.29,87.0,WiFi
4621,2024-03-30 19:22:00,SENSOR_081,PM2.5,Cartagena,Sur,109.79,µg/m3,Critico,41.93,30.0,WiFi
4622,2024-01-27 07:11:00,SENSOR_019,CO2,Cali,Centro,1041.66,ppm,Alerta,54.37,47.0,Ethernet
4623,2024-06-02 10:59:00,SENSOR_043,Humedad,Medellin,Norte,32.23,%,Alerta,82.42,72.0,Ethernet
4624,2024-11-11 03:00:00,SENSOR_069,CO2,Cali,Occidente,433.34,ppm,Normal,11.37,71.0,LoRaWAN
4625,2024-03-02 08:01:00,SENSOR_040,CO2,Barranquilla,Occidente,610.12,ppm,Normal,43.24,57.0,4G
4626,2024-02-26 22:09:00,SENSOR_003,Ruido,Cali,Sur,78.1,dB,Alerta,69.63,38.0,Ethernet
4627,2024-08-28 16:32:00,SENSOR_074,PM2.5,Bucaramanga,Centro,67.77,µg/m3,Alerta,36.41,77.0,4G
4628,2024-08-29 13:35:00,SENSOR_067,CO2,Cali,Norte,582.51,ppm,Normal,31.27,32.0,4G
4629,2024-09-08 16:05:00,SENSOR_091,Temperatura,Cartagena,Oriente,26.07,°C,Normal,76.88,33.0,WiFi
4630,2024-07-17 10:54:00,SENSOR_007,PM2.5,Barranquilla,Occidente,41.45,µg/m3,Alerta,33.69,20.0,LoRaWAN
4631,2024-02-13 09:18:00,SENSOR_072,Temperatura,Cali,Centro,26.86,°C,Normal,30.91,96.0,Ethernet
4632,2024-06-08 14:21:00,SENSOR_054,Humedad,Cali,Centro,56.78,%,Normal,35.43,48.0,4G
4633,2024-07-26 19:23:00,SENSOR_044,Ruido,Medellin,Occidente,,dB,Sin_Dato,29.08,30.0,Ethernet
4634,2024-07-25 04:50:00,SENSOR_091,Humedad,Barranquilla,Sur,45.42,%,Normal,71.67,71.0,LoRaWAN
4635,2024-05-15 06:07:00,SENSOR_058,Humedad,Bucaramanga,Occidente,,%,Sin_Dato,66.51,39.0,LoRaWAN
4636,2024-10-06 17:54:00,SENSOR_050,Humedad,Bogota,Sur,64.9,%,Normal,51.38,97.0,Ethernet
4637,2024-01-12 03:30:00,SENSOR_078,CO2,Bucaramanga,Norte,452.27,ppm,Normal,35.22,80.0,LoRaWAN
4638,2024-06-04 06:22:00,SENSOR_031,Temperatura,Bogota,Oriente,31.14,°C,Alerta,27.73,20.0,Ethernet
4639,2024-02-07 10:50:00,SENSOR_040,Ruido,Barranquilla,Norte,94.87,dB,Critico,22.11,79.0,WiFi
4640,2024-12-24 12:19:00,SENSOR_018,CO2,Bogota,Centro,640.75,ppm,Normal,,43.0,LoRaWAN
4641,2024-10-05 17:53:00,SENSOR_074,Ruido,Bucaramanga,Sur,94.55,dB,Critico,92.78,32.0,LoRaWAN
4642,2024-03-07 14:00:00,SENSOR_077,Humedad,Bucaramanga,Occidente,94.15,%,Critico,70.77,72.0,Ethernet
4643,2024-05-23 19:31:00,SENSOR_012,Humedad,Cali,Sur,,%,Sin_Dato,63.41,59.0,WiFi
4644,2024-06-28 16:30:00,SENSOR_010,CO2,Cali,Oriente,1529.73,ppm,Critico,52.13,59.0,Ethernet
4645,2024-05-22 12:59:00,SENSOR_043,CO2,Bogota,Sur,1072.56,ppm,Alerta,25.19,47.0,LoRaWAN
4646,2024-08-21 17:47:00,SENSOR_093,Ruido,Medellin,Occidente,71.93,dB,Alerta,61.63,76.0,Ethernet
4647,2024-08-17 13:59:00,SENSOR_071,CO2,Medellin,Norte,1303.54,ppm,Critico,98.03,20.0,Ethernet
4648,2024-07-29 00:34:00,SENSOR_012,Temperatura,Medellin,Norte,11.02,°C,Normal,98.1,21.0,Ethernet
4649,2024-08-31 05:23:00,SENSOR_002,Humedad,Bogota,Oriente,71.24,%,Normal,66.82,52.0,WiFi
4650,2024-01-13 00:38:00,SENSOR_087,Ruido,Cali,Norte,75.85,dB,Alerta,93.21,41.0,Ethernet
4651,2024-04-21 06:08:00,SENSOR_094,Ruido,Bogota,Norte,52.0,dB,Normal,32.07,73.0,Ethernet
4652,2024-11-11 15:57:00,SENSOR_062,Ruido,Barranquilla,Sur,90.61,dB,Critico,61.61,44.0,WiFi
4653,2024-03-05 19:19:00,SENSOR_089,Humedad,Medellin,Norte,69.98,%,Normal,81.23,37.0,WiFi
4654,2024-11-25 06:52:00,SENSOR_001,Ruido,Medellin,Oriente,71.83,dB,Alerta,86.39,32.0,LoRaWAN
4655,2024-03-28 02:39:00,SENSOR_040,CO2,Barranquilla,Oriente,484.77,ppm,Normal,8.95,56.0,LoRaWAN
4656,2024-04-19 09:31:00,SENSOR_051,PM2.5,Bogota,Oriente,101.68,µg/m3,Critico,48.55,71.0,WiFi
4657,2024-08-11 10:34:00,SENSOR_100,PM2.5,Bogota,Centro,48.99,µg/m3,Alerta,40.02,44.0,4G
4658,2024-09-02 15:34:00,SENSOR_058,Temperatura,Cartagena,Occidente,22.62,°C,Normal,9.11,44.0,WiFi
4659,2024-06-11 01:44:00,SENSOR_037,Temperatura,Barranquilla,Oriente,11.23,°C,Normal,7.33,37.0,4G
4660,2024-09-21 01:33:00,SENSOR_082,Temperatura,Cartagena,Sur,13.48,°C,Normal,98.25,39.0,4G
4661,2024-05-23 10:51:00,SENSOR_006,CO2,Medellin,Norte,525.15,ppm,Normal,56.39,28.0,WiFi
4662,2024-03-28 08:34:00,SENSOR_031,PM2.5,Barranquilla,Occidente,90.26,µg/m3,Critico,28.15,78.0,4G
4663,2024-11-15 16:09:00,SENSOR_071,Ruido,Bucaramanga,Oriente,88.41,dB,Critico,5.73,57.0,4G
4664,2024-04-04 20:02:00,SENSOR_076,CO2,Bucaramanga,Oriente,683.6,ppm,Normal,53.35,54.0,4G
4665,2024-01-18 05:06:00,SENSOR_052,Ruido,Medellin,Centro,55.11,dB,Normal,85.21,92.0,WiFi
4666,2024-11-15 16:49:00,SENSOR_019,PM2.5,Bogota,Norte,12.24,µg/m3,Normal,,,LoRaWAN
4667,2024-06-22 00:38:00,SENSOR_083,Temperatura,Medellin,Occidente,32.46,°C,Critico,57.22,29.0,Ethernet
4668,2024-10-25 16:57:00,SENSOR_032,CO2,Medellin,Centro,1798.02,ppm,Critico,31.56,26.0,LoRaWAN
4669,2024-07-24 23:32:00,SENSOR_031,Temperatura,Medellin,Oriente,24.76,°C,Normal,89.25,38.0,LoRaWAN
4670,2024-07-11 00:31:00,SENSOR_098,Temperatura,Bogota,Oriente,24.8,°C,Normal,96.35,54.0,WiFi
4671,2024-08-28 14:56:00,SENSOR_015,Humedad,Barranquilla,Oriente,62.89,%,Normal,6.33,60.0,Ethernet
4672,2024-08-02 06:24:00,SENSOR_010,Ruido,Bogota,Norte,45.32,dB,Normal,74.29,35.0,LoRaWAN
4673,2024-04-03 15:56:00,SENSOR_047,PM2.5,Cartagena,Norte,97.28,µg/m3,Critico,51.84,35.0,Ethernet
4674,2024-07-24 23:32:00,SENSOR_100,Ruido,Cali,Oriente,52.86,dB,Normal,83.19,99.0,WiFi
4675,2024-03-14 03:44:00,SENSOR_100,PM2.5,Bogota,Norte,113.09,µg/m3,Critico,86.62,63.0,WiFi
4676,2024-03-12 16:25:00,SENSOR_071,Temperatura,Cali,Occidente,30.67,°C,Alerta,32.1,44.0,LoRaWAN
4677,2024-07-01 00:45:00,SENSOR_044,Ruido,Barranquilla,Occidente,68.17,dB,Normal,,26.0,WiFi
4678,2024-04-12 08:50:00,SENSOR_089,Ruido,Medellin,Sur,40.3,dB,Normal,41.34,77.0,WiFi
4679,2024-10-16 02:49:00,SENSOR_072,Ruido,Cartagena,Norte,76.14,dB,Alerta,87.73,78.0,WiFi
4680,2024-02-25 20:39:00,SENSOR_079,Humedad,Medellin,Occidente,73.52,%,Normal,9.34,21.0,LoRaWAN
4681,2024-12-11 09:21:00,SENSOR_030,Temperatura,Bogota,Occidente,22.93,°C,Normal,25.48,58.0,4G
4682,2024-08-14 11:54:00,SENSOR_081,Humedad,Bogota,Sur,,%,Sin_Dato,34.37,88.0,LoRaWAN
4683,2024-04-16 19:29:00,SENSOR_042,Humedad,Cartagena,Oriente,90.58,%,Critico,77.27,95.0,Ethernet
4684,2024-11-01 16:25:00,SENSOR_068,Humedad,Barranquilla,Occidente,53.38,%,Normal,14.88,31.0,4G
4685,2024-02-01 21:10:00,SENSOR_028,Ruido,Bogota,Oriente,39.58,dB,Normal,,33.0,Ethernet
4686,2024-10-19 16:21:00,SENSOR_072,Ruido,Barranquilla,Sur,79.86,dB,Alerta,17.87,23.0,Ethernet
4687,2024-04-02 02:22:00,SENSOR_068,Temperatura,Cali,Occidente,23.36,°C,Normal,62.41,55.0,LoRaWAN
4688,2024-07-05 11:32:00,SENSOR_008,Ruido,Cali,Sur,95.05,dB,Critico,48.81,48.0,Ethernet
4689,2024-05-22 17:52:00,SENSOR_084,Temperatura,Bucaramanga,Norte,24.57,°C,Normal,95.28,94.0,LoRaWAN
4690,2024-03-20 17:53:00,SENSOR_062,Humedad,Barranquilla,Norte,70.56,%,Normal,10.31,74.0,Ethernet
4691,2024-06-25 18:57:00,SENSOR_057,PM2.5,Medellin,Centro,95.47,µg/m3,Critico,85.02,52.0,WiFi
4692,2024-08-09 21:27:00,SENSOR_062,Ruido,Bogota,Sur,93.25,dB,Critico,44.57,64.0,Ethernet
4693,2024-07-21 14:58:00,SENSOR_013,CO2,Barranquilla,Oriente,929.39,ppm,Alerta,48.55,34.0,WiFi
4694,2024-03-27 13:31:00,SENSOR_018,Temperatura,Bogota,Oriente,27.22,°C,Normal,,87.0,4G
4695,2024-09-24 09:40:00,SENSOR_073,PM2.5,Bucaramanga,Oriente,97.46,µg/m3,Critico,22.33,63.0,4G
4696,2024-09-08 08:43:00,SENSOR_059,CO2,Bucaramanga,Centro,,ppm,Sin_Dato,85.44,44.0,LoRaWAN
4697,2024-07-06 23:33:00,SENSOR_069,Ruido,Bogota,Occidente,63.02,dB,Normal,70.66,44.0,WiFi
4698,2024-07-03 03:12:00,SENSOR_027,Humedad,Cali,Norte,86.82,%,Alerta,56.32,35.0,WiFi
4699,2024-02-17 00:03:00,SENSOR_092,PM2.5,Medellin,Norte,100.04,µg/m3,Critico,,,WiFi
4700,2024-02-04 13:03:00,SENSOR_032,CO2,Bucaramanga,Oriente,1550.56,ppm,Critico,67.35,22.0,WiFi
4701,2024-08-09 09:27:00,SENSOR_006,CO2,Cali,Oriente,522.08,ppm,Normal,57.09,96.0,WiFi
4702,2024-08-24 14:08:00,SENSOR_079,Ruido,Bogota,Norte,71.64,dB,Alerta,23.33,28.0,WiFi
4703,2024-05-20 11:12:00,SENSOR_099,CO2,Cartagena,Oriente,1111.17,ppm,Alerta,43.81,73.0,WiFi
4704,2024-10-27 17:57:00,SENSOR_090,Ruido,Medellin,Oriente,65.88,dB,Normal,92.13,43.0,Ethernet
4705,2024-08-05 20:03:00,SENSOR_087,PM2.5,Medellin,Oriente,103.28,µg/m3,Critico,65.09,89.0,WiFi
4706,2024-07-11 19:24:00,SENSOR_013,CO2,Barranquilla,Norte,545.78,ppm,Normal,83.14,24.0,Ethernet
4707,2024-09-03 00:16:00,SENSOR_044,Ruido,Bogota,Sur,54.19,dB,Normal,12.63,88.0,Ethernet
4708,2024-11-17 18:49:00,SENSOR_067,Temperatura,Cartagena,Sur,32.18,°C,Critico,59.81,27.0,Ethernet
4709,2024-07-21 17:02:00,SENSOR_092,Humedad,Bogota,Sur,,%,Sin_Dato,84.45,88.0,LoRaWAN
4710,2024-06-03 05:22:00,SENSOR_071,PM2.5,Barranquilla,Norte,111.81,µg/m3,Critico,34.51,42.0,LoRaWAN
4711,2024-12-11 16:57:00,SENSOR_069,CO2,Bucaramanga,Norte,1690.48,ppm,Critico,44.0,49.0,4G
4712,2024-02-04 12:47:00,SENSOR_065,Temperatura,Barranquilla,Occidente,17.96,°C,Normal,42.69,51.0,4G
4713,2024-02-15 18:13:00,SENSOR_096,CO2,Bogota,Occidente,1201.97,ppm,Critico,14.66,44.0,WiFi
4714,2024-12-09 21:13:00,SENSOR_073,PM2.5,Bogota,Occidente,105.09,µg/m3,Critico,65.9,84.0,LoRaWAN
4715,2024-10-15 22:29:00,SENSOR_058,Ruido,Bucaramanga,Centro,,dB,Sin_Dato,16.22,47.0,LoRaWAN
4716,2024-10-21 03:51:00,SENSOR_094,Ruido,Medellin,Sur,43.64,dB,Normal,99.57,24.0,4G
4717,2024-01-19 19:36:00,SENSOR_045,CO2,Bucaramanga,Occidente,335.96,ppm,Normal,29.4,64.0,Ethernet
4718,2024-10-05 08:03:00,SENSOR_088,CO2,Medellin,Centro,1643.97,ppm,Critico,46.21,43.0,WiFi
4719,2024-04-29 05:59:00,SENSOR_015,PM2.5,Bucaramanga,Sur,99.57,µg/m3,Critico,58.62,,4G
4720,2024-11-30 14:03:00,SENSOR_004,Ruido,Bogota,Norte,80.66,dB,Alerta,,78.0,4G
4721,2024-01-04 12:03:00,SENSOR_086,CO2,Medellin,Norte,1211.76,ppm,Critico,18.37,81.0,LoRaWAN
4722,2024-11-02 03:47:00,SENSOR_063,CO2,Bucaramanga,Occidente,881.95,ppm,Alerta,24.43,34.0,LoRaWAN
4723,2024-07-25 00:21:00,SENSOR_020,PM2.5,Bucaramanga,Occidente,68.29,µg/m3,Alerta,51.24,56.0,Ethernet
4724,2024-09-07 20:50:00,SENSOR_068,PM2.5,Cali,Oriente,99.48,µg/m3,Critico,78.69,55.0,4G
4725,2024-11-22 13:05:00,SENSOR_073,Ruido,Medellin,Sur,43.28,dB,Normal,68.5,31.0,Ethernet
4726,2024-09-08 20:33:00,SENSOR_019,Ruido,Medellin,Occidente,48.51,dB,Normal,57.32,70.0,4G
4727,2024-07-08 00:37:00,SENSOR_081,CO2,Bogota,Sur,1017.67,ppm,Alerta,33.55,45.0,Ethernet
4728,2024-02-26 07:45:00,SENSOR_003,PM2.5,Medellin,Centro,103.04,µg/m3,Critico,95.64,82.0,Ethernet
4729,2024-02-09 21:08:00,SENSOR_053,PM2.5,Barranquilla,Occidente,82.04,µg/m3,Critico,72.88,42.0,WiFi
4730,2024-08-28 16:06:00,SENSOR_088,CO2,Barranquilla,Centro,1751.86,ppm,Critico,18.7,46.0,LoRaWAN
4731,2024-10-23 08:13:00,SENSOR_043,Ruido,Bogota,Occidente,85.17,dB,Critico,13.16,29.0,4G
4732,2024-04-01 06:46:00,SENSOR_081,Ruido,Cartagena,Occidente,69.56,dB,Normal,45.87,60.0,WiFi
4733,2024-07-03 13:36:00,SENSOR_056,Temperatura,Bucaramanga,Centro,30.0,°C,Alerta,58.83,79.0,WiFi
4734,2024-03-18 22:15:00,SENSOR_089,Humedad,Cali,Sur,50.04,%,Normal,29.98,67.0,LoRaWAN
4735,2024-04-22 06:25:00,SENSOR_089,CO2,Barranquilla,Occidente,1141.85,ppm,Alerta,96.97,60.0,WiFi
4736,2024-10-03 06:18:00,SENSOR_070,Temperatura,Medellin,Norte,14.5,°C,Normal,49.0,47.0,WiFi
4737,2024-12-30 10:38:00,SENSOR_007,Temperatura,Bogota,Norte,25.02,°C,Normal,73.38,52.0,Ethernet
4738,2024-08-17 09:48:00,SENSOR_043,Ruido,Cali,Oriente,79.63,dB,Alerta,58.24,97.0,WiFi
4739,2024-05-17 01:38:00,SENSOR_017,PM2.5,Barranquilla,Centro,77.98,µg/m3,Critico,60.11,53.0,4G
4740,2024-09-17 22:13:00,SENSOR_076,PM2.5,Cartagena,Centro,74.05,µg/m3,Alerta,52.24,78.0,LoRaWAN
4741,2024-07-17 16:52:00,SENSOR_097,Humedad,Cali,Oriente,88.55,%,Alerta,10.07,58.0,Ethernet
4742,2024-07-20 10:08:00,SENSOR_045,PM2.5,Cartagena,Occidente,74.22,µg/m3,Alerta,93.35,,LoRaWAN
4743,2024-12-06 07:54:00,SENSOR_068,Ruido,Medellin,Centro,89.9,dB,Critico,73.45,88.0,Ethernet
4744,2024-05-09 05:04:00,SENSOR_035,Ruido,Cali,Sur,98.04,dB,Critico,74.15,37.0,WiFi
4745,2024-05-05 19:08:00,SENSOR_059,Humedad,Cali,Occidente,83.77,%,Alerta,13.74,37.0,WiFi
4746,2024-05-12 06:53:00,SENSOR_097,Temperatura,Bogota,Sur,26.14,°C,Normal,12.44,55.0,WiFi
4747,2024-08-24 10:38:00,SENSOR_038,CO2,Bogota,Oriente,644.89,ppm,Normal,,77.0,Ethernet
4748,2024-12-12 16:32:00,SENSOR_048,Temperatura,Bogota,Occidente,15.14,°C,Normal,73.91,,4G
4749,2024-07-27 22:37:00,SENSOR_098,CO2,Bucaramanga,Occidente,939.23,ppm,Alerta,88.66,54.0,4G
4750,2024-02-26 12:38:00,SENSOR_100,Humedad,Bogota,Norte,45.08,%,Normal,81.76,51.0,Ethernet
4751,2024-11-12 12:23:00,SENSOR_062,CO2,Medellin,Centro,1107.09,ppm,Alerta,45.17,63.0,Ethernet
4752,2024-04-18 03:33:00,SENSOR_018,Temperatura,Cali,Norte,27.01,°C,Normal,19.18,66.0,4G
4753,2024-05-02 15:01:00,SENSOR_089,Ruido,Medellin,Centro,52.37,dB,Normal,78.68,22.0,Ethernet
4754,2024-11-24 01:37:00,SENSOR_008,PM2.5,Bucaramanga,Oriente,89.01,µg/m3,Critico,82.63,58.0,LoRaWAN
4755,2024-09-07 03:53:00,SENSOR_039,CO2,Barranquilla,Oriente,1745.65,ppm,Critico,26.9,73.0,Ethernet
4756,2024-06-02 13:34:00,SENSOR_015,Humedad,Barranquilla,Centro,55.17,%,Normal,62.13,49.0,LoRaWAN
4757,2024-11-07 05:46:00,SENSOR_068,PM2.5,Cali,Sur,16.45,µg/m3,Normal,,44.0,LoRaWAN
4758,2024-09-08 04:37:00,SENSOR_065,Humedad,Barranquilla,Oriente,74.28,%,Normal,49.99,43.0,Ethernet
4759,2024-02-21 15:51:00,SENSOR_078,CO2,Medellin,Oriente,1418.85,ppm,Critico,57.23,40.0,WiFi
4760,2024-12-21 19:09:00,SENSOR_032,CO2,Bucaramanga,Oriente,1040.45,ppm,Alerta,64.37,99.0,WiFi
4761,2024-03-26 04:43:00,SENSOR_073,Humedad,Bucaramanga,Sur,94.68,%,Critico,44.33,62.0,WiFi
4762,2024-05-05 08:45:00,SENSOR_010,PM2.5,Bogota,Centro,83.94,µg/m3,Critico,8.81,42.0,4G
4763,2024-02-10 02:13:00,SENSOR_046,Humedad,Medellin,Norte,68.12,%,Normal,39.14,26.0,WiFi
4764,2024-07-31 05:44:00,SENSOR_055,Ruido,Bucaramanga,Centro,90.2,dB,Critico,32.17,43.0,LoRaWAN
4765,2024-12-05 04:11:00,SENSOR_046,Temperatura,Cartagena,Occidente,32.61,°C,Critico,9.18,61.0,WiFi
4766,2024-10-20 09:01:00,SENSOR_066,CO2,Cartagena,Occidente,944.41,ppm,Alerta,49.16,35.0,Ethernet
4767,2024-01-15 11:43:00,SENSOR_031,Humedad,Cali,Centro,88.48,%,Alerta,42.42,45.0,4G
4768,2024-12-03 03:48:00,SENSOR_008,Humedad,Barranquilla,Sur,47.9,%,Normal,97.2,52.0,LoRaWAN
4769,2024-11-10 00:59:00,SENSOR_039,Ruido,Bucaramanga,Occidente,60.78,dB,Normal,67.71,72.0,WiFi
4770,2024-07-21 11:19:00,SENSOR_022,CO2,Barranquilla,Occidente,,ppm,Sin_Dato,,21.0,WiFi
4771,2024-06-03 04:12:00,SENSOR_098,Humedad,Bucaramanga,Sur,47.63,%,Normal,6.64,84.0,4G
4772,2024-05-18 16:49:00,SENSOR_024,PM2.5,Medellin,Sur,30.67,µg/m3,Normal,78.21,38.0,4G
4773,2024-06-20 08:22:00,SENSOR_035,Temperatura,Cali,Centro,12.97,°C,Normal,40.06,73.0,Ethernet
4774,2024-02-27 04:00:00,SENSOR_006,Temperatura,Barranquilla,Centro,,°C,Sin_Dato,13.2,87.0,Ethernet
4775,2024-04-28 11:01:00,SENSOR_083,Ruido,Barranquilla,Sur,50.52,dB,Normal,95.68,85.0,WiFi
4776,2024-07-26 15:44:00,SENSOR_008,PM2.5,Medellin,Oriente,49.72,µg/m3,Alerta,26.4,64.0,LoRaWAN
4777,2024-02-04 20:05:00,SENSOR_084,Ruido,Bogota,Occidente,85.2,dB,Critico,14.36,34.0,4G
4778,2024-04-08 21:29:00,SENSOR_025,PM2.5,Bucaramanga,Centro,34.45,µg/m3,Normal,65.63,,4G
4779,2024-03-04 19:36:00,SENSOR_032,CO2,Cartagena,Sur,1123.74,ppm,Alerta,63.53,71.0,LoRaWAN
4780,2024-08-23 07:58:00,SENSOR_059,Ruido,Bogota,Centro,97.35,dB,Critico,28.71,82.0,WiFi
4781,2024-02-18 15:00:00,SENSOR_007,Humedad,Bucaramanga,Sur,52.49,%,Normal,83.49,43.0,Ethernet
4782,2024-06-18 15:10:00,SENSOR_011,PM2.5,Barranquilla,Centro,49.63,µg/m3,Alerta,50.65,96.0,WiFi
4783,2024-11-12 05:30:00,SENSOR_089,Temperatura,Bogota,Sur,25.41,°C,Normal,63.02,71.0,WiFi
4784,2024-03-02 20:29:00,SENSOR_095,PM2.5,Cartagena,Norte,104.31,µg/m3,Critico,98.77,75.0,LoRaWAN
4785,2024-06-08 17:50:00,SENSOR_047,Temperatura,Cartagena,Norte,18.04,°C,Normal,70.65,53.0,4G
4786,2024-10-24 03:24:00,SENSOR_075,Ruido,Bogota,Occidente,65.87,dB,Normal,56.82,60.0,LoRaWAN
4787,2024-10-05 04:45:00,SENSOR_036,Humedad,Barranquilla,Norte,,%,Sin_Dato,77.94,93.0,4G
4788,2024-09-03 08:46:00,SENSOR_100,Humedad,Cali,Occidente,42.88,%,Normal,55.8,90.0,Ethernet
4789,2024-09-25 03:26:00,SENSOR_052,CO2,Barranquilla,Norte,1225.66,ppm,Critico,86.92,64.0,4G
4790,2024-07-30 08:40:00,SENSOR_072,Temperatura,Cartagena,Norte,30.84,°C,Alerta,46.86,77.0,Ethernet
4791,2024-06-01 16:54:00,SENSOR_037,PM2.5,Bogota,Oriente,77.03,µg/m3,Critico,94.28,91.0,WiFi
4792,2024-10-08 03:47:00,SENSOR_085,Ruido,Bucaramanga,Centro,41.1,dB,Normal,,42.0,WiFi
4793,2024-12-23 20:31:00,SENSOR_029,Ruido,Bucaramanga,Centro,64.58,dB,Normal,15.02,28.0,LoRaWAN
4794,2024-01-05 04:45:00,SENSOR_003,Temperatura,Bogota,Centro,12.26,°C,Normal,84.18,41.0,WiFi
4795,2024-07-20 04:27:00,SENSOR_071,CO2,Cartagena,Centro,419.53,ppm,Normal,90.24,93.0,4G
4796,2024-03-20 07:54:00,SENSOR_046,Temperatura,Barranquilla,Occidente,21.65,°C,Normal,18.99,77.0,Ethernet
4797,2024-07-29 10:33:00,SENSOR_042,PM2.5,Bucaramanga,Centro,90.29,µg/m3,Critico,45.5,32.0,LoRaWAN
4798,2024-05-22 18:27:00,SENSOR_027,PM2.5,Bucaramanga,Sur,40.6,µg/m3,Alerta,93.4,95.0,WiFi
4799,2024-07-31 06:21:00,SENSOR_066,PM2.5,Bucaramanga,Centro,82.43,µg/m3,Critico,87.24,48.0,4G
4800,2024-09-30 16:52:00,SENSOR_045,PM2.5,Bucaramanga,Centro,78.03,µg/m3,Critico,40.97,37.0,Ethernet
4801,2024-10-20 13:51:00,SENSOR_053,PM2.5,Barranquilla,Occidente,88.91,µg/m3,Critico,58.82,78.0,Ethernet
4802,2024-01-20 12:35:00,SENSOR_087,Ruido,Cartagena,Oriente,94.81,dB,Critico,93.0,67.0,Ethernet
4803,2024-11-18 02:01:00,SENSOR_085,Ruido,Cali,Occidente,66.36,dB,Normal,80.27,22.0,WiFi
4804,2024-12-02 16:29:00,SENSOR_041,PM2.5,Bogota,Oriente,80.4,µg/m3,Critico,50.12,48.0,4G
4805,2024-07-22 04:40:00,SENSOR_060,Humedad,Cali,Centro,66.56,%,Normal,37.09,51.0,LoRaWAN
4806,2024-07-09 10:21:00,SENSOR_052,Humedad,Bogota,Sur,59.89,%,Normal,24.96,47.0,WiFi
4807,2024-08-29 22:50:00,SENSOR_066,PM2.5,Bucaramanga,Occidente,77.29,µg/m3,Critico,6.43,40.0,LoRaWAN
4808,2024-08-30 23:16:00,SENSOR_100,PM2.5,Bucaramanga,Oriente,11.34,µg/m3,Normal,25.45,24.0,Ethernet
4809,2024-02-19 19:59:00,SENSOR_089,Temperatura,Barranquilla,Occidente,14.71,°C,Normal,12.9,48.0,LoRaWAN
4810,2024-08-01 19:04:00,SENSOR_080,Ruido,Bogota,Occidente,90.25,dB,Critico,,56.0,Ethernet
4811,2024-12-21 08:15:00,SENSOR_016,Humedad,Bogota,Oriente,64.35,%,Normal,60.65,45.0,Ethernet
4812,2024-09-29 02:10:00,SENSOR_093,CO2,Bogota,Occidente,1700.22,ppm,Critico,79.04,78.0,4G
4813,2024-07-12 16:37:00,SENSOR_002,Ruido,Cartagena,Occidente,78.21,dB,Alerta,89.59,32.0,LoRaWAN
4814,2024-10-16 21:53:00,SENSOR_055,Temperatura,Bucaramanga,Centro,25.49,°C,Normal,16.28,54.0,LoRaWAN
4815,2024-04-25 13:26:00,SENSOR_092,Temperatura,Bogota,Oriente,31.66,°C,Alerta,68.49,,4G
4816,2024-02-27 08:36:00,SENSOR_032,PM2.5,Bogota,Occidente,8.72,µg/m3,Normal,92.29,31.0,Ethernet
4817,2024-06-22 05:59:00,SENSOR_038,CO2,Bogota,Oriente,718.24,ppm,Normal,37.82,30.0,4G
4818,2024-06-29 02:18:00,SENSOR_027,PM2.5,Cali,Sur,96.29,µg/m3,Critico,75.87,72.0,Ethernet
4819,2024-05-20 19:39:00,SENSOR_004,Ruido,Barranquilla,Norte,68.31,dB,Normal,53.35,26.0,Ethernet
4820,2024-08-02 11:47:00,SENSOR_034,Humedad,Medellin,Sur,50.61,%,Normal,11.11,72.0,LoRaWAN
4821,2024-06-17 05:04:00,SENSOR_051,Temperatura,Cali,Oriente,26.28,°C,Normal,85.2,81.0,Ethernet
4822,2024-03-13 03:37:00,SENSOR_027,CO2,Cali,Centro,524.56,ppm,Normal,31.17,55.0,WiFi
4823,2024-08-18 08:34:00,SENSOR_028,PM2.5,Cali,Centro,,µg/m3,Sin_Dato,96.53,29.0,LoRaWAN
4824,2024-01-29 14:24:00,SENSOR_049,Humedad,Medellin,Occidente,46.74,%,Normal,39.58,46.0,4G
4825,2024-11-27 21:01:00,SENSOR_011,CO2,Bogota,Centro,1174.27,ppm,Alerta,45.78,55.0,4G
4826,2024-07-12 04:07:00,SENSOR_097,PM2.5,Bucaramanga,Centro,71.22,µg/m3,Alerta,6.63,97.0,WiFi
4827,2024-10-06 00:45:00,SENSOR_028,Humedad,Medellin,Occidente,83.19,%,Alerta,17.07,48.0,4G
4828,2024-11-08 00:30:00,SENSOR_047,Temperatura,Bucaramanga,Centro,31.57,°C,Alerta,72.29,33.0,4G
4829,2024-06-03 07:25:00,SENSOR_001,Humedad,Bogota,Oriente,79.28,%,Normal,25.13,99.0,4G
4830,2024-07-14 08:04:00,SENSOR_047,Ruido,Bogota,Oriente,67.08,dB,Normal,69.79,21.0,Ethernet
4831,2024-03-03 04:08:00,SENSOR_013,PM2.5,Bucaramanga,Norte,104.72,µg/m3,Critico,94.86,92.0,WiFi
4832,2024-06-30 05:56:00,SENSOR_094,Humedad,Medellin,Sur,54.27,%,Normal,20.92,78.0,4G
4833,2024-08-14 12:48:00,SENSOR_046,CO2,Barranquilla,Centro,1795.99,ppm,Critico,59.58,77.0,Ethernet
4834,2024-03-06 13:52:00,SENSOR_097,Humedad,Bucaramanga,Occidente,69.64,%,Normal,55.94,56.0,Ethernet
4835,2024-04-27 06:31:00,SENSOR_013,Ruido,Bucaramanga,Norte,66.73,dB,Normal,45.98,76.0,4G
4836,2024-04-13 01:04:00,SENSOR_092,Humedad,Medellin,Norte,46.39,%,Normal,24.0,91.0,4G
4837,2024-10-12 23:40:00,SENSOR_066,Humedad,Barranquilla,Centro,36.76,%,Alerta,17.96,82.0,LoRaWAN
4838,2024-12-13 04:57:00,SENSOR_045,CO2,Cartagena,Centro,724.55,ppm,Normal,45.3,54.0,WiFi
4839,2024-01-03 13:06:00,SENSOR_045,CO2,Bucaramanga,Occidente,350.44,ppm,Normal,22.34,42.0,4G
4840,2024-04-03 08:26:00,SENSOR_035,PM2.5,Cali,Sur,36.94,µg/m3,Alerta,59.79,60.0,WiFi
4841,2024-11-23 08:44:00,SENSOR_062,Ruido,Cali,Sur,70.34,dB,Alerta,35.61,74.0,Ethernet
4842,2024-05-09 13:30:00,SENSOR_045,Temperatura,Barranquilla,Centro,33.47,°C,Critico,33.57,77.0,Ethernet
4843,2024-03-31 22:59:00,SENSOR_034,PM2.5,Cartagena,Sur,23.98,µg/m3,Normal,60.52,34.0,LoRaWAN
4844,2024-05-05 04:07:00,SENSOR_067,Temperatura,Barranquilla,Norte,20.62,°C,Normal,9.88,26.0,4G
4845,2024-01-16 12:46:00,SENSOR_093,Temperatura,Bucaramanga,Occidente,22.86,°C,Normal,99.83,36.0,LoRaWAN
4846,2024-05-08 20:10:00,SENSOR_081,PM2.5,Bogota,Centro,21.58,µg/m3,Normal,69.48,30.0,4G
4847,2024-02-06 03:31:00,SENSOR_094,PM2.5,Medellin,Oriente,102.28,µg/m3,Critico,20.91,21.0,4G
4848,2024-05-03 08:02:00,SENSOR_062,Humedad,Cartagena,Occidente,84.44,%,Alerta,80.02,87.0,4G
4849,2024-08-30 10:52:00,SENSOR_079,Humedad,Barranquilla,Sur,81.34,%,Alerta,84.87,90.0,WiFi
4850,2024-12-06 15:07:00,SENSOR_061,Temperatura,Barranquilla,Centro,29.3,°C,Alerta,15.05,68.0,LoRaWAN
4851,2024-04-18 01:51:00,SENSOR_038,PM2.5,Bucaramanga,Centro,119.85,µg/m3,Critico,40.07,26.0,LoRaWAN
4852,2024-03-26 05:53:00,SENSOR_046,Humedad,Bogota,Norte,63.16,%,Normal,96.42,,Ethernet
4853,2024-07-29 23:49:00,SENSOR_074,Temperatura,Cali,Centro,12.75,°C,Normal,90.32,57.0,Ethernet
4854,2024-06-29 15:56:00,SENSOR_061,PM2.5,Medellin,Sur,81.25,µg/m3,Critico,,60.0,Ethernet
4855,2024-07-22 08:50:00,SENSOR_067,CO2,Barranquilla,Norte,1347.97,ppm,Critico,93.47,89.0,Ethernet
4856,2024-12-22 23:32:00,SENSOR_010,Humedad,Cali,Sur,77.59,%,Normal,77.45,99.0,LoRaWAN
4857,2024-12-19 02:17:00,SENSOR_011,Ruido,Cartagena,Sur,77.58,dB,Alerta,49.43,30.0,WiFi
4858,2024-06-18 01:38:00,SENSOR_047,Ruido,Medellin,Norte,93.68,dB,Critico,15.87,42.0,4G
4859,2024-07-12 11:33:00,SENSOR_002,CO2,Cali,Centro,1743.44,ppm,Critico,66.34,51.0,WiFi
4860,2024-07-17 03:05:00,SENSOR_086,Ruido,Medellin,Occidente,42.14,dB,Normal,18.85,34.0,WiFi
4861,2024-12-30 06:03:00,SENSOR_080,CO2,Cali,Occidente,1641.69,ppm,Critico,73.89,94.0,LoRaWAN
4862,2024-03-26 15:04:00,SENSOR_061,Ruido,Medellin,Norte,62.5,dB,Normal,31.47,77.0,LoRaWAN
4863,2024-01-17 21:22:00,SENSOR_098,Temperatura,Barranquilla,Centro,11.45,°C,Normal,15.21,51.0,4G
4864,2024-05-11 22:08:00,SENSOR_036,Humedad,Cali,Norte,80.25,%,Alerta,59.01,30.0,WiFi
4865,2024-12-20 17:00:00,SENSOR_065,CO2,Barranquilla,Sur,975.2,ppm,Alerta,32.07,94.0,WiFi
4866,2024-06-04 11:27:00,SENSOR_035,CO2,Cali,Occidente,1191.72,ppm,Alerta,,98.0,LoRaWAN
4867,2024-02-05 23:26:00,SENSOR_068,Temperatura,Bogota,Occidente,,°C,Sin_Dato,,71.0,WiFi
4868,2024-06-06 05:55:00,SENSOR_025,Ruido,Medellin,Centro,97.36,dB,Critico,80.93,50.0,WiFi
4869,2024-11-21 11:06:00,SENSOR_045,PM2.5,Bogota,Sur,70.19,µg/m3,Alerta,45.91,,WiFi
4870,2024-02-13 19:46:00,SENSOR_049,Temperatura,Bucaramanga,Centro,21.04,°C,Normal,14.31,61.0,4G
4871,2024-01-19 13:15:00,SENSOR_070,Humedad,Bucaramanga,Sur,48.8,%,Normal,70.6,45.0,4G
4872,2024-03-02 23:07:00,SENSOR_068,Ruido,Cali,Oriente,56.6,dB,Normal,96.63,79.0,WiFi
4873,2024-04-17 14:26:00,SENSOR_099,PM2.5,Bucaramanga,Occidente,19.28,µg/m3,Normal,92.64,91.0,Ethernet
4874,2024-06-22 12:31:00,SENSOR_023,PM2.5,Bogota,Centro,77.24,µg/m3,Critico,51.6,35.0,Ethernet
4875,2024-11-04 14:48:00,SENSOR_017,CO2,Medellin,Norte,1096.63,ppm,Alerta,66.45,99.0,WiFi
4876,2024-04-30 10:49:00,SENSOR_095,Ruido,Bucaramanga,Oriente,58.57,dB,Normal,7.8,54.0,LoRaWAN
4877,2024-04-02 08:13:00,SENSOR_034,Ruido,Bucaramanga,Oriente,86.77,dB,Critico,,37.0,LoRaWAN
4878,2024-11-19 03:19:00,SENSOR_053,Temperatura,Cali,Oriente,16.42,°C,Normal,56.78,76.0,LoRaWAN
4879,2024-03-04 21:04:00,SENSOR_077,CO2,Bucaramanga,Centro,1652.97,ppm,Critico,,53.0,WiFi
4880,2024-01-16 15:11:00,SENSOR_043,CO2,Cali,Sur,934.17,ppm,Alerta,92.74,34.0,Ethernet
4881,2024-09-11 09:34:00,SENSOR_032,Ruido,Cartagena,Occidente,96.81,dB,Critico,80.44,26.0,Ethernet
4882,2024-10-20 23:09:00,SENSOR_050,Ruido,Barranquilla,Oriente,44.86,dB,Normal,33.26,,4G
4883,2024-03-16 13:48:00,SENSOR_099,PM2.5,Cali,Oriente,6.04,µg/m3,Normal,37.98,33.0,4G
4884,2024-07-21 00:51:00,SENSOR_048,Ruido,Bogota,Oriente,63.31,dB,Normal,69.18,85.0,WiFi
4885,2024-03-15 22:51:00,SENSOR_073,Ruido,Medellin,Norte,85.47,dB,Critico,24.6,49.0,LoRaWAN
4886,2024-05-11 05:24:00,SENSOR_054,Ruido,Bogota,Centro,97.28,dB,Critico,44.58,28.0,4G
4887,2024-04-02 14:31:00,SENSOR_056,CO2,Bogota,Norte,689.94,ppm,Normal,47.98,20.0,WiFi
4888,2024-04-03 05:09:00,SENSOR_028,Temperatura,Medellin,Norte,18.11,°C,Normal,26.16,71.0,Ethernet
4889,2024-08-12 21:52:00,SENSOR_003,PM2.5,Bucaramanga,Centro,118.75,µg/m3,Critico,25.91,29.0,LoRaWAN
4890,2024-10-20 21:33:00,SENSOR_038,Humedad,Barranquilla,Occidente,56.96,%,Normal,94.15,78.0,LoRaWAN
4891,2024-05-20 18:37:00,SENSOR_088,CO2,Bogota,Occidente,1699.9,ppm,Critico,40.98,34.0,LoRaWAN
4892,2024-04-19 07:23:00,SENSOR_091,CO2,Cartagena,Oriente,1081.37,ppm,Alerta,40.93,98.0,4G
4893,2024-02-04 07:55:00,SENSOR_027,Temperatura,Medellin,Norte,34.55,°C,Critico,53.78,32.0,4G
4894,2024-03-01 22:25:00,SENSOR_090,Ruido,Cali,Sur,87.81,dB,Critico,90.28,67.0,WiFi
4895,2024-05-09 21:39:00,SENSOR_014,Humedad,Cartagena,Occidente,75.01,%,Normal,86.21,93.0,WiFi
4896,2024-08-09 10:45:00,SENSOR_035,CO2,Barranquilla,Sur,1643.26,ppm,Critico,93.15,68.0,4G
4897,2024-09-07 08:44:00,SENSOR_026,Temperatura,Bucaramanga,Oriente,13.07,°C,Normal,26.67,81.0,LoRaWAN
4898,2024-03-29 22:34:00,SENSOR_081,Ruido,Bucaramanga,Sur,91.08,dB,Critico,94.71,20.0,WiFi
4899,2024-04-05 00:04:00,SENSOR_024,Humedad,Cali,Norte,92.38,%,Critico,99.18,47.0,4G
4900,2024-09-15 22:27:00,SENSOR_011,PM2.5,Cartagena,Occidente,90.53,µg/m3,Critico,11.28,98.0,4G
4901,2024-11-17 19:18:00,SENSOR_097,PM2.5,Bogota,Occidente,11.39,µg/m3,Normal,45.75,26.0,WiFi
4902,2024-03-09 00:50:00,SENSOR_064,Temperatura,Barranquilla,Norte,11.0,°C,Normal,7.93,53.0,Ethernet
4903,2024-01-27 02:49:00,SENSOR_007,Temperatura,Cali,Norte,18.51,°C,Normal,44.67,64.0,WiFi
4904,2024-01-16 04:42:00,SENSOR_026,CO2,Cartagena,Occidente,1328.47,ppm,Critico,48.64,87.0,4G
4905,2024-05-13 00:13:00,SENSOR_095,Humedad,Cartagena,Centro,43.94,%,Normal,55.24,22.0,Ethernet
4906,2024-10-24 23:31:00,SENSOR_077,CO2,Barranquilla,Oriente,1491.53,ppm,Critico,25.27,96.0,4G
4907,2024-03-13 19:51:00,SENSOR_033,Temperatura,Bucaramanga,Norte,26.4,°C,Normal,69.95,53.0,WiFi
4908,2024-02-25 12:01:00,SENSOR_052,CO2,Bogota,Occidente,998.24,ppm,Alerta,16.45,40.0,4G
4909,2024-07-13 02:36:00,SENSOR_087,CO2,Cali,Occidente,1483.55,ppm,Critico,33.7,65.0,Ethernet
4910,2024-08-14 00:26:00,SENSOR_039,CO2,Cali,Centro,1243.98,ppm,Critico,63.96,52.0,4G
4911,2024-10-03 07:05:00,SENSOR_092,Temperatura,Bogota,Oriente,29.73,°C,Alerta,27.26,76.0,Ethernet
4912,2024-07-24 01:44:00,SENSOR_085,Humedad,Bucaramanga,Centro,69.07,%,Normal,39.86,38.0,LoRaWAN
4913,2024-03-22 09:36:00,SENSOR_027,Temperatura,Bucaramanga,Norte,29.85,°C,Alerta,86.77,99.0,Ethernet
4914,2024-01-20 05:12:00,SENSOR_031,Humedad,Cartagena,Occidente,66.35,%,Normal,72.87,47.0,WiFi
4915,2024-03-04 12:08:00,SENSOR_098,Humedad,Barranquilla,Occidente,40.28,%,Normal,58.62,46.0,LoRaWAN
4916,2024-01-10 13:54:00,SENSOR_057,PM2.5,Medellin,Occidente,78.43,µg/m3,Critico,6.04,85.0,WiFi
4917,2024-09-08 17:52:00,SENSOR_013,CO2,Barranquilla,Centro,990.91,ppm,Alerta,42.55,72.0,4G
4918,2024-02-21 23:46:00,SENSOR_061,Humedad,Barranquilla,Oriente,86.91,%,Alerta,26.85,35.0,LoRaWAN
4919,2024-07-14 23:23:00,SENSOR_047,Temperatura,Bucaramanga,Sur,31.48,°C,Alerta,47.98,24.0,WiFi
4920,2024-08-03 13:53:00,SENSOR_034,Humedad,Bucaramanga,Norte,50.89,%,Normal,80.97,38.0,4G
4921,2024-02-23 10:40:00,SENSOR_079,PM2.5,Barranquilla,Occidente,16.52,µg/m3,Normal,97.33,97.0,4G
4922,2024-02-10 17:09:00,SENSOR_071,PM2.5,Cartagena,Occidente,7.74,µg/m3,Normal,19.44,39.0,WiFi
4923,2024-04-30 02:12:00,SENSOR_092,Ruido,Cali,Centro,94.51,dB,Critico,9.33,71.0,4G
4924,2024-04-25 17:03:00,SENSOR_071,Ruido,Medellin,Oriente,38.92,dB,Normal,68.29,81.0,Ethernet
4925,2024-06-10 04:56:00,SENSOR_042,PM2.5,Barranquilla,Sur,26.31,µg/m3,Normal,61.78,34.0,4G
4926,2024-03-07 02:00:00,SENSOR_028,Humedad,Cali,Sur,40.52,%,Normal,70.03,53.0,Ethernet
4927,2024-11-08 18:39:00,SENSOR_075,Temperatura,Medellin,Oriente,25.87,°C,Normal,33.35,,WiFi
4928,2024-07-14 01:27:00,SENSOR_066,Temperatura,Medellin,Norte,28.18,°C,Alerta,36.4,83.0,4G
4929,2024-01-14 16:43:00,SENSOR_045,Humedad,Cali,Sur,55.78,%,Normal,74.92,90.0,LoRaWAN
4930,2024-09-13 04:00:00,SENSOR_041,Ruido,Bogota,Norte,73.73,dB,Alerta,6.31,46.0,Ethernet
4931,2024-02-09 03:54:00,SENSOR_060,PM2.5,Medellin,Norte,94.9,µg/m3,Critico,96.28,88.0,Ethernet
4932,2024-10-09 15:15:00,SENSOR_065,Temperatura,Cartagena,Occidente,20.0,°C,Normal,94.36,43.0,LoRaWAN
4933,2024-07-26 14:25:00,SENSOR_040,Temperatura,Barranquilla,Norte,26.51,°C,Normal,45.4,32.0,Ethernet
4934,2024-06-19 01:40:00,SENSOR_084,Ruido,Bucaramanga,Centro,67.28,dB,Normal,18.23,,LoRaWAN
4935,2024-02-08 13:15:00,SENSOR_024,CO2,Barranquilla,Occidente,306.99,ppm,Normal,59.16,97.0,Ethernet
4936,2024-12-10 22:15:00,SENSOR_094,Temperatura,Cartagena,Occidente,16.56,°C,Normal,14.53,96.0,WiFi
4937,2024-09-18 06:08:00,SENSOR_034,PM2.5,Medellin,Sur,65.11,µg/m3,Alerta,34.29,83.0,WiFi
4938,2024-07-08 12:40:00,SENSOR_001,PM2.5,Barranquilla,Occidente,98.7,µg/m3,Critico,85.47,71.0,4G
4939,2024-04-07 10:20:00,SENSOR_076,Ruido,Bogota,Norte,72.85,dB,Alerta,42.81,21.0,LoRaWAN
4940,2024-12-13 20:12:00,SENSOR_052,Humedad,Barranquilla,Norte,,%,Sin_Dato,97.89,80.0,WiFi
4941,2024-08-09 22:12:00,SENSOR_014,Humedad,Cali,Occidente,87.86,%,Alerta,49.39,68.0,Ethernet
4942,2024-11-28 13:49:00,SENSOR_036,CO2,Bogota,Oriente,966.91,ppm,Alerta,74.82,76.0,LoRaWAN
4943,2024-11-01 05:21:00,SENSOR_027,Temperatura,Barranquilla,Oriente,15.91,°C,Normal,98.41,71.0,LoRaWAN
4944,2024-09-27 12:53:00,SENSOR_018,Ruido,Cali,Centro,68.94,dB,Normal,57.03,51.0,LoRaWAN
4945,2024-05-28 13:30:00,SENSOR_023,Temperatura,Cali,Centro,12.05,°C,Normal,92.77,86.0,4G
4946,2024-03-26 08:37:00,SENSOR_035,CO2,Cartagena,Centro,427.26,ppm,Normal,9.32,78.0,LoRaWAN
4947,2024-12-06 08:40:00,SENSOR_034,Temperatura,Barranquilla,Occidente,27.16,°C,Normal,14.17,55.0,4G
4948,2024-05-17 11:50:00,SENSOR_100,Humedad,Cartagena,Centro,41.23,%,Normal,70.88,81.0,WiFi
4949,2024-01-19 06:13:00,SENSOR_096,PM2.5,Bucaramanga,Centro,64.5,µg/m3,Alerta,47.62,72.0,LoRaWAN
4950,2024-04-29 02:50:00,SENSOR_043,CO2,Cali,Norte,391.13,ppm,Normal,64.33,60.0,LoRaWAN
4951,2024-10-17 04:01:00,SENSOR_052,Humedad,Bucaramanga,Occidente,30.1,%,Alerta,21.55,36.0,4G
4952,2024-03-25 13:36:00,SENSOR_093,Temperatura,Cartagena,Oriente,20.26,°C,Normal,24.77,55.0,LoRaWAN
4953,2024-06-16 21:41:00,SENSOR_075,Temperatura,Bucaramanga,Sur,24.24,°C,Normal,70.38,61.0,Ethernet
4954,2024-02-03 10:24:00,SENSOR_018,CO2,Cartagena,Sur,,ppm,Sin_Dato,47.82,36.0,Ethernet
4955,2024-07-19 22:07:00,SENSOR_080,CO2,Cali,Centro,986.69,ppm,Alerta,32.2,64.0,4G
4956,2024-12-23 05:00:00,SENSOR_082,Ruido,Cartagena,Norte,36.16,dB,Normal,7.0,36.0,4G
4957,2024-04-16 17:12:00,SENSOR_002,Temperatura,Barranquilla,Centro,14.31,°C,Normal,5.81,90.0,4G
4958,2024-07-14 05:19:00,SENSOR_055,Humedad,Cali,Sur,,%,Sin_Dato,22.19,36.0,WiFi
4959,2024-10-17 08:09:00,SENSOR_080,CO2,Bogota,Norte,1528.92,ppm,Critico,90.99,39.0,4G
4960,2024-05-01 04:22:00,SENSOR_064,CO2,Medellin,Norte,701.88,ppm,Normal,88.69,86.0,4G
4961,2024-02-29 07:56:00,SENSOR_033,PM2.5,Cartagena,Occidente,112.83,µg/m3,Critico,68.69,44.0,4G
4962,2024-05-08 11:46:00,SENSOR_065,Ruido,Barranquilla,Sur,99.12,dB,Critico,60.45,25.0,WiFi
4963,2024-10-18 06:52:00,SENSOR_026,Humedad,Medellin,Centro,59.0,%,Normal,35.21,42.0,WiFi
4964,2024-07-08 07:11:00,SENSOR_045,CO2,Barranquilla,Sur,496.84,ppm,Normal,72.87,86.0,Ethernet
4965,2024-07-10 18:40:00,SENSOR_099,Humedad,Cali,Norte,69.87,%,Normal,24.06,52.0,LoRaWAN
4966,2024-02-08 00:23:00,SENSOR_068,CO2,Medellin,Oriente,517.59,ppm,Normal,90.94,26.0,Ethernet
4967,2024-01-04 05:26:00,SENSOR_083,Temperatura,Cartagena,Norte,21.37,°C,Normal,46.3,81.0,LoRaWAN
4968,2024-09-16 00:48:00,SENSOR_075,Ruido,Cartagena,Oriente,82.27,dB,Alerta,35.13,48.0,4G
4969,2024-08-30 01:02:00,SENSOR_029,Ruido,Cartagena,Norte,73.34,dB,Alerta,28.43,95.0,LoRaWAN
4970,2024-02-10 18:59:00,SENSOR_042,CO2,Bucaramanga,Occidente,987.75,ppm,Alerta,95.43,87.0,WiFi
4971,2024-04-21 16:40:00,SENSOR_096,Ruido,Barranquilla,Centro,61.05,dB,Normal,8.42,98.0,LoRaWAN
4972,2024-04-25 06:00:00,SENSOR_021,Ruido,Cali,Norte,42.53,dB,Normal,28.32,39.0,WiFi
4973,2024-02-27 10:21:00,SENSOR_061,Temperatura,Barranquilla,Centro,18.03,°C,Normal,70.89,57.0,Ethernet
4974,2024-06-29 10:32:00,SENSOR_048,Ruido,Bogota,Centro,54.74,dB,Normal,70.71,85.0,WiFi
4975,2024-12-23 12:03:00,SENSOR_016,Ruido,Barranquilla,Oriente,68.76,dB,Normal,72.61,22.0,4G
4976,2024-07-27 12:37:00,SENSOR_097,Humedad,Cartagena,Norte,77.48,%,Normal,5.92,58.0,WiFi
4977,2024-12-15 09:23:00,SENSOR_016,Temperatura,Cali,Sur,14.9,°C,Normal,10.2,85.0,WiFi
4978,2024-05-18 15:01:00,SENSOR_097,Humedad,Cali,Sur,89.9,%,Alerta,25.9,93.0,LoRaWAN
4979,2024-01-21 23:59:00,SENSOR_100,PM2.5,Cali,Occidente,117.04,µg/m3,Critico,15.29,83.0,LoRaWAN
4980,2024-12-02 18:10:00,SENSOR_030,PM2.5,Medellin,Norte,100.86,µg/m3,Critico,64.08,86.0,4G
4981,2024-10-15 10:26:00,SENSOR_027,Temperatura,Cartagena,Centro,10.78,°C,Normal,83.9,45.0,WiFi
4982,2024-06-11 01:51:00,SENSOR_070,PM2.5,Bogota,Oriente,70.71,µg/m3,Alerta,42.33,68.0,Ethernet
4983,2024-07-05 16:55:00,SENSOR_035,Temperatura,Cali,Occidente,18.78,°C,Normal,37.59,76.0,4G
4984,2024-08-23 03:35:00,SENSOR_043,Temperatura,Bucaramanga,Norte,34.8,°C,Critico,54.92,84.0,LoRaWAN
4985,2024-05-07 17:36:00,SENSOR_029,Humedad,Bogota,Norte,60.9,%,Normal,81.23,67.0,4G
4986,2024-03-24 11:27:00,SENSOR_088,Ruido,Cali,Norte,82.43,dB,Alerta,68.34,35.0,LoRaWAN
4987,2024-06-10 08:51:00,SENSOR_037,Ruido,Bogota,Oriente,50.2,dB,Normal,48.89,94.0,Ethernet
4988,2024-04-06 00:17:00,SENSOR_060,Temperatura,Bucaramanga,Oriente,22.72,°C,Normal,7.52,58.0,Ethernet
4989,2024-08-29 06:57:00,SENSOR_082,Temperatura,Bucaramanga,Sur,29.81,°C,Alerta,70.61,75.0,Ethernet
4990,2024-03-09 08:07:00,SENSOR_055,Ruido,Barranquilla,Sur,74.93,dB,Alerta,77.51,44.0,Ethernet
4991,2024-01-15 03:46:00,SENSOR_042,Temperatura,Medellin,Occidente,34.74,°C,Critico,13.11,,WiFi
4992,2024-12-17 01:53:00,SENSOR_090,Humedad,Bucaramanga,Occidente,37.6,%,Alerta,84.02,72.0,4G
4993,2024-12-13 01:10:00,SENSOR_082,PM2.5,Cali,Centro,83.07,µg/m3,Critico,91.6,27.0,WiFi
4994,2024-05-24 19:26:00,SENSOR_030,Humedad,Cartagena,Norte,86.82,%,Alerta,88.0,64.0,LoRaWAN
4995,2024-07-25 05:14:00,SENSOR_062,PM2.5,Medellin,Oriente,86.54,µg/m3,Critico,32.57,78.0,WiFi
4996,2024-11-27 18:14:00,SENSOR_040,Ruido,Bogota,Oriente,64.21,dB,Normal,75.84,20.0,Ethernet
4997,2024-03-28 19:46:00,SENSOR_028,PM2.5,Bucaramanga,Oriente,104.89,µg/m3,Critico,40.7,36.0,LoRaWAN
4998,2024-05-28 18:28:00,SENSOR_004,PM2.5,Cartagena,Oriente,61.78,µg/m3,Alerta,,84.0,WiFi
4999,2024-05-08 06:57:00,SENSOR_011,Humedad,Medellin,Oriente,89.44,%,Alerta,57.76,81.0,WiFi
5000,2024-01-25 11:14:00,SENSOR_023,Humedad,Bucaramanga,Norte,79.14,%,Normal,62.74,73.0,4G
5001,2024-07-28 19:29:00,SENSOR_038,Humedad,Medellin,Oriente,41.93,%,Normal,29.14,32.0,4G
5002,2024-09-15 09:12:00,SENSOR_090,Temperatura,Medellin,Centro,14.66,°C,Normal,11.61,35.0,4G
5003,2024-07-31 08:36:00,SENSOR_062,Ruido,Cartagena,Oriente,86.91,dB,Critico,24.59,32.0,Ethernet
5004,2024-05-03 10:03:00,SENSOR_077,Temperatura,Barranquilla,Sur,15.4,°C,Normal,38.28,73.0,LoRaWAN
5005,2024-03-22 19:09:00,SENSOR_039,PM2.5,Barranquilla,Centro,61.89,µg/m3,Alerta,99.92,57.0,LoRaWAN
5006,2024-02-19 17:21:00,SENSOR_080,PM2.5,Medellin,Centro,36.26,µg/m3,Alerta,45.52,85.0,LoRaWAN
5007,2024-03-07 09:35:00,SENSOR_073,CO2,Cali,Centro,1109.35,ppm,Alerta,37.96,94.0,4G
5008,2024-07-02 15:11:00,SENSOR_007,Ruido,Bogota,Centro,46.35,dB,Normal,82.33,80.0,4G
5009,2024-04-11 08:32:00,SENSOR_044,Temperatura,Bucaramanga,Sur,14.37,°C,Normal,89.97,40.0,4G
5010,2024-12-11 19:36:00,SENSOR_022,CO2,Cali,Sur,1155.15,ppm,Alerta,34.91,,WiFi
5011,2024-11-25 19:34:00,SENSOR_074,Humedad,Cali,Occidente,80.8,%,Alerta,46.83,68.0,Ethernet
5012,2024-12-19 03:02:00,SENSOR_067,Temperatura,Medellin,Occidente,17.98,°C,Normal,24.15,,Ethernet
5013,2024-05-11 19:31:00,SENSOR_052,CO2,Bucaramanga,Occidente,,ppm,Sin_Dato,84.42,78.0,4G
5014,2024-12-05 20:57:00,SENSOR_093,PM2.5,Medellin,Norte,17.81,µg/m3,Normal,55.62,28.0,LoRaWAN
5015,2024-09-16 02:40:00,SENSOR_039,Humedad,Cali,Centro,89.34,%,Alerta,41.32,,LoRaWAN
5016,2024-07-23 10:55:00,SENSOR_072,CO2,Cali,Centro,1511.81,ppm,Critico,84.52,24.0,4G
5017,2024-04-08 04:18:00,SENSOR_076,Temperatura,Medellin,Sur,22.19,°C,Normal,94.16,71.0,4G
5018,2024-10-29 13:48:00,SENSOR_080,Temperatura,Medellin,Occidente,16.33,°C,Normal,50.08,53.0,4G
5019,2024-09-02 14:25:00,SENSOR_086,Ruido,Barranquilla,Centro,47.44,dB,Normal,45.1,24.0,LoRaWAN
5020,2024-08-25 19:48:00,SENSOR_051,CO2,Medellin,Centro,1187.5,ppm,Alerta,77.81,26.0,Ethernet
5021,2024-09-19 06:16:00,SENSOR_043,Humedad,Cartagena,Sur,68.38,%,Normal,99.46,30.0,Ethernet
5022,2024-11-01 06:56:00,SENSOR_066,PM2.5,Barranquilla,Centro,13.98,µg/m3,Normal,95.98,90.0,Ethernet
5023,2024-07-27 03:16:00,SENSOR_083,Humedad,Cali,Oriente,35.43,%,Alerta,99.44,57.0,LoRaWAN
5024,2024-12-01 23:09:00,SENSOR_037,Temperatura,Bucaramanga,Oriente,23.02,°C,Normal,37.48,84.0,4G
5025,2024-08-15 05:40:00,SENSOR_070,CO2,Cali,Oriente,1378.63,ppm,Critico,86.09,59.0,WiFi
5026,2024-02-21 15:36:00,SENSOR_093,CO2,Cali,Oriente,980.91,ppm,Alerta,93.39,69.0,4G
5027,2024-10-10 19:14:00,SENSOR_052,PM2.5,Cartagena,Occidente,11.54,µg/m3,Normal,47.81,39.0,WiFi
5028,2024-02-02 19:57:00,SENSOR_072,Ruido,Cali,Sur,41.63,dB,Normal,78.17,72.0,WiFi
5029,2024-10-18 01:42:00,SENSOR_088,PM2.5,Bucaramanga,Sur,104.14,µg/m3,Critico,36.8,88.0,4G
5030,2024-05-26 20:02:00,SENSOR_093,Temperatura,Medellin,Norte,16.22,°C,Normal,85.84,93.0,4G
5031,2024-05-06 14:22:00,SENSOR_096,Ruido,Bogota,Oriente,48.5,dB,Normal,47.6,31.0,WiFi
5032,2024-01-16 11:43:00,SENSOR_003,Temperatura,Medellin,Occidente,,°C,Sin_Dato,,73.0,Ethernet
5033,2024-10-25 01:53:00,SENSOR_012,Temperatura,Bucaramanga,Occidente,22.79,°C,Normal,29.4,94.0,WiFi
5034,2024-10-12 01:36:00,SENSOR_019,Ruido,Bucaramanga,Oriente,44.6,dB,Normal,77.5,40.0,LoRaWAN
5035,2024-02-15 11:01:00,SENSOR_098,Humedad,Bogota,Norte,67.3,%,Normal,24.13,61.0,4G
5036,2024-12-16 08:41:00,SENSOR_010,Ruido,Cartagena,Oriente,94.02,dB,Critico,32.42,44.0,4G
5037,2024-01-19 02:48:00,SENSOR_015,Ruido,Barranquilla,Centro,37.89,dB,Normal,76.68,59.0,Ethernet
5038,2024-01-15 08:47:00,SENSOR_070,PM2.5,Medellin,Sur,35.51,µg/m3,Alerta,75.62,,4G
5039,2024-03-10 07:05:00,SENSOR_017,Temperatura,Medellin,Norte,31.34,°C,Alerta,61.86,33.0,Ethernet
5040,2024-07-27 18:46:00,SENSOR_010,Humedad,Barranquilla,Centro,36.8,%,Alerta,31.62,72.0,Ethernet
5041,2024-05-16 04:14:00,SENSOR_025,Humedad,Cartagena,Oriente,38.49,%,Alerta,8.05,57.0,Ethernet
5042,2024-06-05 21:13:00,SENSOR_047,Temperatura,Cali,Sur,11.66,°C,Normal,81.25,53.0,LoRaWAN
5043,2024-04-04 01:43:00,SENSOR_042,PM2.5,Medellin,Sur,113.53,µg/m3,Critico,59.37,92.0,Ethernet
5044,2024-02-12 07:06:00,SENSOR_044,CO2,Cartagena,Sur,1293.8,ppm,Critico,29.68,29.0,WiFi
5045,2024-04-09 15:11:00,SENSOR_005,PM2.5,Barranquilla,Norte,59.78,µg/m3,Alerta,11.92,74.0,WiFi
5046,2024-07-28 17:44:00,SENSOR_017,Temperatura,Bogota,Norte,10.15,°C,Normal,56.43,65.0,4G
5047,2024-02-28 21:08:00,SENSOR_006,CO2,Bogota,Occidente,770.57,ppm,Normal,69.38,75.0,Ethernet
5048,2024-04-13 12:59:00,SENSOR_024,Temperatura,Medellin,Occidente,26.08,°C,Normal,31.91,31.0,WiFi
5049,2024-09-09 19:36:00,SENSOR_049,PM2.5,Bucaramanga,Norte,76.31,µg/m3,Critico,81.79,93.0,WiFi
5050,2024-12-05 01:25:00,SENSOR_002,PM2.5,Bucaramanga,Sur,21.3,µg/m3,Normal,77.08,44.0,LoRaWAN
5051,2024-03-01 03:54:00,SENSOR_060,Temperatura,Cali,Norte,22.08,°C,Normal,54.5,77.0,Ethernet
5052,2024-04-04 11:41:00,SENSOR_060,CO2,Medellin,Norte,1119.25,ppm,Alerta,74.33,49.0,4G
5053,2024-10-14 09:08:00,SENSOR_098,CO2,Medellin,Norte,1608.04,ppm,Critico,55.3,37.0,4G
5054,2024-01-03 01:38:00,SENSOR_010,CO2,Cali,Oriente,845.21,ppm,Alerta,7.84,97.0,LoRaWAN
5055,2024-08-02 21:57:00,SENSOR_011,Humedad,Cartagena,Sur,68.01,%,Normal,9.14,22.0,LoRaWAN
5056,2024-07-15 21:39:00,SENSOR_028,CO2,Medellin,Centro,1175.87,ppm,Alerta,60.19,50.0,LoRaWAN
5057,2024-01-30 20:58:00,SENSOR_085,Temperatura,Cartagena,Oriente,23.23,°C,Normal,95.9,87.0,Ethernet
5058,2024-09-29 00:02:00,SENSOR_042,Humedad,Cartagena,Sur,42.03,%,Normal,42.06,62.0,LoRaWAN
5059,2024-11-12 13:22:00,SENSOR_099,Humedad,Cali,Sur,62.13,%,Normal,13.21,66.0,4G
5060,2024-10-23 23:07:00,SENSOR_057,CO2,Cali,Occidente,580.54,ppm,Normal,13.57,98.0,LoRaWAN
5061,2024-05-07 04:55:00,SENSOR_025,CO2,Cartagena,Centro,975.12,ppm,Alerta,22.25,,4G
5062,2024-08-19 15:30:00,SENSOR_059,PM2.5,Bucaramanga,Oriente,25.33,µg/m3,Normal,61.01,47.0,Ethernet
5063,2024-04-16 17:08:00,SENSOR_097,Ruido,Medellin,Centro,57.83,dB,Normal,49.36,81.0,Ethernet
5064,2024-11-10 09:25:00,SENSOR_028,CO2,Bogota,Oriente,834.06,ppm,Alerta,88.84,65.0,LoRaWAN
5065,2024-10-09 19:26:00,SENSOR_080,CO2,Cartagena,Centro,1620.63,ppm,Critico,25.81,,4G
5066,2024-12-23 23:40:00,SENSOR_097,PM2.5,Cartagena,Sur,110.77,µg/m3,Critico,69.26,59.0,4G
5067,2024-05-25 05:06:00,SENSOR_053,Ruido,Cartagena,Oriente,36.37,dB,Normal,35.1,64.0,LoRaWAN
5068,2024-09-21 22:05:00,SENSOR_013,CO2,Bogota,Oriente,1238.38,ppm,Critico,54.51,97.0,Ethernet
5069,2024-03-17 00:32:00,SENSOR_012,PM2.5,Cali,Occidente,12.38,µg/m3,Normal,52.77,95.0,Ethernet
5070,2024-01-06 17:02:00,SENSOR_011,Ruido,Barranquilla,Norte,76.71,dB,Alerta,43.57,53.0,4G
5071,2024-02-13 21:10:00,SENSOR_050,Temperatura,Bogota,Sur,20.09,°C,Normal,50.74,63.0,LoRaWAN
5072,2024-06-28 16:37:00,SENSOR_043,PM2.5,Medellin,Oriente,89.46,µg/m3,Critico,62.44,77.0,WiFi
5073,2024-01-01 21:27:00,SENSOR_089,Humedad,Medellin,Norte,36.85,%,Alerta,71.23,36.0,LoRaWAN
5074,2024-11-24 21:22:00,SENSOR_047,Temperatura,Cartagena,Norte,16.0,°C,Normal,98.26,85.0,WiFi
5075,2024-08-24 09:18:00,SENSOR_053,Humedad,Barranquilla,Sur,86.89,%,Alerta,78.64,27.0,LoRaWAN
5076,2024-10-14 16:54:00,SENSOR_027,PM2.5,Bogota,Centro,92.62,µg/m3,Critico,87.8,92.0,Ethernet
5077,2024-06-01 08:42:00,SENSOR_045,CO2,Bogota,Sur,842.44,ppm,Alerta,56.99,32.0,4G
5078,2024-09-18 10:11:00,SENSOR_038,PM2.5,Bucaramanga,Centro,27.21,µg/m3,Normal,27.42,22.0,LoRaWAN
5079,2024-07-21 15:38:00,SENSOR_089,Ruido,Bogota,Oriente,92.53,dB,Critico,57.87,36.0,LoRaWAN
5080,2024-05-19 17:10:00,SENSOR_053,Humedad,Cartagena,Centro,87.05,%,Alerta,94.56,56.0,WiFi
5081,2024-12-07 03:56:00,SENSOR_018,PM2.5,Bogota,Oriente,88.88,µg/m3,Critico,99.23,88.0,LoRaWAN
5082,2024-02-09 10:43:00,SENSOR_023,Ruido,Medellin,Norte,98.66,dB,Critico,17.31,26.0,Ethernet
5083,2024-11-11 20:49:00,SENSOR_063,Humedad,Medellin,Sur,42.48,%,Normal,82.65,54.0,LoRaWAN
5084,2024-03-30 12:14:00,SENSOR_092,Ruido,Cartagena,Centro,54.31,dB,Normal,74.59,,4G
5085,2024-01-11 20:01:00,SENSOR_054,CO2,Medellin,Sur,1389.35,ppm,Critico,69.87,41.0,LoRaWAN
5086,2024-11-19 13:47:00,SENSOR_094,Humedad,Cali,Sur,59.91,%,Normal,25.02,78.0,4G
5087,2024-08-14 19:45:00,SENSOR_067,PM2.5,Bucaramanga,Occidente,101.51,µg/m3,Critico,76.13,41.0,4G
5088,2024-08-30 02:32:00,SENSOR_100,Temperatura,Medellin,Sur,34.34,°C,Critico,47.36,94.0,WiFi
5089,2024-05-20 03:30:00,SENSOR_030,Ruido,Cartagena,Sur,49.28,dB,Normal,5.9,83.0,Ethernet
5090,2024-08-31 21:59:00,SENSOR_018,Temperatura,Medellin,Norte,32.21,°C,Critico,97.99,24.0,LoRaWAN
5091,2024-01-09 21:23:00,SENSOR_082,CO2,Medellin,Norte,1693.93,ppm,Critico,26.48,81.0,4G
5092,2024-08-07 16:46:00,SENSOR_048,Temperatura,Medellin,Sur,13.13,°C,Normal,74.12,45.0,Ethernet
5093,2024-10-01 22:41:00,SENSOR_054,Humedad,Cartagena,Sur,52.02,%,Normal,64.17,29.0,Ethernet
5094,2024-08-21 19:25:00,SENSOR_089,CO2,Bogota,Norte,772.79,ppm,Normal,71.14,83.0,Ethernet
5095,2024-05-18 06:33:00,SENSOR_063,CO2,Cali,Occidente,534.25,ppm,Normal,52.83,70.0,WiFi
5096,2024-10-16 11:53:00,SENSOR_054,Humedad,Bucaramanga,Norte,42.01,%,Normal,8.3,63.0,LoRaWAN
5097,2024-03-22 20:28:00,SENSOR_049,CO2,Cartagena,Norte,996.58,ppm,Alerta,,53.0,WiFi
5098,2024-02-21 10:48:00,SENSOR_087,Temperatura,Barranquilla,Sur,20.72,°C,Normal,98.81,32.0,4G
5099,2024-11-04 19:11:00,SENSOR_062,PM2.5,Barranquilla,Sur,57.67,µg/m3,Alerta,38.1,51.0,LoRaWAN
5100,2024-09-23 07:01:00,SENSOR_053,Humedad,Medellin,Occidente,73.34,%,Normal,85.35,88.0,4G
5101,2024-04-22 18:25:00,SENSOR_091,PM2.5,Medellin,Centro,39.42,µg/m3,Alerta,37.5,72.0,LoRaWAN
5102,2024-11-11 02:46:00,SENSOR_011,PM2.5,Medellin,Sur,83.59,µg/m3,Critico,92.52,59.0,Ethernet
5103,2024-12-19 17:14:00,SENSOR_075,Humedad,Bucaramanga,Occidente,39.73,%,Alerta,85.53,56.0,4G
5104,2024-12-10 17:56:00,SENSOR_028,PM2.5,Cali,Norte,112.45,µg/m3,Critico,74.69,85.0,Ethernet
5105,2024-11-21 23:48:00,SENSOR_089,Ruido,Cali,Sur,63.39,dB,Normal,47.79,78.0,WiFi
5106,2024-03-04 02:29:00,SENSOR_013,CO2,Bucaramanga,Occidente,471.96,ppm,Normal,18.59,83.0,WiFi
5107,2024-12-06 00:20:00,SENSOR_088,CO2,Bogota,Centro,1157.23,ppm,Alerta,30.47,64.0,LoRaWAN
5108,2024-02-26 05:57:00,SENSOR_074,PM2.5,Bogota,Occidente,87.55,µg/m3,Critico,55.75,35.0,WiFi
5109,2024-12-16 06:43:00,SENSOR_037,Temperatura,Medellin,Oriente,13.55,°C,Normal,7.7,41.0,4G
5110,2024-08-27 14:52:00,SENSOR_065,Ruido,Cartagena,Norte,,dB,Sin_Dato,75.61,55.0,4G
5111,2024-03-04 14:05:00,SENSOR_072,Temperatura,Cartagena,Centro,,°C,Sin_Dato,60.33,71.0,WiFi
5112,2024-03-28 18:11:00,SENSOR_020,CO2,Cartagena,Sur,1154.32,ppm,Alerta,95.78,42.0,Ethernet
5113,2024-06-15 00:05:00,SENSOR_013,Temperatura,Barranquilla,Sur,10.2,°C,Normal,47.02,36.0,LoRaWAN
5114,2024-11-22 22:02:00,SENSOR_077,CO2,Bogota,Norte,369.1,ppm,Normal,30.73,87.0,4G
5115,2024-06-10 19:28:00,SENSOR_047,CO2,Cartagena,Occidente,1054.09,ppm,Alerta,95.06,88.0,Ethernet
5116,2024-07-24 18:25:00,SENSOR_098,Temperatura,Cartagena,Sur,12.01,°C,Normal,59.1,97.0,4G
5117,2024-12-29 21:51:00,SENSOR_006,Humedad,Barranquilla,Oriente,44.68,%,Normal,30.68,46.0,Ethernet
5118,2024-03-05 22:15:00,SENSOR_015,PM2.5,Medellin,Occidente,86.35,µg/m3,Critico,90.06,99.0,LoRaWAN
5119,2024-12-28 06:22:00,SENSOR_094,PM2.5,Cali,Sur,10.14,µg/m3,Normal,59.03,35.0,LoRaWAN
5120,2024-09-30 07:38:00,SENSOR_074,PM2.5,Cartagena,Sur,97.56,µg/m3,Critico,89.78,25.0,WiFi
5121,2024-11-12 11:40:00,SENSOR_055,PM2.5,Cartagena,Sur,52.57,µg/m3,Alerta,46.75,49.0,4G
5122,2024-08-11 11:40:00,SENSOR_080,Humedad,Bucaramanga,Sur,32.68,%,Alerta,93.55,93.0,4G
5123,2024-04-01 16:03:00,SENSOR_049,Humedad,Barranquilla,Centro,90.15,%,Critico,42.72,67.0,Ethernet
5124,2024-07-26 19:37:00,SENSOR_017,Ruido,Barranquilla,Norte,64.21,dB,Normal,69.08,79.0,WiFi
5125,2024-11-11 12:38:00,SENSOR_042,Temperatura,Cartagena,Occidente,33.9,°C,Critico,70.58,72.0,LoRaWAN
5126,2024-08-08 06:11:00,SENSOR_042,Ruido,Bucaramanga,Sur,79.87,dB,Alerta,24.93,90.0,WiFi
5127,2024-06-01 01:59:00,SENSOR_080,Humedad,Medellin,Norte,33.78,%,Alerta,76.76,49.0,Ethernet
5128,2024-05-15 10:17:00,SENSOR_004,Ruido,Cali,Occidente,81.57,dB,Alerta,73.69,31.0,4G
5129,2024-06-17 18:06:00,SENSOR_026,PM2.5,Cali,Oriente,90.64,µg/m3,Critico,64.83,64.0,WiFi
5130,2024-02-28 20:12:00,SENSOR_023,PM2.5,Cartagena,Norte,76.42,µg/m3,Critico,89.36,46.0,Ethernet
5131,2024-01-11 13:10:00,SENSOR_096,Ruido,Cali,Sur,81.38,dB,Alerta,89.45,80.0,LoRaWAN
5132,2024-02-27 00:01:00,SENSOR_011,Humedad,Medellin,Occidente,42.76,%,Normal,60.08,99.0,4G
5133,2024-04-17 14:33:00,SENSOR_099,Humedad,Bucaramanga,Occidente,65.67,%,Normal,72.85,51.0,4G
5134,2024-06-20 05:55:00,SENSOR_056,Humedad,Barranquilla,Oriente,56.3,%,Normal,94.5,72.0,WiFi
5135,2024-07-29 02:47:00,SENSOR_047,CO2,Bucaramanga,Centro,1057.69,ppm,Alerta,6.11,98.0,LoRaWAN
5136,2024-04-20 01:08:00,SENSOR_075,Humedad,Medellin,Norte,70.33,%,Normal,60.05,63.0,4G
5137,2024-04-17 04:16:00,SENSOR_006,PM2.5,Bogota,Centro,64.55,µg/m3,Alerta,5.68,38.0,4G
5138,2024-12-28 10:14:00,SENSOR_039,PM2.5,Barranquilla,Oriente,8.98,µg/m3,Normal,77.31,20.0,4G
5139,2024-08-11 13:56:00,SENSOR_098,Humedad,Cali,Sur,61.57,%,Normal,61.82,83.0,LoRaWAN
5140,2024-07-10 10:56:00,SENSOR_061,Temperatura,Barranquilla,Oriente,24.59,°C,Normal,65.82,97.0,WiFi
5141,2024-09-29 11:20:00,SENSOR_057,Temperatura,Bogota,Occidente,,°C,Sin_Dato,75.2,93.0,4G
5142,2024-06-23 15:24:00,SENSOR_040,Humedad,Bogota,Centro,49.55,%,Normal,35.59,46.0,WiFi
5143,2024-02-10 18:29:00,SENSOR_049,PM2.5,Medellin,Oriente,108.0,µg/m3,Critico,49.51,75.0,Ethernet
5144,2024-03-04 15:35:00,SENSOR_089,PM2.5,Bucaramanga,Oriente,26.5,µg/m3,Normal,16.91,58.0,4G
5145,2024-12-24 13:28:00,SENSOR_047,Temperatura,Barranquilla,Occidente,12.34,°C,Normal,34.32,23.0,4G
5146,2024-09-07 13:20:00,SENSOR_076,Humedad,Barranquilla,Norte,52.39,%,Normal,44.29,61.0,WiFi
5147,2024-08-21 00:07:00,SENSOR_020,Temperatura,Cartagena,Occidente,17.75,°C,Normal,94.46,55.0,Ethernet
5148,2024-01-18 12:27:00,SENSOR_048,CO2,Bogota,Occidente,1180.29,ppm,Alerta,99.99,21.0,LoRaWAN
5149,2024-04-01 13:52:00,SENSOR_007,Humedad,Cali,Oriente,87.83,%,Alerta,58.1,62.0,4G
5150,2024-10-08 11:13:00,SENSOR_029,PM2.5,Medellin,Norte,38.99,µg/m3,Alerta,69.48,26.0,4G
5151,2024-02-23 19:35:00,SENSOR_008,Ruido,Medellin,Oriente,,dB,Sin_Dato,83.41,37.0,4G
5152,2024-08-28 18:20:00,SENSOR_004,Ruido,Bucaramanga,Norte,40.37,dB,Normal,79.47,26.0,4G
5153,2024-05-01 20:40:00,SENSOR_065,CO2,Bucaramanga,Centro,449.88,ppm,Normal,84.73,58.0,WiFi
5154,2024-04-20 02:57:00,SENSOR_040,Ruido,Cali,Sur,77.31,dB,Alerta,73.72,49.0,WiFi
5155,2024-07-17 05:31:00,SENSOR_003,CO2,Medellin,Centro,422.0,ppm,Normal,67.95,50.0,LoRaWAN
5156,2024-01-03 08:07:00,SENSOR_056,Humedad,Medellin,Occidente,84.49,%,Alerta,74.7,96.0,LoRaWAN
5157,2024-02-15 21:11:00,SENSOR_073,Humedad,Barranquilla,Sur,42.73,%,Normal,21.74,98.0,4G
5158,2024-10-04 10:56:00,SENSOR_095,Ruido,Cali,Sur,57.17,dB,Normal,86.28,21.0,WiFi
5159,2024-09-29 11:50:00,SENSOR_025,Ruido,Cartagena,Sur,78.82,dB,Alerta,71.12,67.0,WiFi
5160,2024-06-03 15:07:00,SENSOR_024,Ruido,Barranquilla,Sur,70.5,dB,Alerta,88.45,52.0,Ethernet
5161,2024-03-23 12:05:00,SENSOR_081,Temperatura,Medellin,Centro,11.02,°C,Normal,90.94,55.0,WiFi
5162,2024-01-05 00:49:00,SENSOR_058,Ruido,Bucaramanga,Centro,41.5,dB,Normal,73.89,34.0,Ethernet
5163,2024-06-24 22:10:00,SENSOR_040,Ruido,Cartagena,Occidente,41.2,dB,Normal,66.8,98.0,Ethernet
5164,2024-08-21 08:24:00,SENSOR_026,CO2,Bogota,Oriente,1776.5,ppm,Critico,40.68,40.0,LoRaWAN
5165,2024-01-17 18:22:00,SENSOR_083,Temperatura,Barranquilla,Centro,24.35,°C,Normal,72.33,30.0,4G
5166,2024-09-07 05:51:00,SENSOR_005,Humedad,Barranquilla,Centro,60.74,%,Normal,6.21,95.0,Ethernet
5167,2024-09-27 20:44:00,SENSOR_083,CO2,Bucaramanga,Occidente,1672.92,ppm,Critico,64.69,24.0,4G
5168,2024-11-11 21:31:00,SENSOR_040,CO2,Medellin,Centro,1607.47,ppm,Critico,33.21,49.0,LoRaWAN
5169,2024-07-26 20:43:00,SENSOR_063,Humedad,Bucaramanga,Occidente,70.4,%,Normal,84.74,45.0,4G
5170,2024-01-05 04:02:00,SENSOR_045,CO2,Cali,Centro,997.96,ppm,Alerta,82.23,44.0,4G
5171,2024-01-09 02:07:00,SENSOR_038,PM2.5,Medellin,Sur,17.84,µg/m3,Normal,58.42,38.0,Ethernet
5172,2024-12-08 13:39:00,SENSOR_038,Humedad,Cali,Norte,88.92,%,Alerta,97.59,21.0,4G
5173,2024-01-16 08:37:00,SENSOR_030,PM2.5,Bogota,Centro,84.01,µg/m3,Critico,,28.0,WiFi
5174,2024-08-06 05:01:00,SENSOR_002,CO2,Bucaramanga,Sur,1002.29,ppm,Alerta,20.98,47.0,LoRaWAN
5175,2024-08-10 13:44:00,SENSOR_095,Humedad,Barranquilla,Sur,51.68,%,Normal,29.77,81.0,LoRaWAN
5176,2024-09-15 03:55:00,SENSOR_003,Humedad,Cartagena,Norte,64.34,%,Normal,14.26,49.0,Ethernet
5177,2024-03-03 01:47:00,SENSOR_075,PM2.5,Cali,Occidente,8.32,µg/m3,Normal,83.88,82.0,WiFi
5178,2024-08-11 23:13:00,SENSOR_049,CO2,Medellin,Sur,1101.06,ppm,Alerta,54.38,100.0,Ethernet
5179,2024-05-09 01:01:00,SENSOR_007,Humedad,Medellin,Norte,79.68,%,Normal,50.74,53.0,4G
5180,2024-04-12 09:17:00,SENSOR_062,Temperatura,Barranquilla,Sur,18.81,°C,Normal,63.62,91.0,WiFi
5181,2024-04-30 12:16:00,SENSOR_031,Temperatura,Barranquilla,Norte,,°C,Sin_Dato,38.66,88.0,WiFi
5182,2024-08-25 05:23:00,SENSOR_096,CO2,Barranquilla,Centro,1074.31,ppm,Alerta,50.01,54.0,WiFi
5183,2024-07-07 18:00:00,SENSOR_085,Temperatura,Cali,Oriente,33.62,°C,Critico,90.74,45.0,4G
5184,2024-08-03 16:16:00,SENSOR_098,Humedad,Bogota,Oriente,76.95,%,Normal,14.02,53.0,Ethernet
5185,2024-05-17 17:22:00,SENSOR_093,Temperatura,Medellin,Oriente,29.19,°C,Alerta,76.72,70.0,4G
5186,2024-07-30 17:56:00,SENSOR_081,CO2,Cartagena,Centro,1617.79,ppm,Critico,97.92,91.0,WiFi
5187,2024-11-23 17:56:00,SENSOR_033,Humedad,Cartagena,Norte,71.96,%,Normal,22.91,73.0,LoRaWAN
5188,2024-04-09 11:38:00,SENSOR_069,Temperatura,Barranquilla,Sur,12.66,°C,Normal,,43.0,Ethernet
5189,2024-07-21 12:13:00,SENSOR_041,CO2,Barranquilla,Oriente,823.46,ppm,Alerta,66.79,67.0,WiFi
5190,2024-12-21 05:39:00,SENSOR_055,Ruido,Medellin,Norte,86.87,dB,Critico,85.45,49.0,Ethernet
5191,2024-03-22 17:35:00,SENSOR_024,Ruido,Bogota,Sur,67.44,dB,Normal,10.51,87.0,4G
5192,2024-01-16 02:21:00,SENSOR_033,Ruido,Medellin,Occidente,50.58,dB,Normal,43.34,83.0,LoRaWAN
5193,2024-12-13 09:14:00,SENSOR_034,PM2.5,Barranquilla,Sur,50.25,µg/m3,Alerta,94.83,22.0,4G
5194,2024-08-04 21:55:00,SENSOR_006,PM2.5,Medellin,Occidente,37.12,µg/m3,Alerta,,94.0,4G
5195,2024-07-13 01:48:00,SENSOR_079,CO2,Barranquilla,Oriente,1483.61,ppm,Critico,39.57,63.0,Ethernet
5196,2024-04-29 07:04:00,SENSOR_014,CO2,Barranquilla,Sur,1504.11,ppm,Critico,44.3,87.0,4G
5197,2024-10-25 04:31:00,SENSOR_095,Temperatura,Bucaramanga,Centro,11.63,°C,Normal,41.81,38.0,WiFi
5198,2024-11-29 04:59:00,SENSOR_084,PM2.5,Bucaramanga,Sur,12.71,µg/m3,Normal,50.52,55.0,LoRaWAN
5199,2024-06-13 06:12:00,SENSOR_029,PM2.5,Bucaramanga,Oriente,57.48,µg/m3,Alerta,46.34,39.0,LoRaWAN
5200,2024-06-27 04:13:00,SENSOR_074,Ruido,Bucaramanga,Centro,37.51,dB,Normal,55.41,46.0,4G
5201,2024-02-25 12:10:00,SENSOR_061,Humedad,Cartagena,Oriente,53.72,%,Normal,64.1,84.0,Ethernet
5202,2024-03-16 08:42:00,SENSOR_095,Ruido,Bucaramanga,Norte,90.95,dB,Critico,46.59,34.0,WiFi
5203,2024-09-14 05:45:00,SENSOR_088,Ruido,Barranquilla,Occidente,54.51,dB,Normal,54.72,20.0,WiFi
5204,2024-08-02 04:49:00,SENSOR_058,Ruido,Cartagena,Sur,84.6,dB,Alerta,60.61,71.0,WiFi
5205,2024-10-09 12:10:00,SENSOR_053,Temperatura,Medellin,Occidente,24.34,°C,Normal,59.1,69.0,4G
5206,2024-11-06 20:12:00,SENSOR_094,Ruido,Barranquilla,Oriente,49.99,dB,Normal,26.88,80.0,4G
5207,2024-10-20 11:24:00,SENSOR_002,CO2,Bogota,Oriente,685.25,ppm,Normal,31.19,85.0,4G
5208,2024-12-30 10:59:00,SENSOR_074,Temperatura,Bogota,Centro,32.9,°C,Critico,66.34,,Ethernet
5209,2024-01-09 18:05:00,SENSOR_064,PM2.5,Bucaramanga,Occidente,66.76,µg/m3,Alerta,92.09,73.0,WiFi
5210,2024-10-28 14:48:00,SENSOR_055,Humedad,Cali,Centro,30.24,%,Alerta,58.29,42.0,LoRaWAN
5211,2024-08-02 05:13:00,SENSOR_050,Ruido,Bucaramanga,Centro,65.74,dB,Normal,58.34,43.0,Ethernet
5212,2024-09-15 09:43:00,SENSOR_064,Humedad,Bogota,Sur,64.45,%,Normal,59.23,86.0,LoRaWAN
5213,2024-01-19 10:01:00,SENSOR_080,Humedad,Cartagena,Centro,87.86,%,Alerta,43.5,91.0,LoRaWAN
5214,2024-11-22 01:37:00,SENSOR_057,Ruido,Cali,Norte,55.48,dB,Normal,29.88,78.0,WiFi
5215,2024-08-22 10:17:00,SENSOR_039,Temperatura,Bucaramanga,Norte,13.34,°C,Normal,88.08,38.0,Ethernet
5216,2024-11-30 11:03:00,SENSOR_092,Ruido,Cartagena,Sur,74.27,dB,Alerta,71.66,25.0,Ethernet
5217,2024-06-18 03:47:00,SENSOR_092,Temperatura,Bogota,Centro,32.94,°C,Critico,49.64,25.0,WiFi
5218,2024-05-10 06:46:00,SENSOR_021,Humedad,Bogota,Centro,57.96,%,Normal,25.63,51.0,LoRaWAN
5219,2024-08-20 16:58:00,SENSOR_024,PM2.5,Medellin,Centro,24.0,µg/m3,Normal,36.94,43.0,WiFi
5220,2024-04-17 16:12:00,SENSOR_095,CO2,Bogota,Norte,1519.57,ppm,Critico,59.82,44.0,Ethernet
5221,2024-08-30 16:49:00,SENSOR_034,CO2,Cali,Norte,446.31,ppm,Normal,35.35,91.0,4G
5222,2024-11-03 03:44:00,SENSOR_039,Temperatura,Cartagena,Sur,26.37,°C,Normal,19.01,81.0,LoRaWAN
5223,2024-12-23 13:37:00,SENSOR_020,Temperatura,Bogota,Norte,14.91,°C,Normal,,50.0,4G
5224,2024-12-30 09:10:00,SENSOR_047,PM2.5,Cartagena,Occidente,9.5,µg/m3,Normal,82.26,,WiFi
5225,2024-04-03 15:22:00,SENSOR_029,Temperatura,Bucaramanga,Centro,24.46,°C,Normal,67.4,74.0,LoRaWAN
5226,2024-11-04 16:13:00,SENSOR_070,Ruido,Cartagena,Centro,93.46,dB,Critico,34.84,44.0,WiFi
5227,2024-04-13 13:48:00,SENSOR_083,PM2.5,Bucaramanga,Oriente,43.68,µg/m3,Alerta,56.43,29.0,LoRaWAN
5228,2024-06-03 13:38:00,SENSOR_094,PM2.5,Cali,Norte,114.48,µg/m3,Critico,75.68,83.0,4G
5229,2024-06-17 22:52:00,SENSOR_066,CO2,Bogota,Centro,684.28,ppm,Normal,23.4,73.0,LoRaWAN
5230,2024-08-07 00:52:00,SENSOR_016,Humedad,Bogota,Sur,82.91,%,Alerta,8.19,90.0,Ethernet
5231,2024-09-22 06:05:00,SENSOR_070,Humedad,Bucaramanga,Norte,46.87,%,Normal,11.36,41.0,WiFi
5232,2024-02-16 07:33:00,SENSOR_037,Ruido,Bucaramanga,Sur,90.78,dB,Critico,21.05,100.0,LoRaWAN
5233,2024-03-20 08:57:00,SENSOR_043,Ruido,Bucaramanga,Centro,91.2,dB,Critico,26.48,94.0,Ethernet
5234,2024-04-22 00:36:00,SENSOR_033,Temperatura,Bucaramanga,Oriente,11.21,°C,Normal,72.65,25.0,LoRaWAN
5235,2024-10-06 07:20:00,SENSOR_067,Ruido,Cali,Centro,48.67,dB,Normal,58.67,62.0,LoRaWAN
5236,2024-03-26 03:35:00,SENSOR_030,Humedad,Medellin,Oriente,30.36,%,Alerta,68.46,60.0,WiFi
5237,2024-04-05 23:51:00,SENSOR_017,Humedad,Cartagena,Occidente,39.86,%,Alerta,26.33,23.0,LoRaWAN
5238,2024-08-22 09:38:00,SENSOR_090,PM2.5,Bogota,Norte,6.85,µg/m3,Normal,33.38,37.0,Ethernet
5239,2024-05-16 16:50:00,SENSOR_099,Temperatura,Cali,Sur,19.23,°C,Normal,46.95,38.0,LoRaWAN
5240,2024-08-30 14:19:00,SENSOR_070,PM2.5,Bucaramanga,Oriente,18.74,µg/m3,Normal,8.76,80.0,Ethernet
5241,2024-05-22 20:59:00,SENSOR_094,PM2.5,Barranquilla,Sur,98.75,µg/m3,Critico,39.35,32.0,4G
5242,2024-02-10 07:20:00,SENSOR_053,CO2,Cartagena,Sur,536.9,ppm,Normal,8.38,62.0,4G
5243,2024-02-27 14:05:00,SENSOR_051,Ruido,Bogota,Sur,65.68,dB,Normal,37.06,33.0,4G
5244,2024-07-14 06:43:00,SENSOR_010,PM2.5,Bogota,Norte,66.69,µg/m3,Alerta,11.38,47.0,LoRaWAN
5245,2024-05-11 17:51:00,SENSOR_033,Ruido,Bucaramanga,Occidente,89.21,dB,Critico,38.77,61.0,LoRaWAN
5246,2024-07-09 05:12:00,SENSOR_070,PM2.5,Cartagena,Sur,99.4,µg/m3,Critico,65.06,25.0,Ethernet
5247,2024-02-06 15:04:00,SENSOR_040,PM2.5,Medellin,Occidente,65.73,µg/m3,Alerta,59.96,89.0,LoRaWAN
5248,2024-07-22 20:32:00,SENSOR_001,Humedad,Bucaramanga,Centro,67.69,%,Normal,59.25,59.0,WiFi
5249,2024-09-08 11:53:00,SENSOR_087,Temperatura,Barranquilla,Norte,23.16,°C,Normal,22.8,,Ethernet
5250,2024-12-04 13:30:00,SENSOR_064,PM2.5,Medellin,Centro,62.84,µg/m3,Alerta,26.83,94.0,4G
5251,2024-05-30 13:48:00,SENSOR_026,Ruido,Bucaramanga,Oriente,44.17,dB,Normal,17.99,59.0,WiFi
5252,2024-04-15 00:14:00,SENSOR_090,Temperatura,Bucaramanga,Occidente,13.59,°C,Normal,28.62,86.0,LoRaWAN
5253,2024-01-13 15:41:00,SENSOR_039,Humedad,Bogota,Oriente,41.53,%,Normal,68.81,61.0,LoRaWAN
5254,2024-07-16 17:48:00,SENSOR_040,CO2,Barranquilla,Occidente,,ppm,Sin_Dato,76.87,22.0,WiFi
5255,2024-10-10 04:02:00,SENSOR_069,Ruido,Bogota,Centro,92.85,dB,Critico,60.15,49.0,WiFi
5256,2024-08-31 20:02:00,SENSOR_013,Ruido,Barranquilla,Sur,,dB,Sin_Dato,51.87,25.0,4G
5257,2024-05-09 15:07:00,SENSOR_087,CO2,Cali,Centro,330.75,ppm,Normal,47.27,74.0,4G
5258,2024-08-14 00:16:00,SENSOR_026,CO2,Bucaramanga,Centro,1536.26,ppm,Critico,62.01,30.0,4G
5259,2024-11-12 13:59:00,SENSOR_069,Ruido,Bucaramanga,Oriente,59.92,dB,Normal,62.97,84.0,4G
5260,2024-10-05 17:55:00,SENSOR_031,Temperatura,Medellin,Norte,23.07,°C,Normal,53.2,30.0,WiFi
5261,2024-12-09 19:05:00,SENSOR_005,Ruido,Bogota,Sur,68.49,dB,Normal,10.4,40.0,Ethernet
5262,2024-06-15 08:01:00,SENSOR_080,Ruido,Medellin,Sur,85.73,dB,Critico,97.06,55.0,4G
5263,2024-08-31 02:27:00,SENSOR_099,PM2.5,Bogota,Occidente,32.34,µg/m3,Normal,65.08,93.0,Ethernet
5264,2024-08-10 05:00:00,SENSOR_092,Ruido,Barranquilla,Oriente,44.65,dB,Normal,29.29,41.0,4G
5265,2024-03-04 03:56:00,SENSOR_032,CO2,Medellin,Norte,1689.84,ppm,Critico,43.28,56.0,Ethernet
5266,2024-01-15 15:08:00,SENSOR_046,Humedad,Bucaramanga,Occidente,46.4,%,Normal,92.78,72.0,LoRaWAN
5267,2024-05-02 06:31:00,SENSOR_049,PM2.5,Bogota,Oriente,36.8,µg/m3,Alerta,77.16,29.0,4G
5268,2024-09-03 19:52:00,SENSOR_072,CO2,Bogota,Norte,553.84,ppm,Normal,30.67,58.0,LoRaWAN
5269,2024-02-12 10:46:00,SENSOR_039,Temperatura,Medellin,Sur,27.32,°C,Normal,40.64,70.0,WiFi
5270,2024-07-05 16:36:00,SENSOR_052,Temperatura,Cali,Norte,10.68,°C,Normal,48.99,69.0,WiFi
5271,2024-09-16 21:53:00,SENSOR_100,Temperatura,Barranquilla,Norte,25.42,°C,Normal,55.25,81.0,Ethernet
5272,2024-10-03 14:06:00,SENSOR_093,Ruido,Cartagena,Norte,66.3,dB,Normal,33.99,52.0,4G
5273,2024-12-17 11:29:00,SENSOR_066,Humedad,Cali,Centro,73.36,%,Normal,78.19,33.0,4G
5274,2024-04-15 07:26:00,SENSOR_055,CO2,Bogota,Norte,1174.83,ppm,Alerta,57.6,92.0,LoRaWAN
5275,2024-02-23 08:17:00,SENSOR_075,Ruido,Cali,Centro,42.92,dB,Normal,37.96,21.0,LoRaWAN
5276,2024-01-27 19:25:00,SENSOR_072,Humedad,Bucaramanga,Oriente,81.43,%,Alerta,52.81,29.0,WiFi
5277,2024-10-02 13:29:00,SENSOR_021,Temperatura,Cali,Oriente,19.68,°C,Normal,63.49,88.0,Ethernet
5278,2024-08-18 18:47:00,SENSOR_009,CO2,Medellin,Centro,832.25,ppm,Alerta,7.5,73.0,LoRaWAN
5279,2024-12-04 06:57:00,SENSOR_099,Temperatura,Bucaramanga,Centro,24.53,°C,Normal,92.34,39.0,4G
5280,2024-05-20 14:44:00,SENSOR_049,Temperatura,Medellin,Oriente,29.21,°C,Alerta,11.85,89.0,LoRaWAN
5281,2024-10-08 21:24:00,SENSOR_089,CO2,Medellin,Norte,638.79,ppm,Normal,11.45,22.0,LoRaWAN
5282,2024-09-18 16:50:00,SENSOR_070,Humedad,Cartagena,Oriente,53.01,%,Normal,39.57,26.0,LoRaWAN
5283,2024-01-29 11:20:00,SENSOR_008,Temperatura,Cali,Sur,33.71,°C,Critico,66.05,21.0,LoRaWAN
5284,2024-02-02 05:42:00,SENSOR_075,Humedad,Cali,Occidente,43.72,%,Normal,67.03,87.0,4G
5285,2024-04-28 17:56:00,SENSOR_020,Temperatura,Cali,Oriente,12.68,°C,Normal,42.1,25.0,4G
5286,2024-05-12 11:43:00,SENSOR_068,PM2.5,Bogota,Sur,50.29,µg/m3,Alerta,46.28,32.0,Ethernet
5287,2024-03-21 09:11:00,SENSOR_098,PM2.5,Cali,Sur,116.12,µg/m3,Critico,75.34,50.0,4G
5288,2024-06-11 01:30:00,SENSOR_049,CO2,Bucaramanga,Sur,724.11,ppm,Normal,26.73,38.0,Ethernet
5289,2024-12-05 02:13:00,SENSOR_071,CO2,Barranquilla,Sur,951.37,ppm,Alerta,11.13,64.0,Ethernet
5290,2024-02-26 03:44:00,SENSOR_053,Ruido,Bogota,Occidente,38.74,dB,Normal,51.87,23.0,WiFi
5291,2024-12-08 23:27:00,SENSOR_070,Ruido,Medellin,Occidente,91.28,dB,Critico,64.69,77.0,LoRaWAN
5292,2024-01-21 17:47:00,SENSOR_020,Ruido,Bucaramanga,Occidente,80.49,dB,Alerta,90.74,34.0,Ethernet
5293,2024-08-09 22:26:00,SENSOR_051,Temperatura,Cali,Norte,31.87,°C,Alerta,34.86,89.0,LoRaWAN
5294,2024-05-22 05:38:00,SENSOR_071,CO2,Bucaramanga,Occidente,1563.86,ppm,Critico,7.14,86.0,LoRaWAN
5295,2024-03-18 10:36:00,SENSOR_039,PM2.5,Cali,Oriente,44.94,µg/m3,Alerta,86.8,78.0,4G
5296,2024-02-17 18:55:00,SENSOR_044,Ruido,Barranquilla,Oriente,73.72,dB,Alerta,17.45,74.0,WiFi
5297,2024-05-16 23:26:00,SENSOR_084,Humedad,Bogota,Norte,80.91,%,Alerta,43.26,31.0,Ethernet
5298,2024-07-25 20:21:00,SENSOR_100,Humedad,Cartagena,Oriente,83.44,%,Alerta,54.73,69.0,LoRaWAN
5299,2024-10-24 11:33:00,SENSOR_038,PM2.5,Bucaramanga,Centro,14.22,µg/m3,Normal,38.86,24.0,Ethernet
5300,2024-03-19 10:29:00,SENSOR_082,Ruido,Cartagena,Occidente,89.48,dB,Critico,81.32,47.0,LoRaWAN
5301,2024-07-22 09:46:00,SENSOR_008,Humedad,Bucaramanga,Centro,68.24,%,Normal,82.28,75.0,Ethernet
5302,2024-11-01 14:38:00,SENSOR_062,PM2.5,Medellin,Oriente,100.77,µg/m3,Critico,21.63,68.0,4G
5303,2024-12-24 08:35:00,SENSOR_026,Ruido,Bogota,Occidente,46.33,dB,Normal,60.25,36.0,WiFi
5304,2024-02-02 12:53:00,SENSOR_056,PM2.5,Bucaramanga,Occidente,53.54,µg/m3,Alerta,40.19,31.0,LoRaWAN
5305,2024-12-07 06:51:00,SENSOR_002,PM2.5,Bogota,Norte,67.45,µg/m3,Alerta,77.94,52.0,LoRaWAN
5306,2024-08-01 02:50:00,SENSOR_011,Ruido,Bucaramanga,Sur,,dB,Sin_Dato,38.36,,Ethernet
5307,2024-09-09 20:45:00,SENSOR_022,Humedad,Cartagena,Sur,46.92,%,Normal,71.02,71.0,LoRaWAN
5308,2024-05-12 18:42:00,SENSOR_020,Temperatura,Medellin,Norte,,°C,Sin_Dato,80.47,99.0,Ethernet
5309,2024-11-24 23:27:00,SENSOR_040,CO2,Barranquilla,Centro,1257.8,ppm,Critico,67.54,,LoRaWAN
5310,2024-04-14 19:15:00,SENSOR_001,PM2.5,Barranquilla,Oriente,111.09,µg/m3,Critico,52.46,74.0,Ethernet
5311,2024-12-10 03:20:00,SENSOR_083,Temperatura,Bogota,Occidente,25.26,°C,Normal,12.65,33.0,4G
5312,2024-06-20 06:37:00,SENSOR_006,CO2,Cali,Oriente,1769.73,ppm,Critico,39.66,20.0,WiFi
5313,2024-10-22 21:51:00,SENSOR_086,PM2.5,Bucaramanga,Sur,16.7,µg/m3,Normal,80.86,41.0,4G
5314,2024-01-29 01:17:00,SENSOR_070,Temperatura,Bucaramanga,Centro,15.94,°C,Normal,,23.0,Ethernet
5315,2024-06-21 00:17:00,SENSOR_078,Ruido,Cartagena,Sur,93.04,dB,Critico,11.82,20.0,4G
5316,2024-07-08 09:02:00,SENSOR_090,Temperatura,Bucaramanga,Sur,21.71,°C,Normal,33.74,59.0,LoRaWAN
5317,2024-03-23 05:04:00,SENSOR_086,Ruido,Bucaramanga,Sur,60.06,dB,Normal,62.04,48.0,4G
5318,2024-06-20 17:23:00,SENSOR_075,CO2,Medellin,Occidente,,ppm,Sin_Dato,95.37,69.0,WiFi
5319,2024-01-30 00:33:00,SENSOR_098,Temperatura,Medellin,Norte,31.28,°C,Alerta,5.44,39.0,Ethernet
5320,2024-12-12 14:23:00,SENSOR_087,Temperatura,Bogota,Sur,25.5,°C,Normal,55.84,27.0,WiFi
5321,2024-07-16 00:51:00,SENSOR_044,Temperatura,Barranquilla,Occidente,32.36,°C,Critico,62.09,51.0,WiFi
5322,2024-07-16 09:16:00,SENSOR_017,PM2.5,Bogota,Centro,12.06,µg/m3,Normal,50.42,90.0,Ethernet
5323,2024-10-13 14:06:00,SENSOR_045,Humedad,Bucaramanga,Oriente,36.99,%,Alerta,92.77,51.0,LoRaWAN
5324,2024-03-31 22:04:00,SENSOR_007,CO2,Bogota,Occidente,1171.47,ppm,Alerta,72.59,53.0,4G
5325,2024-07-16 14:08:00,SENSOR_033,Ruido,Cali,Centro,93.79,dB,Critico,37.83,36.0,4G
5326,2024-02-08 08:39:00,SENSOR_076,CO2,Bucaramanga,Oriente,879.98,ppm,Alerta,76.13,64.0,LoRaWAN
5327,2024-03-27 12:34:00,SENSOR_038,Temperatura,Medellin,Norte,27.71,°C,Normal,38.25,64.0,WiFi
5328,2024-05-07 08:15:00,SENSOR_008,PM2.5,Cartagena,Centro,97.9,µg/m3,Critico,53.77,34.0,4G
5329,2024-09-04 16:19:00,SENSOR_029,Ruido,Cartagena,Sur,44.72,dB,Normal,91.09,65.0,Ethernet
5330,2024-02-13 02:12:00,SENSOR_096,CO2,Medellin,Oriente,861.07,ppm,Alerta,50.43,43.0,Ethernet
5331,2024-04-24 10:04:00,SENSOR_077,Ruido,Bogota,Sur,96.95,dB,Critico,76.85,29.0,WiFi
5332,2024-11-14 14:08:00,SENSOR_019,Ruido,Bogota,Norte,80.65,dB,Alerta,41.38,80.0,4G
5333,2024-12-28 07:12:00,SENSOR_007,CO2,Medellin,Norte,1478.65,ppm,Critico,14.26,21.0,4G
5334,2024-05-15 21:51:00,SENSOR_003,CO2,Cartagena,Centro,1255.99,ppm,Critico,27.59,52.0,WiFi
5335,2024-08-27 22:50:00,SENSOR_032,PM2.5,Bogota,Centro,31.42,µg/m3,Normal,26.97,79.0,4G
5336,2024-12-09 14:36:00,SENSOR_023,Ruido,Cartagena,Oriente,94.44,dB,Critico,8.88,49.0,Ethernet
5337,2024-10-17 15:05:00,SENSOR_065,Temperatura,Bogota,Occidente,,°C,Sin_Dato,82.27,98.0,Ethernet
5338,2024-07-24 03:25:00,SENSOR_021,Ruido,Barranquilla,Oriente,74.41,dB,Alerta,79.38,51.0,WiFi
5339,2024-05-17 01:28:00,SENSOR_068,Temperatura,Cali,Sur,31.54,°C,Alerta,66.62,62.0,WiFi
5340,2024-09-18 03:43:00,SENSOR_033,Humedad,Cali,Norte,46.61,%,Normal,73.18,66.0,LoRaWAN
5341,2024-02-16 06:52:00,SENSOR_002,PM2.5,Cartagena,Occidente,98.8,µg/m3,Critico,99.68,77.0,LoRaWAN
5342,2024-08-24 17:35:00,SENSOR_032,PM2.5,Bogota,Sur,95.39,µg/m3,Critico,61.56,70.0,WiFi
5343,2024-11-22 15:15:00,SENSOR_088,CO2,Medellin,Sur,1043.85,ppm,Alerta,27.44,90.0,WiFi
5344,2024-11-23 15:22:00,SENSOR_056,CO2,Cartagena,Norte,713.05,ppm,Normal,81.73,21.0,WiFi
5345,2024-11-07 00:29:00,SENSOR_020,PM2.5,Bogota,Occidente,95.82,µg/m3,Critico,99.83,45.0,WiFi
5346,2024-11-01 03:00:00,SENSOR_072,CO2,Barranquilla,Centro,409.91,ppm,Normal,15.91,83.0,WiFi
5347,2024-07-16 06:31:00,SENSOR_036,PM2.5,Cali,Centro,38.19,µg/m3,Alerta,22.18,68.0,Ethernet
5348,2024-02-17 11:28:00,SENSOR_079,Ruido,Bogota,Centro,85.81,dB,Critico,87.36,60.0,4G
5349,2024-07-14 16:46:00,SENSOR_053,PM2.5,Bucaramanga,Centro,49.01,µg/m3,Alerta,66.82,82.0,4G
5350,2024-01-18 19:39:00,SENSOR_099,CO2,Cartagena,Oriente,1100.21,ppm,Alerta,24.36,46.0,LoRaWAN
5351,2024-09-20 02:25:00,SENSOR_015,Humedad,Medellin,Norte,76.51,%,Normal,61.77,45.0,4G
5352,2024-06-27 04:25:00,SENSOR_024,PM2.5,Cali,Oriente,45.94,µg/m3,Alerta,52.15,44.0,Ethernet
5353,2024-12-10 20:11:00,SENSOR_062,CO2,Medellin,Centro,1143.97,ppm,Alerta,16.47,54.0,4G
5354,2024-12-04 21:03:00,SENSOR_015,PM2.5,Barranquilla,Oriente,52.87,µg/m3,Alerta,39.14,96.0,4G
5355,2024-07-08 22:14:00,SENSOR_003,Ruido,Medellin,Sur,73.86,dB,Alerta,40.24,59.0,WiFi
5356,2024-10-31 05:58:00,SENSOR_051,PM2.5,Cartagena,Occidente,22.19,µg/m3,Normal,53.94,49.0,WiFi
5357,2024-01-22 21:58:00,SENSOR_010,Ruido,Bogota,Occidente,77.3,dB,Alerta,74.06,41.0,WiFi
5358,2024-01-22 05:52:00,SENSOR_046,Ruido,Bucaramanga,Sur,45.68,dB,Normal,45.74,26.0,WiFi
5359,2024-11-08 20:12:00,SENSOR_009,Humedad,Cartagena,Centro,79.94,%,Normal,76.8,75.0,LoRaWAN
5360,2024-02-13 02:48:00,SENSOR_089,CO2,Bucaramanga,Occidente,348.11,ppm,Normal,75.78,59.0,WiFi
5361,2024-08-03 18:10:00,SENSOR_083,Humedad,Bucaramanga,Oriente,45.31,%,Normal,79.59,78.0,LoRaWAN
5362,2024-02-16 13:37:00,SENSOR_050,Humedad,Medellin,Norte,50.33,%,Normal,92.71,49.0,Ethernet
5363,2024-10-23 19:49:00,SENSOR_085,Humedad,Bogota,Norte,86.65,%,Alerta,13.81,37.0,WiFi
5364,2024-03-26 18:39:00,SENSOR_072,PM2.5,Medellin,Occidente,8.15,µg/m3,Normal,12.05,30.0,WiFi
5365,2024-09-13 01:04:00,SENSOR_083,CO2,Cartagena,Centro,1600.89,ppm,Critico,68.44,68.0,4G
5366,2024-06-26 02:20:00,SENSOR_028,CO2,Bogota,Occidente,1411.3,ppm,Critico,47.78,87.0,LoRaWAN
5367,2024-07-12 15:14:00,SENSOR_026,CO2,Cali,Oriente,533.38,ppm,Normal,43.28,81.0,4G
5368,2024-06-29 19:16:00,SENSOR_029,Humedad,Bogota,Centro,47.71,%,Normal,68.42,39.0,4G
5369,2024-07-26 02:41:00,SENSOR_084,Humedad,Medellin,Sur,84.03,%,Alerta,91.34,100.0,WiFi
5370,2024-07-28 19:21:00,SENSOR_002,Temperatura,Bogota,Centro,18.6,°C,Normal,68.06,88.0,Ethernet
5371,2024-07-31 15:56:00,SENSOR_013,CO2,Cali,Oriente,926.41,ppm,Alerta,9.22,53.0,4G
5372,2024-12-11 18:18:00,SENSOR_025,Temperatura,Bucaramanga,Sur,19.34,°C,Normal,35.51,74.0,4G
5373,2024-04-01 18:22:00,SENSOR_020,CO2,Barranquilla,Occidente,1686.22,ppm,Critico,10.36,93.0,WiFi
5374,2024-03-07 10:20:00,SENSOR_083,Temperatura,Medellin,Oriente,19.34,°C,Normal,14.62,67.0,LoRaWAN
5375,2024-02-11 07:12:00,SENSOR_008,PM2.5,Cali,Occidente,43.54,µg/m3,Alerta,,92.0,LoRaWAN
5376,2024-07-16 05:16:00,SENSOR_086,CO2,Cali,Occidente,1416.48,ppm,Critico,83.33,66.0,LoRaWAN
5377,2024-11-07 23:11:00,SENSOR_098,Humedad,Bogota,Norte,32.95,%,Alerta,71.28,98.0,WiFi
5378,2024-08-01 21:29:00,SENSOR_004,CO2,Barranquilla,Centro,,ppm,Sin_Dato,61.39,41.0,WiFi
5379,2024-03-12 12:55:00,SENSOR_019,Ruido,Barranquilla,Centro,47.05,dB,Normal,26.13,23.0,4G
5380,2024-08-04 08:29:00,SENSOR_011,PM2.5,Barranquilla,Occidente,58.27,µg/m3,Alerta,50.09,50.0,Ethernet
5381,2024-04-18 12:51:00,SENSOR_027,Humedad,Bogota,Oriente,36.47,%,Alerta,74.87,79.0,LoRaWAN
5382,2024-12-28 04:14:00,SENSOR_066,Humedad,Cartagena,Sur,86.51,%,Alerta,93.34,60.0,4G
5383,2024-08-19 20:07:00,SENSOR_042,PM2.5,Barranquilla,Occidente,41.22,µg/m3,Alerta,32.69,26.0,LoRaWAN
5384,2024-06-23 16:41:00,SENSOR_071,CO2,Bucaramanga,Norte,1777.07,ppm,Critico,58.05,24.0,Ethernet
5385,2024-07-10 14:46:00,SENSOR_084,CO2,Bogota,Sur,844.19,ppm,Alerta,70.58,68.0,4G
5386,2024-06-29 18:01:00,SENSOR_100,Ruido,Bucaramanga,Sur,38.17,dB,Normal,38.77,,WiFi
5387,2024-11-07 16:19:00,SENSOR_026,PM2.5,Cartagena,Sur,36.23,µg/m3,Alerta,,43.0,Ethernet
5388,2024-09-07 11:32:00,SENSOR_031,CO2,Bucaramanga,Centro,1388.22,ppm,Critico,62.78,70.0,4G
5389,2024-08-15 19:18:00,SENSOR_007,PM2.5,Cali,Centro,40.42,µg/m3,Alerta,48.49,82.0,WiFi
5390,2024-03-31 15:26:00,SENSOR_036,CO2,Medellin,Occidente,,ppm,Sin_Dato,45.64,89.0,4G
5391,2024-08-05 19:58:00,SENSOR_005,Temperatura,Medellin,Centro,,°C,Sin_Dato,76.47,100.0,LoRaWAN
5392,2024-10-10 05:31:00,SENSOR_004,Humedad,Bucaramanga,Sur,71.26,%,Normal,63.92,75.0,4G
5393,2024-08-13 15:52:00,SENSOR_078,Ruido,Bogota,Oriente,59.3,dB,Normal,47.71,93.0,WiFi
5394,2024-07-09 00:21:00,SENSOR_046,Humedad,Cali,Sur,42.1,%,Normal,12.66,47.0,WiFi
5395,2024-04-23 06:03:00,SENSOR_088,PM2.5,Bogota,Centro,83.42,µg/m3,Critico,25.61,44.0,WiFi
5396,2024-01-25 11:25:00,SENSOR_058,PM2.5,Barranquilla,Oriente,99.5,µg/m3,Critico,59.28,77.0,WiFi
5397,2024-10-30 03:35:00,SENSOR_050,PM2.5,Bucaramanga,Occidente,27.99,µg/m3,Normal,13.4,96.0,4G
5398,2024-06-12 22:53:00,SENSOR_069,Ruido,Bogota,Norte,54.07,dB,Normal,15.27,26.0,LoRaWAN
5399,2024-08-10 00:14:00,SENSOR_026,CO2,Cartagena,Norte,1232.5,ppm,Critico,30.19,85.0,LoRaWAN
5400,2024-06-29 16:32:00,SENSOR_076,Ruido,Cali,Norte,58.89,dB,Normal,13.58,49.0,LoRaWAN
5401,2024-07-23 20:26:00,SENSOR_074,Temperatura,Bucaramanga,Norte,,°C,Sin_Dato,26.34,34.0,4G
5402,2024-10-03 10:26:00,SENSOR_085,Temperatura,Cartagena,Oriente,22.28,°C,Normal,35.71,65.0,WiFi
5403,2024-09-08 16:01:00,SENSOR_013,Temperatura,Barranquilla,Occidente,33.31,°C,Critico,69.26,31.0,LoRaWAN
5404,2024-04-25 22:32:00,SENSOR_050,CO2,Bucaramanga,Norte,917.85,ppm,Alerta,72.11,100.0,WiFi
5405,2024-03-04 05:19:00,SENSOR_003,Temperatura,Cartagena,Centro,14.47,°C,Normal,89.89,45.0,LoRaWAN
5406,2024-12-13 00:34:00,SENSOR_034,CO2,Cartagena,Occidente,698.87,ppm,Normal,51.71,31.0,Ethernet
5407,2024-12-21 14:16:00,SENSOR_097,Temperatura,Cartagena,Centro,15.77,°C,Normal,39.02,48.0,4G
5408,2024-12-27 15:44:00,SENSOR_026,CO2,Cali,Norte,1211.83,ppm,Critico,7.4,23.0,WiFi
5409,2024-05-02 16:41:00,SENSOR_033,Temperatura,Medellin,Centro,21.23,°C,Normal,7.67,37.0,LoRaWAN
5410,2024-09-26 18:08:00,SENSOR_098,Ruido,Bucaramanga,Occidente,42.23,dB,Normal,52.78,42.0,WiFi
5411,2024-12-18 11:38:00,SENSOR_095,CO2,Medellin,Oriente,1796.94,ppm,Critico,98.25,27.0,LoRaWAN
5412,2024-12-10 07:39:00,SENSOR_072,Temperatura,Barranquilla,Occidente,22.0,°C,Normal,64.91,57.0,WiFi
5413,2024-04-21 05:30:00,SENSOR_050,Humedad,Medellin,Occidente,68.64,%,Normal,38.29,64.0,WiFi
5414,2024-12-05 01:03:00,SENSOR_031,Temperatura,Medellin,Norte,23.03,°C,Normal,86.21,55.0,4G
5415,2024-09-19 08:22:00,SENSOR_096,Temperatura,Medellin,Oriente,21.15,°C,Normal,31.38,69.0,4G
5416,2024-08-02 11:35:00,SENSOR_050,CO2,Cali,Oriente,1577.0,ppm,Critico,28.69,29.0,LoRaWAN
5417,2024-04-02 13:23:00,SENSOR_022,PM2.5,Barranquilla,Centro,106.57,µg/m3,Critico,94.08,40.0,4G
5418,2024-11-05 22:39:00,SENSOR_094,Ruido,Cartagena,Occidente,68.03,dB,Normal,21.44,67.0,WiFi
5419,2024-02-22 01:36:00,SENSOR_032,CO2,Barranquilla,Occidente,558.98,ppm,Normal,59.66,66.0,Ethernet
5420,2024-01-15 00:47:00,SENSOR_027,Ruido,Bogota,Oriente,41.68,dB,Normal,82.9,47.0,4G
5421,2024-07-21 13:50:00,SENSOR_061,Humedad,Bogota,Oriente,36.43,%,Alerta,22.15,65.0,Ethernet
5422,2024-07-19 18:14:00,SENSOR_091,CO2,Cali,Sur,483.68,ppm,Normal,77.17,44.0,WiFi
5423,2024-02-18 22:06:00,SENSOR_053,PM2.5,Cali,Sur,47.42,µg/m3,Alerta,96.05,92.0,WiFi
5424,2024-11-02 08:19:00,SENSOR_051,Temperatura,Cali,Sur,13.63,°C,Normal,28.8,47.0,Ethernet
5425,2024-02-08 13:57:00,SENSOR_015,CO2,Bucaramanga,Centro,1666.76,ppm,Critico,96.99,36.0,LoRaWAN
5426,2024-08-28 18:17:00,SENSOR_026,Ruido,Bogota,Occidente,55.63,dB,Normal,80.29,32.0,WiFi
5427,2024-08-30 18:38:00,SENSOR_035,PM2.5,Bogota,Centro,30.85,µg/m3,Normal,81.44,97.0,LoRaWAN
5428,2024-04-26 03:31:00,SENSOR_003,Ruido,Bucaramanga,Occidente,80.24,dB,Alerta,86.75,95.0,Ethernet
5429,2024-08-27 16:10:00,SENSOR_095,Humedad,Cartagena,Centro,66.14,%,Normal,97.77,86.0,Ethernet
5430,2024-02-25 16:50:00,SENSOR_043,PM2.5,Bucaramanga,Sur,18.84,µg/m3,Normal,11.4,75.0,Ethernet
5431,2024-02-05 18:30:00,SENSOR_087,Ruido,Cartagena,Occidente,87.78,dB,Critico,36.34,90.0,4G
5432,2024-01-17 20:03:00,SENSOR_026,Humedad,Cartagena,Sur,53.78,%,Normal,81.79,63.0,LoRaWAN
5433,2024-03-01 17:18:00,SENSOR_086,Ruido,Cali,Centro,73.04,dB,Alerta,15.04,31.0,WiFi
5434,2024-10-04 02:04:00,SENSOR_087,Ruido,Bucaramanga,Occidente,68.24,dB,Normal,78.59,52.0,Ethernet
5435,2024-10-26 12:23:00,SENSOR_058,Temperatura,Cali,Oriente,19.52,°C,Normal,7.31,45.0,LoRaWAN
5436,2024-05-14 05:45:00,SENSOR_088,Humedad,Bucaramanga,Occidente,80.64,%,Alerta,63.77,48.0,LoRaWAN
5437,2024-12-03 20:39:00,SENSOR_003,Ruido,Bogota,Centro,54.0,dB,Normal,18.86,100.0,WiFi
5438,2024-05-06 19:26:00,SENSOR_029,PM2.5,Cartagena,Oriente,114.93,µg/m3,Critico,56.04,79.0,Ethernet
5439,2024-02-07 09:10:00,SENSOR_036,Ruido,Bogota,Occidente,91.99,dB,Critico,45.14,40.0,4G
5440,2024-09-11 12:42:00,SENSOR_100,Humedad,Cartagena,Sur,40.93,%,Normal,73.81,66.0,4G
5441,2024-05-11 23:34:00,SENSOR_092,Ruido,Bucaramanga,Norte,86.83,dB,Critico,42.71,55.0,WiFi
5442,2024-09-21 22:08:00,SENSOR_074,Temperatura,Bucaramanga,Norte,18.09,°C,Normal,78.65,27.0,4G
5443,2024-01-03 21:37:00,SENSOR_092,Humedad,Bucaramanga,Occidente,63.56,%,Normal,92.7,94.0,Ethernet
5444,2024-12-21 10:24:00,SENSOR_020,Humedad,Cartagena,Sur,70.31,%,Normal,60.51,47.0,Ethernet
5445,2024-01-22 07:57:00,SENSOR_005,Humedad,Cali,Oriente,,%,Sin_Dato,55.41,41.0,4G
5446,2024-11-18 08:40:00,SENSOR_073,PM2.5,Bucaramanga,Centro,55.64,µg/m3,Alerta,11.56,58.0,4G
5447,2024-07-13 18:39:00,SENSOR_037,Temperatura,Medellin,Centro,13.16,°C,Normal,82.07,47.0,Ethernet
5448,2024-12-09 12:26:00,SENSOR_084,Temperatura,Cali,Centro,34.97,°C,Critico,78.71,38.0,Ethernet
5449,2024-01-18 10:39:00,SENSOR_076,Temperatura,Cartagena,Norte,22.85,°C,Normal,56.79,55.0,4G
5450,2024-01-22 08:40:00,SENSOR_059,PM2.5,Bogota,Sur,78.85,µg/m3,Critico,93.58,59.0,LoRaWAN
5451,2024-01-19 03:20:00,SENSOR_071,CO2,Medellin,Oriente,1198.58,ppm,Alerta,42.68,90.0,WiFi
5452,2024-12-25 03:46:00,SENSOR_036,CO2,Cartagena,Occidente,959.01,ppm,Alerta,19.84,88.0,Ethernet
5453,2024-07-03 22:24:00,SENSOR_022,CO2,Cali,Centro,1739.72,ppm,Critico,71.17,82.0,LoRaWAN
5454,2024-04-10 23:50:00,SENSOR_050,PM2.5,Cali,Occidente,39.32,µg/m3,Alerta,98.58,30.0,4G
5455,2024-07-15 12:39:00,SENSOR_045,Temperatura,Bogota,Centro,10.94,°C,Normal,81.04,34.0,WiFi
5456,2024-03-14 17:07:00,SENSOR_089,Ruido,Bucaramanga,Centro,83.11,dB,Alerta,,71.0,4G
5457,2024-10-24 14:36:00,SENSOR_094,Ruido,Medellin,Centro,65.48,dB,Normal,19.86,28.0,LoRaWAN
5458,2024-02-19 08:15:00,SENSOR_005,CO2,Cartagena,Norte,573.02,ppm,Normal,90.8,64.0,Ethernet
5459,2024-10-11 09:43:00,SENSOR_037,Ruido,Medellin,Occidente,81.02,dB,Alerta,77.86,78.0,4G
5460,2024-12-24 07:40:00,SENSOR_087,PM2.5,Medellin,Centro,70.48,µg/m3,Alerta,91.87,69.0,4G
5461,2024-01-13 14:54:00,SENSOR_027,CO2,Bucaramanga,Sur,1013.29,ppm,Alerta,12.24,81.0,4G
5462,2024-07-24 00:48:00,SENSOR_090,CO2,Medellin,Centro,437.27,ppm,Normal,49.04,29.0,4G
5463,2024-11-14 00:53:00,SENSOR_085,PM2.5,Bucaramanga,Sur,73.19,µg/m3,Alerta,23.21,92.0,LoRaWAN
5464,2024-05-05 22:26:00,SENSOR_060,CO2,Bogota,Norte,1034.2,ppm,Alerta,90.47,92.0,4G
5465,2024-04-03 08:28:00,SENSOR_017,Temperatura,Cali,Oriente,32.09,°C,Critico,7.69,93.0,LoRaWAN
5466,2024-04-28 17:17:00,SENSOR_034,Humedad,Bogota,Sur,81.14,%,Alerta,72.84,59.0,Ethernet
5467,2024-10-14 07:50:00,SENSOR_028,Temperatura,Cartagena,Oriente,11.05,°C,Normal,74.55,46.0,4G
5468,2024-09-14 16:17:00,SENSOR_064,PM2.5,Cali,Occidente,76.25,µg/m3,Critico,34.97,65.0,Ethernet
5469,2024-07-23 02:53:00,SENSOR_049,Ruido,Barranquilla,Oriente,95.81,dB,Critico,96.6,48.0,LoRaWAN
5470,2024-03-16 03:21:00,SENSOR_051,Temperatura,Cartagena,Sur,17.54,°C,Normal,15.51,52.0,LoRaWAN
5471,2024-05-25 08:17:00,SENSOR_090,CO2,Medellin,Sur,499.81,ppm,Normal,14.03,,4G
5472,2024-08-17 15:48:00,SENSOR_080,CO2,Bogota,Centro,450.36,ppm,Normal,58.25,29.0,LoRaWAN
5473,2024-10-18 12:08:00,SENSOR_075,PM2.5,Bogota,Sur,66.75,µg/m3,Alerta,44.21,78.0,WiFi
5474,2024-01-27 11:32:00,SENSOR_042,Humedad,Bucaramanga,Occidente,35.93,%,Alerta,52.3,95.0,LoRaWAN
5475,2024-02-12 21:37:00,SENSOR_085,CO2,Medellin,Sur,858.61,ppm,Alerta,45.83,36.0,LoRaWAN
5476,2024-05-07 14:51:00,SENSOR_094,PM2.5,Medellin,Centro,41.95,µg/m3,Alerta,99.1,32.0,LoRaWAN
5477,2024-09-02 07:46:00,SENSOR_074,PM2.5,Cali,Occidente,90.16,µg/m3,Critico,21.42,97.0,Ethernet
5478,2024-03-21 23:32:00,SENSOR_056,CO2,Bucaramanga,Sur,625.08,ppm,Normal,16.22,80.0,WiFi
5479,2024-05-29 00:04:00,SENSOR_017,Humedad,Cartagena,Centro,53.08,%,Normal,42.71,54.0,WiFi
5480,2024-12-08 01:21:00,SENSOR_075,Ruido,Medellin,Centro,55.25,dB,Normal,56.81,32.0,LoRaWAN
5481,2024-10-24 09:39:00,SENSOR_071,Ruido,Bucaramanga,Norte,67.09,dB,Normal,21.44,89.0,LoRaWAN
5482,2024-09-11 22:21:00,SENSOR_006,CO2,Medellin,Sur,1198.27,ppm,Alerta,26.25,33.0,4G
5483,2024-03-26 08:42:00,SENSOR_026,CO2,Bogota,Norte,1362.63,ppm,Critico,71.23,97.0,WiFi
5484,2024-05-26 14:28:00,SENSOR_089,Temperatura,Bucaramanga,Norte,24.81,°C,Normal,29.5,20.0,WiFi
5485,2024-07-31 05:19:00,SENSOR_054,Humedad,Barranquilla,Centro,,%,Sin_Dato,57.55,56.0,LoRaWAN
5486,2024-11-24 22:54:00,SENSOR_048,Humedad,Medellin,Occidente,34.01,%,Alerta,53.99,44.0,LoRaWAN
5487,2024-06-20 12:48:00,SENSOR_028,Ruido,Barranquilla,Norte,52.9,dB,Normal,38.26,20.0,Ethernet
5488,2024-09-11 17:50:00,SENSOR_050,Humedad,Cali,Occidente,51.31,%,Normal,27.68,68.0,WiFi
5489,2024-04-12 14:18:00,SENSOR_026,PM2.5,Barranquilla,Sur,5.24,µg/m3,Normal,50.53,96.0,WiFi
5490,2024-12-16 10:13:00,SENSOR_017,PM2.5,Cartagena,Sur,117.5,µg/m3,Critico,45.48,32.0,4G
5491,2024-10-21 11:18:00,SENSOR_096,Ruido,Medellin,Occidente,70.41,dB,Alerta,34.24,,WiFi
5492,2024-05-12 05:23:00,SENSOR_011,CO2,Cali,Norte,1497.85,ppm,Critico,63.71,40.0,Ethernet
5493,2024-05-03 22:08:00,SENSOR_066,PM2.5,Barranquilla,Norte,18.85,µg/m3,Normal,44.58,68.0,WiFi
5494,2024-08-01 23:49:00,SENSOR_007,Ruido,Medellin,Occidente,64.92,dB,Normal,41.54,46.0,4G
5495,2024-09-02 13:18:00,SENSOR_064,PM2.5,Cartagena,Norte,96.3,µg/m3,Critico,75.88,49.0,LoRaWAN
5496,2024-02-02 08:10:00,SENSOR_052,CO2,Cartagena,Occidente,1187.9,ppm,Alerta,26.18,99.0,Ethernet
5497,2024-01-20 07:17:00,SENSOR_051,Ruido,Barranquilla,Norte,80.73,dB,Alerta,15.42,57.0,Ethernet
5498,2024-12-08 18:49:00,SENSOR_036,CO2,Cali,Sur,1319.81,ppm,Critico,86.7,89.0,Ethernet
5499,2024-10-07 17:45:00,SENSOR_047,Ruido,Cartagena,Norte,73.81,dB,Alerta,54.04,42.0,Ethernet
5500,2024-08-02 16:41:00,SENSOR_042,Humedad,Cali,Occidente,38.12,%,Alerta,38.02,35.0,LoRaWAN
5501,2024-03-21 13:49:00,SENSOR_093,CO2,Medellin,Oriente,968.13,ppm,Alerta,14.16,56.0,LoRaWAN
5502,2024-02-01 13:56:00,SENSOR_094,Ruido,Bogota,Sur,35.13,dB,Normal,23.91,68.0,WiFi
5503,2024-12-09 12:58:00,SENSOR_084,PM2.5,Medellin,Sur,20.36,µg/m3,Normal,29.55,41.0,Ethernet
5504,2024-03-26 09:05:00,SENSOR_082,CO2,Cartagena,Centro,1217.73,ppm,Critico,21.7,97.0,LoRaWAN
5505,2024-03-25 09:17:00,SENSOR_021,CO2,Bogota,Oriente,1257.62,ppm,Critico,47.14,74.0,4G
5506,2024-10-12 02:35:00,SENSOR_044,Humedad,Bogota,Occidente,60.5,%,Normal,9.01,78.0,WiFi
5507,2024-04-28 18:05:00,SENSOR_047,PM2.5,Bogota,Oriente,89.26,µg/m3,Critico,93.14,67.0,WiFi
5508,2024-06-23 22:28:00,SENSOR_099,PM2.5,Cartagena,Oriente,14.54,µg/m3,Normal,99.59,75.0,4G
5509,2024-07-11 05:03:00,SENSOR_048,Temperatura,Medellin,Sur,22.66,°C,Normal,27.13,96.0,WiFi
5510,2024-08-16 21:56:00,SENSOR_100,Humedad,Cali,Norte,69.74,%,Normal,8.16,94.0,LoRaWAN
5511,2024-09-15 14:25:00,SENSOR_072,CO2,Cali,Sur,1562.26,ppm,Critico,74.23,77.0,4G
5512,2024-03-21 13:29:00,SENSOR_024,PM2.5,Cartagena,Occidente,32.41,µg/m3,Normal,69.24,78.0,WiFi
5513,2024-11-07 23:48:00,SENSOR_096,Humedad,Medellin,Norte,70.72,%,Normal,62.8,65.0,LoRaWAN
5514,2024-12-13 08:07:00,SENSOR_056,PM2.5,Medellin,Norte,79.65,µg/m3,Critico,86.1,64.0,Ethernet
5515,2024-12-10 05:55:00,SENSOR_035,Humedad,Cartagena,Oriente,83.08,%,Alerta,66.08,70.0,4G
5516,2024-11-07 06:28:00,SENSOR_086,Humedad,Barranquilla,Centro,63.24,%,Normal,69.68,84.0,LoRaWAN
5517,2024-01-15 11:04:00,SENSOR_043,PM2.5,Medellin,Centro,51.75,µg/m3,Alerta,22.34,80.0,Ethernet
5518,2024-03-30 16:11:00,SENSOR_058,CO2,Medellin,Oriente,386.93,ppm,Normal,32.94,,LoRaWAN
5519,2024-05-05 16:04:00,SENSOR_068,Humedad,Bucaramanga,Centro,60.99,%,Normal,30.58,92.0,Ethernet
5520,2024-07-06 20:52:00,SENSOR_044,PM2.5,Bogota,Centro,54.13,µg/m3,Alerta,99.71,80.0,WiFi
5521,2024-05-06 10:24:00,SENSOR_088,CO2,Cali,Norte,459.57,ppm,Normal,85.41,43.0,LoRaWAN
5522,2024-01-22 22:03:00,SENSOR_018,Humedad,Bucaramanga,Occidente,53.52,%,Normal,26.76,85.0,4G
5523,2024-09-12 09:47:00,SENSOR_025,Ruido,Bogota,Centro,56.01,dB,Normal,81.89,36.0,4G
5524,2024-05-29 08:24:00,SENSOR_034,PM2.5,Cali,Centro,8.35,µg/m3,Normal,50.62,47.0,Ethernet
5525,2024-10-06 04:43:00,SENSOR_050,PM2.5,Bucaramanga,Centro,49.16,µg/m3,Alerta,,63.0,WiFi
5526,2024-11-01 16:07:00,SENSOR_038,Temperatura,Bogota,Sur,15.73,°C,Normal,31.17,32.0,LoRaWAN
5527,2024-07-23 05:14:00,SENSOR_006,Temperatura,Bucaramanga,Occidente,32.81,°C,Critico,89.36,61.0,4G
5528,2024-03-14 17:35:00,SENSOR_059,CO2,Medellin,Norte,826.37,ppm,Alerta,19.85,30.0,WiFi
5529,2024-06-29 16:50:00,SENSOR_034,PM2.5,Bogota,Sur,16.96,µg/m3,Normal,57.17,69.0,LoRaWAN
5530,2024-06-08 13:49:00,SENSOR_042,Ruido,Barranquilla,Norte,48.3,dB,Normal,66.75,84.0,LoRaWAN
5531,2024-10-24 00:16:00,SENSOR_004,PM2.5,Barranquilla,Oriente,91.87,µg/m3,Critico,85.55,97.0,4G
5532,2024-02-28 16:59:00,SENSOR_080,PM2.5,Cali,Oriente,54.33,µg/m3,Alerta,22.14,96.0,LoRaWAN
5533,2024-07-05 23:24:00,SENSOR_083,PM2.5,Cartagena,Sur,58.23,µg/m3,Alerta,34.35,84.0,LoRaWAN
5534,2024-07-01 08:53:00,SENSOR_077,Humedad,Barranquilla,Centro,45.2,%,Normal,88.16,59.0,Ethernet
5535,2024-08-28 04:40:00,SENSOR_088,PM2.5,Bogota,Norte,101.55,µg/m3,Critico,53.23,98.0,WiFi
5536,2024-01-23 23:49:00,SENSOR_066,PM2.5,Bogota,Occidente,84.93,µg/m3,Critico,49.91,34.0,WiFi
5537,2024-07-26 10:44:00,SENSOR_059,CO2,Bogota,Occidente,1481.09,ppm,Critico,86.44,37.0,LoRaWAN
5538,2024-10-22 14:19:00,SENSOR_061,Temperatura,Medellin,Centro,29.64,°C,Alerta,88.71,,LoRaWAN
5539,2024-09-20 19:02:00,SENSOR_093,Ruido,Barranquilla,Norte,84.16,dB,Alerta,17.61,65.0,WiFi
5540,2024-08-06 11:37:00,SENSOR_056,Temperatura,Medellin,Centro,,°C,Sin_Dato,56.51,80.0,Ethernet
5541,2024-08-05 06:29:00,SENSOR_096,Humedad,Bogota,Sur,58.94,%,Normal,53.17,74.0,4G
5542,2024-02-26 22:20:00,SENSOR_097,Humedad,Cali,Occidente,64.86,%,Normal,9.27,45.0,4G
5543,2024-12-03 11:11:00,SENSOR_054,PM2.5,Barranquilla,Centro,74.86,µg/m3,Alerta,47.52,51.0,WiFi
5544,2024-03-11 22:20:00,SENSOR_002,Humedad,Medellin,Sur,93.94,%,Critico,91.73,62.0,LoRaWAN
5545,2024-03-24 05:46:00,SENSOR_089,CO2,Cali,Centro,358.99,ppm,Normal,,75.0,Ethernet
5546,2024-04-07 19:54:00,SENSOR_030,PM2.5,Cartagena,Oriente,112.67,µg/m3,Critico,97.42,84.0,4G
5547,2024-03-11 02:13:00,SENSOR_097,Ruido,Barranquilla,Centro,85.22,dB,Critico,35.8,93.0,LoRaWAN
5548,2024-08-19 15:39:00,SENSOR_069,Temperatura,Barranquilla,Oriente,19.21,°C,Normal,91.35,72.0,Ethernet
5549,2024-06-30 17:38:00,SENSOR_017,PM2.5,Cali,Sur,8.46,µg/m3,Normal,51.16,,Ethernet
5550,2024-06-05 08:19:00,SENSOR_097,Humedad,Bucaramanga,Norte,53.45,%,Normal,19.81,75.0,4G
5551,2024-10-06 22:35:00,SENSOR_087,Humedad,Bucaramanga,Occidente,47.23,%,Normal,87.57,53.0,4G
5552,2024-10-16 02:23:00,SENSOR_070,CO2,Cali,Sur,304.48,ppm,Normal,72.99,84.0,LoRaWAN
5553,2024-06-23 04:39:00,SENSOR_019,Temperatura,Bogota,Occidente,30.32,°C,Alerta,74.71,58.0,4G
5554,2024-03-10 03:23:00,SENSOR_062,Humedad,Cartagena,Sur,74.92,%,Normal,44.55,21.0,LoRaWAN
5555,2024-08-15 07:57:00,SENSOR_054,Temperatura,Medellin,Sur,17.73,°C,Normal,94.64,32.0,Ethernet
5556,2024-06-06 02:07:00,SENSOR_012,CO2,Bucaramanga,Oriente,1030.37,ppm,Alerta,25.97,22.0,LoRaWAN
5557,2024-11-16 21:24:00,SENSOR_035,Humedad,Medellin,Centro,32.54,%,Alerta,68.94,,WiFi
5558,2024-08-25 08:39:00,SENSOR_054,Humedad,Cartagena,Centro,73.33,%,Normal,52.3,84.0,WiFi
5559,2024-11-15 14:59:00,SENSOR_019,Temperatura,Cali,Norte,15.87,°C,Normal,58.34,79.0,4G
5560,2024-04-20 08:02:00,SENSOR_049,Ruido,Cartagena,Oriente,49.67,dB,Normal,89.54,75.0,WiFi
5561,2024-03-06 01:05:00,SENSOR_095,Temperatura,Cali,Centro,29.72,°C,Alerta,30.75,57.0,Ethernet
5562,2024-09-11 23:17:00,SENSOR_009,PM2.5,Bucaramanga,Oriente,17.71,µg/m3,Normal,73.35,60.0,4G
5563,2024-10-22 11:30:00,SENSOR_012,PM2.5,Bucaramanga,Centro,11.91,µg/m3,Normal,52.99,80.0,4G
5564,2024-01-20 17:34:00,SENSOR_009,PM2.5,Bucaramanga,Sur,41.22,µg/m3,Alerta,12.43,61.0,WiFi
5565,2024-10-24 03:04:00,SENSOR_027,Temperatura,Cali,Occidente,31.08,°C,Alerta,96.99,69.0,4G
5566,2024-09-27 21:04:00,SENSOR_083,Temperatura,Bucaramanga,Occidente,16.14,°C,Normal,74.11,50.0,WiFi
5567,2024-09-07 04:49:00,SENSOR_072,Ruido,Bogota,Occidente,45.74,dB,Normal,31.67,31.0,WiFi
5568,2024-02-16 06:50:00,SENSOR_005,PM2.5,Bucaramanga,Centro,63.35,µg/m3,Alerta,40.7,45.0,4G
5569,2024-11-09 20:11:00,SENSOR_042,Ruido,Medellin,Oriente,54.43,dB,Normal,,29.0,Ethernet
5570,2024-09-21 09:23:00,SENSOR_008,CO2,Medellin,Oriente,604.2,ppm,Normal,21.8,41.0,Ethernet
5571,2024-03-12 00:03:00,SENSOR_068,Humedad,Cartagena,Centro,51.31,%,Normal,11.34,100.0,4G
5572,2024-06-03 14:44:00,SENSOR_070,Temperatura,Bucaramanga,Norte,19.66,°C,Normal,66.74,84.0,Ethernet
5573,2024-09-18 04:20:00,SENSOR_060,Ruido,Medellin,Oriente,96.75,dB,Critico,93.55,33.0,WiFi
5574,2024-08-12 07:04:00,SENSOR_048,Ruido,Medellin,Centro,85.22,dB,Critico,30.89,,Ethernet
5575,2024-10-07 12:55:00,SENSOR_034,Temperatura,Cartagena,Sur,15.92,°C,Normal,,52.0,LoRaWAN
5576,2024-09-19 21:15:00,SENSOR_020,CO2,Barranquilla,Norte,1737.77,ppm,Critico,29.28,85.0,LoRaWAN
5577,2024-02-21 18:24:00,SENSOR_034,Ruido,Bogota,Norte,44.61,dB,Normal,55.15,33.0,4G
5578,2024-06-02 16:54:00,SENSOR_095,Temperatura,Medellin,Norte,12.49,°C,Normal,90.59,35.0,4G
5579,2024-12-24 17:37:00,SENSOR_018,Ruido,Medellin,Oriente,75.33,dB,Alerta,75.53,47.0,LoRaWAN
5580,2024-05-08 02:26:00,SENSOR_095,Temperatura,Medellin,Centro,22.91,°C,Normal,,47.0,WiFi
5581,2024-12-17 00:45:00,SENSOR_075,Humedad,Cartagena,Norte,69.07,%,Normal,22.88,97.0,WiFi
5582,2024-11-03 20:22:00,SENSOR_003,PM2.5,Medellin,Centro,69.84,µg/m3,Alerta,68.07,35.0,WiFi
5583,2024-07-12 16:06:00,SENSOR_031,PM2.5,Medellin,Sur,118.19,µg/m3,Critico,94.55,91.0,WiFi
5584,2024-09-20 20:22:00,SENSOR_070,Ruido,Cartagena,Oriente,88.31,dB,Critico,8.44,83.0,WiFi
5585,2024-05-09 21:35:00,SENSOR_036,CO2,Cali,Oriente,1692.11,ppm,Critico,93.83,68.0,LoRaWAN
5586,2024-07-18 01:02:00,SENSOR_004,Humedad,Barranquilla,Occidente,60.67,%,Normal,59.8,67.0,LoRaWAN
5587,2024-04-15 12:20:00,SENSOR_020,PM2.5,Barranquilla,Sur,9.25,µg/m3,Normal,41.75,46.0,Ethernet
5588,2024-05-18 12:27:00,SENSOR_083,Temperatura,Barranquilla,Occidente,25.57,°C,Normal,53.4,87.0,WiFi
5589,2024-07-17 21:42:00,SENSOR_007,PM2.5,Medellin,Sur,107.07,µg/m3,Critico,35.81,92.0,4G
5590,2024-05-05 12:09:00,SENSOR_054,CO2,Medellin,Norte,967.41,ppm,Alerta,11.68,65.0,Ethernet
5591,2024-10-24 02:00:00,SENSOR_012,CO2,Barranquilla,Sur,883.48,ppm,Alerta,30.47,87.0,LoRaWAN
5592,2024-12-08 16:13:00,SENSOR_016,Temperatura,Bogota,Oriente,12.4,°C,Normal,94.19,47.0,LoRaWAN
5593,2024-10-31 05:29:00,SENSOR_002,PM2.5,Bucaramanga,Sur,45.47,µg/m3,Alerta,77.24,66.0,WiFi
5594,2024-08-07 02:32:00,SENSOR_037,Temperatura,Medellin,Oriente,16.78,°C,Normal,98.5,70.0,WiFi
5595,2024-03-20 14:57:00,SENSOR_064,Ruido,Cali,Sur,63.68,dB,Normal,17.35,75.0,WiFi
5596,2024-01-27 10:25:00,SENSOR_065,Humedad,Cartagena,Oriente,33.07,%,Alerta,96.78,24.0,Ethernet
5597,2024-12-07 01:47:00,SENSOR_036,CO2,Bucaramanga,Oriente,746.17,ppm,Normal,,78.0,WiFi
5598,2024-08-21 08:39:00,SENSOR_044,Temperatura,Cali,Centro,26.8,°C,Normal,23.5,57.0,4G
5599,2024-03-05 23:25:00,SENSOR_099,Ruido,Bucaramanga,Norte,75.46,dB,Alerta,26.29,84.0,LoRaWAN
5600,2024-06-19 16:15:00,SENSOR_096,Humedad,Cali,Centro,38.07,%,Alerta,16.62,60.0,4G
5601,2024-10-04 12:26:00,SENSOR_027,Temperatura,Medellin,Norte,27.57,°C,Normal,85.58,63.0,Ethernet
5602,2024-12-10 23:18:00,SENSOR_066,CO2,Barranquilla,Occidente,1749.48,ppm,Critico,32.59,,WiFi
5603,2024-03-06 17:59:00,SENSOR_067,PM2.5,Bucaramanga,Oriente,23.94,µg/m3,Normal,33.82,85.0,WiFi
5604,2024-07-24 22:26:00,SENSOR_073,CO2,Bucaramanga,Oriente,1666.41,ppm,Critico,70.42,30.0,LoRaWAN
5605,2024-03-16 04:23:00,SENSOR_100,PM2.5,Medellin,Centro,24.5,µg/m3,Normal,77.6,48.0,LoRaWAN
5606,2024-06-01 20:42:00,SENSOR_077,Humedad,Cali,Oriente,77.7,%,Normal,70.78,88.0,4G
5607,2024-08-19 01:57:00,SENSOR_036,Ruido,Bucaramanga,Norte,64.96,dB,Normal,70.77,43.0,Ethernet
5608,2024-07-11 07:55:00,SENSOR_087,PM2.5,Barranquilla,Oriente,19.25,µg/m3,Normal,82.81,76.0,WiFi
5609,2024-04-03 05:48:00,SENSOR_032,Ruido,Medellin,Oriente,79.44,dB,Alerta,36.5,40.0,4G
5610,2024-11-15 14:56:00,SENSOR_032,Ruido,Cartagena,Occidente,80.59,dB,Alerta,,52.0,LoRaWAN
5611,2024-10-28 05:21:00,SENSOR_011,CO2,Medellin,Oriente,665.32,ppm,Normal,88.79,71.0,4G
5612,2024-04-02 21:54:00,SENSOR_065,CO2,Bucaramanga,Oriente,1713.72,ppm,Critico,52.59,21.0,LoRaWAN
5613,2024-04-19 04:33:00,SENSOR_009,PM2.5,Bogota,Occidente,85.05,µg/m3,Critico,48.62,28.0,Ethernet
5614,2024-10-31 04:30:00,SENSOR_085,PM2.5,Bucaramanga,Oriente,71.87,µg/m3,Alerta,51.87,44.0,Ethernet
5615,2024-01-24 08:02:00,SENSOR_100,PM2.5,Barranquilla,Oriente,9.78,µg/m3,Normal,51.26,88.0,4G
5616,2024-01-12 22:13:00,SENSOR_064,PM2.5,Barranquilla,Occidente,113.85,µg/m3,Critico,54.43,33.0,4G
5617,2024-10-21 01:10:00,SENSOR_017,PM2.5,Cali,Centro,14.4,µg/m3,Normal,69.59,68.0,LoRaWAN
5618,2024-10-14 19:37:00,SENSOR_062,CO2,Cali,Sur,1627.75,ppm,Critico,84.77,62.0,WiFi
5619,2024-09-23 02:59:00,SENSOR_040,Ruido,Barranquilla,Oriente,91.19,dB,Critico,32.35,21.0,LoRaWAN
5620,2024-08-29 04:47:00,SENSOR_034,Humedad,Bucaramanga,Sur,,%,Sin_Dato,99.5,48.0,LoRaWAN
5621,2024-06-09 20:08:00,SENSOR_085,CO2,Bucaramanga,Centro,1576.19,ppm,Critico,69.24,27.0,WiFi
5622,2024-06-28 01:41:00,SENSOR_093,CO2,Bucaramanga,Norte,1103.16,ppm,Alerta,83.55,93.0,Ethernet
5623,2024-11-01 07:18:00,SENSOR_041,PM2.5,Bucaramanga,Norte,43.71,µg/m3,Alerta,34.91,42.0,4G
5624,2024-01-09 16:11:00,SENSOR_063,CO2,Medellin,Centro,1319.39,ppm,Critico,9.53,42.0,4G
5625,2024-04-19 07:48:00,SENSOR_035,Humedad,Bucaramanga,Centro,89.9,%,Alerta,27.5,44.0,Ethernet
5626,2024-01-13 06:36:00,SENSOR_008,CO2,Bucaramanga,Occidente,,ppm,Sin_Dato,31.39,93.0,4G
5627,2024-09-20 15:36:00,SENSOR_042,Ruido,Cali,Centro,47.28,dB,Normal,87.3,,4G
5628,2024-04-03 03:52:00,SENSOR_039,Temperatura,Cali,Occidente,25.7,°C,Normal,5.01,82.0,WiFi
5629,2024-07-22 10:52:00,SENSOR_016,Ruido,Cartagena,Norte,87.64,dB,Critico,31.04,33.0,WiFi
5630,2024-04-09 09:21:00,SENSOR_024,Temperatura,Medellin,Sur,27.8,°C,Normal,74.66,29.0,WiFi
5631,2024-04-02 14:03:00,SENSOR_032,Humedad,Medellin,Norte,78.98,%,Normal,59.06,37.0,LoRaWAN
5632,2024-03-28 15:46:00,SENSOR_037,Humedad,Medellin,Oriente,41.18,%,Normal,30.53,99.0,WiFi
5633,2024-10-12 20:32:00,SENSOR_012,PM2.5,Bogota,Centro,71.78,µg/m3,Alerta,18.49,62.0,Ethernet
5634,2024-08-04 09:31:00,SENSOR_085,Temperatura,Medellin,Occidente,33.31,°C,Critico,65.41,99.0,LoRaWAN
5635,2024-03-29 22:59:00,SENSOR_080,PM2.5,Cartagena,Oriente,104.92,µg/m3,Critico,27.95,96.0,WiFi
5636,2024-03-19 15:52:00,SENSOR_045,Temperatura,Cali,Norte,27.27,°C,Normal,12.44,20.0,LoRaWAN
5637,2024-04-09 21:19:00,SENSOR_004,CO2,Bucaramanga,Sur,518.46,ppm,Normal,64.83,44.0,4G
5638,2024-12-26 06:59:00,SENSOR_025,Humedad,Bucaramanga,Sur,73.44,%,Normal,62.94,36.0,WiFi
5639,2024-08-17 16:06:00,SENSOR_049,Ruido,Cali,Oriente,41.15,dB,Normal,47.24,38.0,Ethernet
5640,2024-08-14 06:02:00,SENSOR_035,Temperatura,Barranquilla,Centro,18.7,°C,Normal,17.41,51.0,4G
5641,2024-08-13 08:50:00,SENSOR_099,Ruido,Barranquilla,Occidente,64.78,dB,Normal,42.62,90.0,Ethernet
5642,2024-11-14 03:47:00,SENSOR_015,Temperatura,Cartagena,Norte,33.83,°C,Critico,70.99,64.0,LoRaWAN
5643,2024-02-02 20:11:00,SENSOR_035,Ruido,Bogota,Norte,62.86,dB,Normal,98.19,60.0,WiFi
5644,2024-03-14 00:28:00,SENSOR_041,Humedad,Bucaramanga,Norte,65.15,%,Normal,64.18,,WiFi
5645,2024-07-30 11:25:00,SENSOR_043,PM2.5,Barranquilla,Occidente,55.47,µg/m3,Alerta,90.53,63.0,Ethernet
5646,2024-08-07 06:21:00,SENSOR_079,Ruido,Bucaramanga,Centro,43.05,dB,Normal,53.76,51.0,4G
5647,2024-07-16 01:23:00,SENSOR_046,PM2.5,Medellin,Norte,28.96,µg/m3,Normal,18.14,84.0,4G
5648,2024-06-01 10:49:00,SENSOR_016,Temperatura,Bogota,Norte,27.19,°C,Normal,39.51,98.0,WiFi
5649,2024-05-17 17:02:00,SENSOR_034,CO2,Cali,Centro,837.24,ppm,Alerta,63.53,94.0,Ethernet
5650,2024-07-06 04:30:00,SENSOR_090,CO2,Medellin,Occidente,676.64,ppm,Normal,76.47,58.0,4G
5651,2024-01-13 17:43:00,SENSOR_076,CO2,Cali,Sur,1710.93,ppm,Critico,76.67,32.0,Ethernet
5652,2024-07-26 10:52:00,SENSOR_075,Humedad,Cali,Sur,63.39,%,Normal,65.38,84.0,Ethernet
5653,2024-08-03 11:21:00,SENSOR_020,Ruido,Bucaramanga,Occidente,35.23,dB,Normal,86.51,63.0,WiFi
5654,2024-08-09 11:57:00,SENSOR_057,CO2,Cartagena,Oriente,951.4,ppm,Alerta,84.03,28.0,WiFi
5655,2024-09-01 23:27:00,SENSOR_093,CO2,Cartagena,Norte,457.06,ppm,Normal,52.87,56.0,Ethernet
5656,2024-04-25 22:51:00,SENSOR_032,Ruido,Bogota,Centro,59.44,dB,Normal,84.63,100.0,Ethernet
5657,2024-06-11 01:59:00,SENSOR_001,Humedad,Bogota,Sur,67.76,%,Normal,12.49,57.0,WiFi
5658,2024-11-29 20:00:00,SENSOR_086,CO2,Barranquilla,Sur,1150.42,ppm,Alerta,30.14,76.0,4G
5659,2024-09-04 17:31:00,SENSOR_080,Humedad,Medellin,Occidente,84.21,%,Alerta,19.12,78.0,LoRaWAN
5660,2024-03-14 21:08:00,SENSOR_085,Ruido,Bucaramanga,Centro,58.66,dB,Normal,76.37,71.0,LoRaWAN
5661,2024-01-10 22:17:00,SENSOR_051,Ruido,Medellin,Norte,68.07,dB,Normal,16.0,93.0,Ethernet
5662,2024-11-30 15:46:00,SENSOR_074,Humedad,Bucaramanga,Occidente,93.0,%,Critico,60.54,39.0,4G
5663,2024-08-14 14:34:00,SENSOR_037,PM2.5,Medellin,Oriente,62.87,µg/m3,Alerta,37.74,87.0,4G
5664,2024-12-27 15:20:00,SENSOR_077,Ruido,Cali,Oriente,39.5,dB,Normal,26.22,27.0,WiFi
5665,2024-02-08 18:07:00,SENSOR_061,Ruido,Cartagena,Oriente,79.43,dB,Alerta,31.86,24.0,4G
5666,2024-08-27 00:12:00,SENSOR_071,Ruido,Barranquilla,Centro,87.48,dB,Critico,92.46,89.0,WiFi
5667,2024-10-13 00:01:00,SENSOR_014,Ruido,Cartagena,Sur,86.25,dB,Critico,5.59,67.0,Ethernet
5668,2024-10-11 21:20:00,SENSOR_040,Humedad,Bucaramanga,Centro,86.97,%,Alerta,21.05,88.0,Ethernet
5669,2024-10-21 17:20:00,SENSOR_023,Temperatura,Medellin,Oriente,34.2,°C,Critico,48.39,63.0,Ethernet
5670,2024-10-31 22:38:00,SENSOR_059,Temperatura,Medellin,Occidente,27.01,°C,Normal,93.49,83.0,Ethernet
5671,2024-04-28 18:12:00,SENSOR_086,CO2,Medellin,Oriente,918.2,ppm,Alerta,48.66,65.0,Ethernet
5672,2024-03-27 01:45:00,SENSOR_054,Humedad,Cali,Centro,37.15,%,Alerta,75.4,45.0,LoRaWAN
5673,2024-07-04 19:31:00,SENSOR_044,Humedad,Barranquilla,Oriente,47.07,%,Normal,48.26,43.0,Ethernet
5674,2024-03-11 04:05:00,SENSOR_039,Temperatura,Cartagena,Centro,32.62,°C,Critico,66.3,29.0,4G
5675,2024-05-28 06:53:00,SENSOR_067,Ruido,Barranquilla,Centro,49.37,dB,Normal,16.01,73.0,Ethernet
5676,2024-01-07 21:20:00,SENSOR_044,Temperatura,Medellin,Norte,18.2,°C,Normal,23.93,27.0,Ethernet
5677,2024-10-20 03:53:00,SENSOR_089,PM2.5,Medellin,Sur,74.56,µg/m3,Alerta,59.34,44.0,WiFi
5678,2024-11-17 01:05:00,SENSOR_046,Humedad,Cartagena,Oriente,72.64,%,Normal,,57.0,LoRaWAN
5679,2024-03-12 02:53:00,SENSOR_050,Ruido,Bogota,Oriente,99.1,dB,Critico,80.96,61.0,LoRaWAN
5680,2024-09-11 11:01:00,SENSOR_025,Temperatura,Cartagena,Oriente,28.8,°C,Alerta,6.22,22.0,WiFi
5681,2024-08-16 23:58:00,SENSOR_084,PM2.5,Bucaramanga,Sur,86.83,µg/m3,Critico,72.3,26.0,4G
5682,2024-08-06 12:46:00,SENSOR_098,PM2.5,Cartagena,Norte,100.08,µg/m3,Critico,61.85,92.0,4G
5683,2024-09-03 08:40:00,SENSOR_086,CO2,Cali,Sur,1675.02,ppm,Critico,88.49,63.0,Ethernet
5684,2024-05-27 06:29:00,SENSOR_084,PM2.5,Bogota,Centro,42.07,µg/m3,Alerta,77.81,76.0,4G
5685,2024-08-02 20:33:00,SENSOR_048,Ruido,Barranquilla,Oriente,48.93,dB,Normal,18.14,72.0,4G
5686,2024-11-14 20:10:00,SENSOR_080,Humedad,Cartagena,Oriente,93.27,%,Critico,76.65,91.0,LoRaWAN
5687,2024-10-15 08:30:00,SENSOR_071,Ruido,Barranquilla,Norte,76.23,dB,Alerta,74.51,27.0,WiFi
5688,2024-08-27 18:04:00,SENSOR_087,CO2,Bogota,Norte,1792.72,ppm,Critico,62.89,61.0,Ethernet
5689,2024-05-14 02:55:00,SENSOR_016,Humedad,Medellin,Sur,92.31,%,Critico,80.67,,LoRaWAN
5690,2024-12-20 22:01:00,SENSOR_040,Temperatura,Cartagena,Norte,23.37,°C,Normal,,87.0,Ethernet
5691,2024-04-06 22:22:00,SENSOR_086,Ruido,Barranquilla,Occidente,,dB,Sin_Dato,40.15,61.0,4G
5692,2024-03-27 19:03:00,SENSOR_087,Ruido,Bogota,Oriente,80.62,dB,Alerta,6.43,93.0,Ethernet
5693,2024-01-30 14:57:00,SENSOR_071,Ruido,Cartagena,Oriente,49.81,dB,Normal,98.47,48.0,LoRaWAN
5694,2024-09-22 00:53:00,SENSOR_084,Ruido,Bucaramanga,Centro,42.34,dB,Normal,88.47,74.0,4G
5695,2024-06-28 01:08:00,SENSOR_050,Temperatura,Bogota,Oriente,,°C,Sin_Dato,12.48,40.0,4G
5696,2024-02-20 15:16:00,SENSOR_024,Humedad,Medellin,Centro,62.31,%,Normal,31.9,25.0,WiFi
5697,2024-10-26 08:01:00,SENSOR_077,CO2,Bogota,Norte,,ppm,Sin_Dato,30.82,71.0,4G
5698,2024-09-07 01:43:00,SENSOR_094,CO2,Cartagena,Centro,1639.02,ppm,Critico,82.3,100.0,WiFi
5699,2024-11-09 16:48:00,SENSOR_068,Humedad,Barranquilla,Occidente,34.74,%,Alerta,34.68,68.0,Ethernet
5700,2024-09-09 01:43:00,SENSOR_068,Humedad,Bucaramanga,Norte,78.32,%,Normal,41.74,81.0,Ethernet
5701,2024-10-17 17:00:00,SENSOR_068,Humedad,Medellin,Occidente,31.71,%,Alerta,49.83,84.0,Ethernet
5702,2024-12-25 19:17:00,SENSOR_038,Humedad,Bucaramanga,Sur,52.21,%,Normal,85.97,77.0,WiFi
5703,2024-07-24 16:39:00,SENSOR_035,CO2,Barranquilla,Sur,1137.01,ppm,Alerta,53.63,100.0,LoRaWAN
5704,2024-05-05 05:04:00,SENSOR_013,CO2,Bogota,Occidente,1115.91,ppm,Alerta,31.74,95.0,LoRaWAN
5705,2024-06-18 05:19:00,SENSOR_001,Ruido,Bogota,Occidente,94.17,dB,Critico,,67.0,4G
5706,2024-06-15 23:57:00,SENSOR_085,PM2.5,Barranquilla,Occidente,93.14,µg/m3,Critico,77.45,21.0,WiFi
5707,2024-07-02 14:03:00,SENSOR_024,PM2.5,Bucaramanga,Centro,74.26,µg/m3,Alerta,97.73,87.0,LoRaWAN
5708,2024-05-23 12:08:00,SENSOR_088,Temperatura,Medellin,Occidente,19.18,°C,Normal,44.04,100.0,WiFi
5709,2024-10-08 23:45:00,SENSOR_064,CO2,Cartagena,Centro,1465.39,ppm,Critico,66.93,90.0,WiFi
5710,2024-09-08 00:19:00,SENSOR_081,CO2,Barranquilla,Sur,496.7,ppm,Normal,53.89,94.0,WiFi
5711,2024-07-27 23:45:00,SENSOR_070,Ruido,Bogota,Occidente,72.17,dB,Alerta,53.14,25.0,LoRaWAN
5712,2024-12-15 21:27:00,SENSOR_050,PM2.5,Cartagena,Oriente,97.33,µg/m3,Critico,93.67,69.0,LoRaWAN
5713,2024-12-28 17:25:00,SENSOR_009,Ruido,Cali,Centro,78.92,dB,Alerta,96.66,35.0,WiFi
5714,2024-08-26 00:59:00,SENSOR_052,Humedad,Bucaramanga,Norte,41.59,%,Normal,25.72,43.0,LoRaWAN
5715,2024-12-24 22:15:00,SENSOR_070,CO2,Barranquilla,Oriente,802.82,ppm,Alerta,44.81,47.0,Ethernet
5716,2024-01-21 11:26:00,SENSOR_029,Temperatura,Medellin,Centro,27.92,°C,Normal,58.36,55.0,Ethernet
5717,2024-08-05 07:07:00,SENSOR_034,PM2.5,Barranquilla,Centro,12.63,µg/m3,Normal,53.71,81.0,Ethernet
5718,2024-04-12 18:20:00,SENSOR_069,PM2.5,Cartagena,Centro,30.24,µg/m3,Normal,40.5,41.0,4G
5719,2024-06-13 11:19:00,SENSOR_089,Temperatura,Cartagena,Occidente,27.7,°C,Normal,92.78,43.0,4G
5720,2024-07-17 13:08:00,SENSOR_025,CO2,Barranquilla,Oriente,1415.16,ppm,Critico,14.75,93.0,Ethernet
5721,2024-11-20 22:23:00,SENSOR_009,Temperatura,Cartagena,Sur,26.74,°C,Normal,46.95,69.0,4G
5722,2024-03-25 16:30:00,SENSOR_089,Humedad,Cali,Occidente,68.6,%,Normal,66.82,85.0,Ethernet
5723,2024-03-22 00:56:00,SENSOR_012,Temperatura,Cartagena,Occidente,23.96,°C,Normal,31.65,54.0,WiFi
5724,2024-04-05 02:27:00,SENSOR_056,PM2.5,Barranquilla,Centro,30.84,µg/m3,Normal,90.27,92.0,Ethernet
5725,2024-07-24 09:55:00,SENSOR_082,CO2,Barranquilla,Norte,391.16,ppm,Normal,78.45,90.0,LoRaWAN
5726,2024-04-25 21:21:00,SENSOR_001,CO2,Cali,Occidente,1685.39,ppm,Critico,52.06,63.0,Ethernet
5727,2024-11-24 13:57:00,SENSOR_041,Ruido,Medellin,Occidente,68.6,dB,Normal,37.54,95.0,4G
5728,2024-08-11 07:40:00,SENSOR_012,Ruido,Medellin,Norte,87.19,dB,Critico,67.58,86.0,WiFi
5729,2024-08-05 21:14:00,SENSOR_040,PM2.5,Cali,Occidente,93.31,µg/m3,Critico,54.49,79.0,4G
5730,2024-09-16 14:54:00,SENSOR_079,PM2.5,Cartagena,Centro,15.7,µg/m3,Normal,68.46,52.0,LoRaWAN
5731,2024-04-28 19:39:00,SENSOR_073,Humedad,Bucaramanga,Centro,,%,Sin_Dato,19.08,77.0,WiFi
5732,2024-01-26 21:59:00,SENSOR_016,Ruido,Cartagena,Centro,53.59,dB,Normal,40.4,28.0,4G
5733,2024-04-20 05:29:00,SENSOR_046,CO2,Bucaramanga,Norte,991.67,ppm,Alerta,84.64,24.0,Ethernet
5734,2024-10-31 20:31:00,SENSOR_045,Ruido,Cali,Sur,95.45,dB,Critico,52.06,76.0,WiFi
5735,2024-11-16 06:52:00,SENSOR_007,PM2.5,Bogota,Centro,117.15,µg/m3,Critico,97.31,81.0,LoRaWAN
5736,2024-06-19 03:11:00,SENSOR_065,CO2,Cartagena,Norte,979.66,ppm,Alerta,24.56,33.0,Ethernet
5737,2024-02-22 05:57:00,SENSOR_087,CO2,Barranquilla,Occidente,1344.81,ppm,Critico,15.16,80.0,WiFi
5738,2024-12-30 23:39:00,SENSOR_072,PM2.5,Bucaramanga,Sur,46.33,µg/m3,Alerta,16.36,74.0,4G
5739,2024-06-20 17:45:00,SENSOR_078,PM2.5,Medellin,Oriente,62.9,µg/m3,Alerta,59.63,64.0,Ethernet
5740,2024-05-08 18:15:00,SENSOR_098,Temperatura,Bogota,Centro,16.46,°C,Normal,79.53,57.0,WiFi
5741,2024-11-12 04:24:00,SENSOR_084,PM2.5,Cali,Oriente,73.05,µg/m3,Alerta,23.4,20.0,Ethernet
5742,2024-02-16 01:25:00,SENSOR_039,PM2.5,Bucaramanga,Norte,21.3,µg/m3,Normal,65.17,80.0,4G
5743,2024-11-20 20:37:00,SENSOR_084,Humedad,Bucaramanga,Norte,86.39,%,Alerta,5.39,38.0,Ethernet
5744,2024-01-14 02:38:00,SENSOR_096,Humedad,Cali,Oriente,38.37,%,Alerta,20.43,37.0,WiFi
5745,2024-03-09 09:18:00,SENSOR_030,Temperatura,Cali,Norte,22.74,°C,Normal,26.77,95.0,Ethernet
5746,2024-04-05 09:28:00,SENSOR_065,PM2.5,Bogota,Centro,,µg/m3,Sin_Dato,42.11,62.0,4G
5747,2024-09-22 13:53:00,SENSOR_076,CO2,Bogota,Norte,580.03,ppm,Normal,52.3,56.0,Ethernet
5748,2024-04-13 00:58:00,SENSOR_039,Temperatura,Cali,Occidente,22.46,°C,Normal,25.57,82.0,4G
5749,2024-05-23 22:50:00,SENSOR_098,PM2.5,Medellin,Occidente,92.66,µg/m3,Critico,71.84,60.0,LoRaWAN
5750,2024-03-08 11:37:00,SENSOR_100,Ruido,Medellin,Occidente,94.98,dB,Critico,31.74,62.0,LoRaWAN
5751,2024-12-20 02:32:00,SENSOR_042,Humedad,Cali,Norte,37.33,%,Alerta,98.72,81.0,WiFi
5752,2024-04-25 03:47:00,SENSOR_093,PM2.5,Barranquilla,Sur,18.49,µg/m3,Normal,6.2,32.0,Ethernet
5753,2024-11-30 07:45:00,SENSOR_066,Ruido,Cartagena,Oriente,83.08,dB,Alerta,91.95,,LoRaWAN
5754,2024-08-09 05:35:00,SENSOR_044,CO2,Bucaramanga,Occidente,1592.31,ppm,Critico,25.39,70.0,LoRaWAN
5755,2024-05-26 10:48:00,SENSOR_058,CO2,Medellin,Sur,1724.03,ppm,Critico,16.44,68.0,LoRaWAN
5756,2024-02-23 05:46:00,SENSOR_038,Ruido,Barranquilla,Norte,95.09,dB,Critico,60.08,64.0,LoRaWAN
5757,2024-06-20 15:42:00,SENSOR_040,Humedad,Barranquilla,Centro,89.23,%,Alerta,59.71,97.0,Ethernet
5758,2024-01-17 01:43:00,SENSOR_056,Temperatura,Barranquilla,Sur,34.75,°C,Critico,57.67,83.0,4G
5759,2024-11-07 23:54:00,SENSOR_029,PM2.5,Bucaramanga,Oriente,50.73,µg/m3,Alerta,,93.0,4G
5760,2024-03-22 07:45:00,SENSOR_070,CO2,Bogota,Sur,1213.68,ppm,Critico,36.12,61.0,WiFi
5761,2024-08-30 19:21:00,SENSOR_075,Temperatura,Cali,Occidente,11.52,°C,Normal,44.88,40.0,Ethernet
5762,2024-01-08 18:23:00,SENSOR_050,CO2,Bogota,Centro,,ppm,Sin_Dato,61.92,33.0,LoRaWAN
5763,2024-06-27 03:16:00,SENSOR_057,Temperatura,Medellin,Occidente,34.89,°C,Critico,58.01,59.0,Ethernet
5764,2024-11-17 10:18:00,SENSOR_047,Temperatura,Barranquilla,Norte,27.98,°C,Normal,86.56,28.0,Ethernet
5765,2024-08-05 16:47:00,SENSOR_028,PM2.5,Barranquilla,Norte,64.75,µg/m3,Alerta,85.2,20.0,WiFi
5766,2024-11-27 09:46:00,SENSOR_033,PM2.5,Bogota,Occidente,95.28,µg/m3,Critico,70.29,82.0,LoRaWAN
5767,2024-12-22 11:21:00,SENSOR_013,PM2.5,Cartagena,Occidente,26.52,µg/m3,Normal,23.37,63.0,LoRaWAN
5768,2024-12-10 16:37:00,SENSOR_071,Ruido,Bucaramanga,Centro,71.03,dB,Alerta,80.99,24.0,4G
5769,2024-04-27 05:33:00,SENSOR_022,CO2,Bogota,Oriente,332.28,ppm,Normal,51.37,84.0,4G
5770,2024-10-30 11:03:00,SENSOR_100,CO2,Bogota,Occidente,1385.35,ppm,Critico,,42.0,Ethernet
5771,2024-05-26 13:02:00,SENSOR_093,Humedad,Cartagena,Centro,79.24,%,Normal,74.98,91.0,WiFi
5772,2024-06-17 03:28:00,SENSOR_010,Humedad,Cali,Centro,58.0,%,Normal,54.99,76.0,Ethernet
5773,2024-05-07 03:26:00,SENSOR_075,CO2,Barranquilla,Norte,595.79,ppm,Normal,44.46,48.0,WiFi
5774,2024-08-24 22:32:00,SENSOR_089,CO2,Medellin,Norte,372.94,ppm,Normal,13.42,43.0,4G
5775,2024-01-13 01:38:00,SENSOR_062,PM2.5,Medellin,Occidente,112.29,µg/m3,Critico,93.76,38.0,4G
5776,2024-03-04 13:47:00,SENSOR_018,Ruido,Cali,Norte,43.3,dB,Normal,10.72,54.0,LoRaWAN
5777,2024-05-09 23:03:00,SENSOR_007,Temperatura,Barranquilla,Sur,,°C,Sin_Dato,12.6,79.0,WiFi
5778,2024-08-22 03:38:00,SENSOR_065,CO2,Bogota,Occidente,424.97,ppm,Normal,84.52,61.0,WiFi
5779,2024-08-08 11:29:00,SENSOR_014,CO2,Medellin,Norte,413.72,ppm,Normal,91.01,62.0,WiFi
5780,2024-05-12 07:31:00,SENSOR_051,Humedad,Bucaramanga,Centro,68.29,%,Normal,5.79,32.0,LoRaWAN
5781,2024-06-24 05:03:00,SENSOR_064,Temperatura,Bogota,Occidente,,°C,Sin_Dato,33.78,88.0,WiFi
5782,2024-12-26 07:34:00,SENSOR_041,Temperatura,Bucaramanga,Centro,23.89,°C,Normal,33.11,63.0,WiFi
5783,2024-04-25 22:05:00,SENSOR_060,Ruido,Cali,Norte,54.58,dB,Normal,63.34,27.0,LoRaWAN
5784,2024-05-13 09:38:00,SENSOR_098,CO2,Medellin,Norte,320.26,ppm,Normal,82.31,81.0,4G
5785,2024-09-16 06:25:00,SENSOR_094,Ruido,Bucaramanga,Norte,52.56,dB,Normal,64.92,67.0,LoRaWAN
5786,2024-02-23 04:48:00,SENSOR_013,CO2,Cartagena,Sur,427.3,ppm,Normal,47.04,80.0,Ethernet
5787,2024-11-11 14:22:00,SENSOR_017,Temperatura,Bucaramanga,Centro,27.74,°C,Normal,8.2,24.0,4G
5788,2024-01-16 06:23:00,SENSOR_061,Humedad,Medellin,Sur,64.38,%,Normal,11.22,79.0,WiFi
5789,2024-01-07 19:38:00,SENSOR_093,Ruido,Bucaramanga,Occidente,94.74,dB,Critico,5.06,60.0,4G
5790,2024-07-08 18:34:00,SENSOR_092,CO2,Bucaramanga,Sur,958.17,ppm,Alerta,14.45,59.0,4G
5791,2024-07-09 21:31:00,SENSOR_036,Humedad,Bucaramanga,Occidente,41.35,%,Normal,61.7,94.0,WiFi
5792,2024-06-15 04:50:00,SENSOR_069,CO2,Medellin,Norte,1610.11,ppm,Critico,95.18,63.0,4G
5793,2024-04-25 22:05:00,SENSOR_060,Ruido,Bucaramanga,Oriente,59.02,dB,Normal,96.57,35.0,Ethernet
5794,2024-01-17 23:40:00,SENSOR_008,Temperatura,Bogota,Norte,30.55,°C,Alerta,79.49,84.0,Ethernet
5795,2024-02-19 03:38:00,SENSOR_070,Ruido,Bucaramanga,Occidente,69.09,dB,Normal,20.74,27.0,WiFi
5796,2024-11-24 04:16:00,SENSOR_061,PM2.5,Medellin,Sur,98.8,µg/m3,Critico,65.92,43.0,LoRaWAN
5797,2024-01-19 21:31:00,SENSOR_075,Ruido,Cali,Oriente,35.24,dB,Normal,87.22,92.0,WiFi
5798,2024-05-12 22:59:00,SENSOR_047,Humedad,Barranquilla,Sur,63.86,%,Normal,48.24,91.0,LoRaWAN
5799,2024-01-19 14:37:00,SENSOR_057,CO2,Barranquilla,Centro,1172.26,ppm,Alerta,30.48,33.0,Ethernet
5800,2024-11-22 01:40:00,SENSOR_018,PM2.5,Medellin,Oriente,92.54,µg/m3,Critico,85.36,48.0,4G
5801,2024-02-10 19:45:00,SENSOR_015,Humedad,Barranquilla,Occidente,85.12,%,Alerta,45.62,53.0,LoRaWAN
5802,2024-08-19 04:47:00,SENSOR_006,Temperatura,Medellin,Norte,21.25,°C,Normal,78.31,54.0,Ethernet
5803,2024-03-28 13:41:00,SENSOR_045,Temperatura,Bucaramanga,Sur,21.84,°C,Normal,74.99,21.0,Ethernet
5804,2024-07-05 21:18:00,SENSOR_072,PM2.5,Cartagena,Norte,66.86,µg/m3,Alerta,12.78,33.0,LoRaWAN
5805,2024-04-14 08:00:00,SENSOR_052,Ruido,Medellin,Centro,79.17,dB,Alerta,49.82,83.0,LoRaWAN
5806,2024-12-02 17:53:00,SENSOR_014,Ruido,Barranquilla,Occidente,86.04,dB,Critico,39.9,75.0,Ethernet
5807,2024-06-27 04:17:00,SENSOR_055,Ruido,Cali,Occidente,76.82,dB,Alerta,61.0,46.0,WiFi
5808,2024-09-09 10:03:00,SENSOR_014,PM2.5,Bogota,Centro,61.75,µg/m3,Alerta,99.62,78.0,WiFi
5809,2024-02-12 19:17:00,SENSOR_076,Ruido,Barranquilla,Norte,42.18,dB,Normal,39.25,30.0,4G
5810,2024-12-04 21:07:00,SENSOR_049,Temperatura,Bogota,Oriente,21.27,°C,Normal,38.76,77.0,LoRaWAN
5811,2024-07-12 10:01:00,SENSOR_074,Temperatura,Medellin,Occidente,21.97,°C,Normal,84.42,54.0,WiFi
5812,2024-05-23 14:41:00,SENSOR_035,CO2,Barranquilla,Sur,392.14,ppm,Normal,54.58,60.0,WiFi
5813,2024-02-11 02:48:00,SENSOR_066,Temperatura,Bucaramanga,Oriente,30.73,°C,Alerta,69.79,94.0,WiFi
5814,2024-05-21 18:10:00,SENSOR_095,PM2.5,Cartagena,Centro,64.78,µg/m3,Alerta,5.91,46.0,Ethernet
5815,2024-08-27 12:34:00,SENSOR_038,Temperatura,Medellin,Oriente,13.3,°C,Normal,61.52,97.0,Ethernet
5816,2024-04-09 07:41:00,SENSOR_018,Ruido,Cali,Occidente,96.96,dB,Critico,25.81,83.0,Ethernet
5817,2024-10-04 20:28:00,SENSOR_006,Temperatura,Bogota,Norte,,°C,Sin_Dato,92.66,66.0,4G
5818,2024-02-27 18:30:00,SENSOR_016,Temperatura,Cali,Oriente,13.48,°C,Normal,17.77,34.0,WiFi
5819,2024-10-20 01:25:00,SENSOR_068,Ruido,Cali,Oriente,92.48,dB,Critico,44.66,24.0,LoRaWAN
5820,2024-05-13 16:59:00,SENSOR_082,Temperatura,Barranquilla,Occidente,15.38,°C,Normal,60.39,74.0,LoRaWAN
5821,2024-09-21 10:00:00,SENSOR_054,Humedad,Bucaramanga,Centro,75.68,%,Normal,57.47,75.0,LoRaWAN
5822,2024-02-24 10:44:00,SENSOR_042,Humedad,Cali,Oriente,46.12,%,Normal,11.21,30.0,4G
5823,2024-10-02 14:47:00,SENSOR_068,Temperatura,Medellin,Occidente,29.98,°C,Alerta,47.86,42.0,4G
5824,2024-01-12 21:49:00,SENSOR_064,Humedad,Bogota,Centro,31.8,%,Alerta,26.61,86.0,LoRaWAN
5825,2024-07-28 17:30:00,SENSOR_078,PM2.5,Medellin,Oriente,59.7,µg/m3,Alerta,51.58,57.0,LoRaWAN
5826,2024-11-24 19:23:00,SENSOR_015,CO2,Cartagena,Sur,1440.44,ppm,Critico,29.04,78.0,Ethernet
5827,2024-01-31 22:22:00,SENSOR_034,PM2.5,Bogota,Norte,62.49,µg/m3,Alerta,41.6,56.0,LoRaWAN
5828,2024-08-13 17:10:00,SENSOR_024,Humedad,Barranquilla,Occidente,43.86,%,Normal,30.85,21.0,LoRaWAN
5829,2024-05-02 00:01:00,SENSOR_075,CO2,Barranquilla,Sur,1385.14,ppm,Critico,97.87,41.0,WiFi
5830,2024-01-27 12:28:00,SENSOR_057,Ruido,Medellin,Centro,69.89,dB,Normal,58.26,51.0,Ethernet
5831,2024-11-14 20:03:00,SENSOR_051,CO2,Barranquilla,Oriente,1710.36,ppm,Critico,55.96,90.0,Ethernet
5832,2024-09-04 23:32:00,SENSOR_078,CO2,Cartagena,Centro,750.93,ppm,Normal,77.35,59.0,4G
5833,2024-07-19 17:30:00,SENSOR_054,Temperatura,Cali,Centro,23.05,°C,Normal,73.91,25.0,WiFi
5834,2024-11-03 18:22:00,SENSOR_014,Humedad,Bucaramanga,Occidente,47.24,%,Normal,11.93,70.0,4G
5835,2024-12-28 19:48:00,SENSOR_001,Humedad,Barranquilla,Oriente,54.19,%,Normal,18.0,51.0,LoRaWAN
5836,2024-02-03 12:14:00,SENSOR_044,CO2,Cali,Oriente,1759.73,ppm,Critico,63.41,80.0,LoRaWAN
5837,2024-05-04 04:04:00,SENSOR_040,Temperatura,Bogota,Centro,19.05,°C,Normal,68.2,90.0,WiFi
5838,2024-07-29 02:15:00,SENSOR_012,Ruido,Medellin,Oriente,,dB,Sin_Dato,74.58,86.0,Ethernet
5839,2024-04-08 10:05:00,SENSOR_085,PM2.5,Cartagena,Norte,19.3,µg/m3,Normal,27.88,30.0,Ethernet
5840,2024-07-21 09:56:00,SENSOR_084,Ruido,Bogota,Centro,83.99,dB,Alerta,55.98,52.0,4G
5841,2024-05-01 17:38:00,SENSOR_029,Ruido,Barranquilla,Oriente,82.24,dB,Alerta,35.35,37.0,LoRaWAN
5842,2024-07-18 02:41:00,SENSOR_019,Humedad,Cali,Oriente,40.22,%,Normal,93.56,51.0,4G
5843,2024-06-08 16:20:00,SENSOR_040,Humedad,Barranquilla,Norte,32.86,%,Alerta,70.2,37.0,4G
5844,2024-11-20 09:41:00,SENSOR_043,Ruido,Bucaramanga,Centro,95.07,dB,Critico,55.13,54.0,WiFi
5845,2024-11-28 07:44:00,SENSOR_029,PM2.5,Bogota,Occidente,84.97,µg/m3,Critico,53.98,93.0,4G
5846,2024-07-29 10:17:00,SENSOR_094,CO2,Barranquilla,Norte,1574.44,ppm,Critico,98.21,97.0,Ethernet
5847,2024-09-26 18:59:00,SENSOR_021,PM2.5,Medellin,Occidente,8.58,µg/m3,Normal,60.92,99.0,WiFi
5848,2024-01-20 08:01:00,SENSOR_078,Humedad,Medellin,Occidente,58.52,%,Normal,12.88,63.0,LoRaWAN
5849,2024-08-14 23:01:00,SENSOR_037,Humedad,Cali,Sur,69.03,%,Normal,92.53,74.0,4G
5850,2024-04-29 02:44:00,SENSOR_030,PM2.5,Medellin,Sur,60.8,µg/m3,Alerta,98.96,100.0,4G
5851,2024-12-24 16:30:00,SENSOR_070,Humedad,Cali,Centro,42.73,%,Normal,15.18,69.0,LoRaWAN
5852,2024-06-05 23:35:00,SENSOR_015,CO2,Medellin,Oriente,871.84,ppm,Alerta,40.93,76.0,WiFi
5853,2024-09-15 00:31:00,SENSOR_062,Temperatura,Bogota,Oriente,26.14,°C,Normal,26.19,48.0,4G
5854,2024-09-23 13:16:00,SENSOR_051,CO2,Medellin,Sur,,ppm,Sin_Dato,77.41,27.0,4G
5855,2024-07-08 14:26:00,SENSOR_011,Ruido,Bogota,Norte,78.02,dB,Alerta,,36.0,4G
5856,2024-01-24 08:29:00,SENSOR_011,PM2.5,Bucaramanga,Norte,102.75,µg/m3,Critico,78.59,70.0,Ethernet
5857,2024-10-28 08:20:00,SENSOR_054,Ruido,Medellin,Centro,,dB,Sin_Dato,44.25,89.0,Ethernet
5858,2024-06-15 06:42:00,SENSOR_077,PM2.5,Barranquilla,Occidente,40.97,µg/m3,Alerta,94.95,99.0,LoRaWAN
5859,2024-02-28 21:39:00,SENSOR_012,PM2.5,Bogota,Norte,40.1,µg/m3,Alerta,54.97,21.0,4G
5860,2024-04-16 14:19:00,SENSOR_057,Humedad,Cali,Norte,55.26,%,Normal,52.56,36.0,WiFi
5861,2024-02-29 12:49:00,SENSOR_032,Ruido,Barranquilla,Centro,85.72,dB,Critico,27.53,70.0,WiFi
5862,2024-03-12 04:06:00,SENSOR_085,Ruido,Cartagena,Oriente,79.37,dB,Alerta,12.02,69.0,LoRaWAN
5863,2024-07-02 14:02:00,SENSOR_053,Humedad,Cali,Occidente,57.0,%,Normal,93.8,39.0,Ethernet
5864,2024-01-14 16:29:00,SENSOR_007,Temperatura,Cartagena,Centro,10.08,°C,Normal,44.54,87.0,LoRaWAN
5865,2024-05-18 04:25:00,SENSOR_073,CO2,Bogota,Norte,667.76,ppm,Normal,83.52,47.0,4G
5866,2024-03-14 10:20:00,SENSOR_098,Temperatura,Medellin,Occidente,31.96,°C,Alerta,52.77,38.0,4G
5867,2024-11-02 12:12:00,SENSOR_016,Temperatura,Bucaramanga,Centro,,°C,Sin_Dato,91.12,91.0,4G
5868,2024-05-04 19:44:00,SENSOR_009,Temperatura,Medellin,Centro,19.05,°C,Normal,91.9,96.0,Ethernet
5869,2024-08-08 06:14:00,SENSOR_073,CO2,Bucaramanga,Centro,1260.11,ppm,Critico,60.25,78.0,Ethernet
5870,2024-11-06 17:39:00,SENSOR_086,Temperatura,Medellin,Centro,33.87,°C,Critico,12.29,100.0,LoRaWAN
5871,2024-04-11 15:51:00,SENSOR_018,CO2,Medellin,Oriente,657.58,ppm,Normal,29.56,42.0,LoRaWAN
5872,2024-01-10 10:31:00,SENSOR_062,Humedad,Bucaramanga,Norte,38.28,%,Alerta,91.46,94.0,LoRaWAN
5873,2024-08-12 17:52:00,SENSOR_034,Temperatura,Cartagena,Norte,33.07,°C,Critico,68.26,94.0,4G
5874,2024-10-29 07:54:00,SENSOR_002,Temperatura,Bogota,Oriente,22.81,°C,Normal,79.43,48.0,WiFi
5875,2024-12-19 02:19:00,SENSOR_026,Humedad,Bucaramanga,Norte,72.74,%,Normal,56.8,71.0,4G
5876,2024-03-27 14:43:00,SENSOR_057,Humedad,Bogota,Centro,69.95,%,Normal,5.56,76.0,4G
5877,2024-05-06 04:43:00,SENSOR_087,CO2,Medellin,Norte,504.42,ppm,Normal,87.04,49.0,LoRaWAN
5878,2024-04-05 11:36:00,SENSOR_019,Temperatura,Bucaramanga,Sur,,°C,Sin_Dato,31.09,44.0,WiFi
5879,2024-09-21 12:45:00,SENSOR_049,Ruido,Bucaramanga,Sur,35.82,dB,Normal,15.26,65.0,WiFi
5880,2024-12-19 20:56:00,SENSOR_034,Humedad,Medellin,Sur,65.19,%,Normal,63.63,92.0,4G
5881,2024-01-20 10:20:00,SENSOR_032,Ruido,Barranquilla,Centro,51.98,dB,Normal,54.12,39.0,Ethernet
5882,2024-12-12 05:22:00,SENSOR_038,CO2,Barranquilla,Occidente,1239.87,ppm,Critico,88.91,74.0,WiFi
5883,2024-04-17 07:26:00,SENSOR_036,PM2.5,Bucaramanga,Oriente,84.44,µg/m3,Critico,45.45,92.0,4G
5884,2024-11-11 07:24:00,SENSOR_048,Humedad,Cartagena,Centro,40.4,%,Normal,48.22,98.0,LoRaWAN
5885,2024-05-13 10:59:00,SENSOR_043,CO2,Barranquilla,Sur,664.83,ppm,Normal,47.96,41.0,WiFi
5886,2024-02-04 19:40:00,SENSOR_014,Ruido,Medellin,Oriente,58.53,dB,Normal,20.13,86.0,WiFi
5887,2024-06-19 18:44:00,SENSOR_063,Humedad,Medellin,Sur,33.01,%,Alerta,76.04,60.0,4G
5888,2024-02-18 10:12:00,SENSOR_084,CO2,Bucaramanga,Centro,1538.28,ppm,Critico,80.55,90.0,4G
5889,2024-02-01 19:18:00,SENSOR_007,Humedad,Medellin,Centro,,%,Sin_Dato,9.63,79.0,WiFi
5890,2024-01-21 08:22:00,SENSOR_082,Temperatura,Bogota,Norte,32.04,°C,Critico,52.75,92.0,LoRaWAN
5891,2024-09-26 18:54:00,SENSOR_044,Humedad,Bogota,Oriente,66.22,%,Normal,23.99,66.0,LoRaWAN
5892,2024-07-19 18:14:00,SENSOR_096,Ruido,Cartagena,Centro,93.01,dB,Critico,72.07,98.0,WiFi
5893,2024-11-03 04:13:00,SENSOR_042,CO2,Bogota,Oriente,1793.56,ppm,Critico,87.49,45.0,Ethernet
5894,2024-01-28 02:30:00,SENSOR_035,CO2,Medellin,Centro,516.67,ppm,Normal,46.66,87.0,Ethernet
5895,2024-02-13 07:11:00,SENSOR_099,PM2.5,Bogota,Centro,36.18,µg/m3,Alerta,43.65,63.0,Ethernet
5896,2024-10-17 03:48:00,SENSOR_031,PM2.5,Barranquilla,Norte,18.47,µg/m3,Normal,35.78,44.0,4G
5897,2024-11-09 05:42:00,SENSOR_006,Temperatura,Bucaramanga,Norte,34.43,°C,Critico,65.61,83.0,WiFi
5898,2024-11-20 12:47:00,SENSOR_032,Ruido,Bucaramanga,Norte,69.91,dB,Normal,46.26,76.0,Ethernet
5899,2024-01-12 19:51:00,SENSOR_058,Temperatura,Barranquilla,Occidente,19.61,°C,Normal,9.21,50.0,WiFi
5900,2024-07-21 20:13:00,SENSOR_074,CO2,Medellin,Sur,1211.5,ppm,Critico,41.93,25.0,4G
5901,2024-11-15 10:36:00,SENSOR_079,Humedad,Barranquilla,Occidente,41.24,%,Normal,36.95,58.0,WiFi
5902,2024-07-08 23:08:00,SENSOR_093,PM2.5,Cali,Centro,75.43,µg/m3,Critico,7.38,54.0,WiFi
5903,2024-03-05 03:19:00,SENSOR_091,Ruido,Bucaramanga,Centro,43.02,dB,Normal,87.26,45.0,LoRaWAN
5904,2024-08-23 02:23:00,SENSOR_023,CO2,Cartagena,Centro,583.3,ppm,Normal,41.69,67.0,WiFi
5905,2024-10-22 01:54:00,SENSOR_039,Ruido,Cartagena,Sur,86.39,dB,Critico,65.37,34.0,LoRaWAN
5906,2024-03-20 14:21:00,SENSOR_047,CO2,Bucaramanga,Oriente,327.32,ppm,Normal,83.57,32.0,Ethernet
5907,2024-01-22 06:04:00,SENSOR_055,Temperatura,Bogota,Occidente,20.99,°C,Normal,7.91,87.0,4G
5908,2024-04-17 16:33:00,SENSOR_034,Ruido,Cartagena,Occidente,65.94,dB,Normal,51.38,62.0,WiFi
5909,2024-01-14 07:28:00,SENSOR_100,Humedad,Barranquilla,Centro,74.16,%,Normal,63.95,73.0,LoRaWAN
5910,2024-11-19 23:25:00,SENSOR_001,PM2.5,Barranquilla,Sur,8.3,µg/m3,Normal,42.84,75.0,Ethernet
5911,2024-04-07 22:40:00,SENSOR_043,CO2,Bucaramanga,Occidente,1568.98,ppm,Critico,80.25,84.0,WiFi
5912,2024-05-07 10:44:00,SENSOR_049,Humedad,Bogota,Sur,82.85,%,Alerta,67.97,69.0,Ethernet
5913,2024-09-07 08:40:00,SENSOR_016,PM2.5,Medellin,Oriente,36.52,µg/m3,Alerta,7.08,68.0,4G
5914,2024-09-02 03:04:00,SENSOR_088,Temperatura,Cartagena,Centro,26.22,°C,Normal,47.77,98.0,WiFi
5915,2024-11-21 04:58:00,SENSOR_014,Temperatura,Cali,Centro,34.26,°C,Critico,97.91,84.0,LoRaWAN
5916,2024-02-19 03:27:00,SENSOR_075,Humedad,Medellin,Oriente,85.58,%,Alerta,13.63,58.0,LoRaWAN
5917,2024-11-04 18:08:00,SENSOR_004,Temperatura,Bucaramanga,Occidente,14.0,°C,Normal,89.98,95.0,4G
5918,2024-09-06 10:33:00,SENSOR_021,PM2.5,Medellin,Norte,114.43,µg/m3,Critico,22.59,30.0,LoRaWAN
5919,2024-08-14 07:36:00,SENSOR_062,Temperatura,Cartagena,Oriente,25.6,°C,Normal,59.29,85.0,4G
5920,2024-02-26 21:56:00,SENSOR_091,Ruido,Medellin,Centro,55.42,dB,Normal,37.5,51.0,4G
5921,2024-07-20 14:45:00,SENSOR_045,Humedad,Barranquilla,Centro,73.2,%,Normal,55.9,85.0,LoRaWAN
5922,2024-05-26 23:54:00,SENSOR_010,CO2,Bogota,Oriente,420.26,ppm,Normal,55.11,55.0,4G
5923,2024-11-17 17:45:00,SENSOR_028,PM2.5,Bogota,Centro,100.81,µg/m3,Critico,58.34,73.0,4G
5924,2024-04-17 14:29:00,SENSOR_097,CO2,Cartagena,Norte,472.62,ppm,Normal,53.43,,Ethernet
5925,2024-01-26 01:50:00,SENSOR_060,PM2.5,Medellin,Norte,71.04,µg/m3,Alerta,64.46,24.0,Ethernet
5926,2024-12-23 08:53:00,SENSOR_020,PM2.5,Bogota,Occidente,7.13,µg/m3,Normal,90.27,62.0,Ethernet
5927,2024-09-20 08:36:00,SENSOR_048,Temperatura,Medellin,Sur,13.75,°C,Normal,51.84,78.0,4G
5928,2024-11-29 00:49:00,SENSOR_057,PM2.5,Cali,Norte,111.86,µg/m3,Critico,24.95,100.0,Ethernet
5929,2024-03-09 10:31:00,SENSOR_010,PM2.5,Cartagena,Oriente,106.63,µg/m3,Critico,90.56,34.0,LoRaWAN
5930,2024-05-11 06:13:00,SENSOR_073,Temperatura,Medellin,Centro,26.9,°C,Normal,18.75,54.0,Ethernet
5931,2024-12-06 21:47:00,SENSOR_052,Ruido,Barranquilla,Centro,85.44,dB,Critico,40.35,26.0,WiFi
5932,2024-01-15 19:25:00,SENSOR_074,Ruido,Medellin,Centro,70.85,dB,Alerta,43.16,80.0,WiFi
5933,2024-09-01 15:25:00,SENSOR_043,PM2.5,Bucaramanga,Norte,35.51,µg/m3,Alerta,56.91,29.0,Ethernet
5934,2024-10-07 04:01:00,SENSOR_064,Ruido,Barranquilla,Norte,66.53,dB,Normal,60.99,70.0,4G
5935,2024-09-07 16:43:00,SENSOR_079,Temperatura,Barranquilla,Norte,12.93,°C,Normal,67.95,97.0,WiFi
5936,2024-05-07 04:26:00,SENSOR_080,Humedad,Cartagena,Occidente,82.95,%,Alerta,95.62,30.0,WiFi
5937,2024-01-01 01:45:00,SENSOR_025,Temperatura,Cali,Occidente,31.69,°C,Alerta,89.9,27.0,LoRaWAN
5938,2024-09-05 15:08:00,SENSOR_087,PM2.5,Cartagena,Norte,46.4,µg/m3,Alerta,40.78,58.0,LoRaWAN
5939,2024-06-30 22:43:00,SENSOR_042,Ruido,Barranquilla,Sur,42.38,dB,Normal,21.43,26.0,WiFi
5940,2024-05-18 16:50:00,SENSOR_057,Humedad,Medellin,Oriente,86.56,%,Alerta,37.69,24.0,WiFi
5941,2024-08-29 04:31:00,SENSOR_009,Temperatura,Barranquilla,Occidente,29.72,°C,Alerta,88.2,74.0,4G
5942,2024-10-25 21:32:00,SENSOR_009,Ruido,Cali,Sur,85.38,dB,Critico,39.62,48.0,WiFi
5943,2024-02-14 20:38:00,SENSOR_006,Ruido,Medellin,Oriente,74.59,dB,Alerta,85.59,60.0,Ethernet
5944,2024-02-21 13:22:00,SENSOR_035,Temperatura,Cartagena,Occidente,19.32,°C,Normal,14.28,45.0,Ethernet
5945,2024-07-01 03:29:00,SENSOR_036,Temperatura,Bucaramanga,Sur,33.0,°C,Critico,57.38,73.0,LoRaWAN
5946,2024-05-05 01:11:00,SENSOR_057,CO2,Medellin,Sur,1465.24,ppm,Critico,22.98,39.0,LoRaWAN
5947,2024-01-22 06:26:00,SENSOR_018,PM2.5,Medellin,Centro,109.0,µg/m3,Critico,17.95,94.0,LoRaWAN
5948,2024-05-21 16:13:00,SENSOR_079,CO2,Bucaramanga,Centro,460.58,ppm,Normal,89.15,58.0,WiFi
5949,2024-08-12 17:12:00,SENSOR_085,Temperatura,Medellin,Occidente,24.21,°C,Normal,46.98,53.0,WiFi
5950,2024-05-07 09:09:00,SENSOR_066,CO2,Medellin,Norte,1527.29,ppm,Critico,61.1,77.0,WiFi
5951,2024-05-08 23:31:00,SENSOR_038,Temperatura,Cartagena,Centro,24.44,°C,Normal,80.49,91.0,Ethernet
5952,2024-12-03 08:18:00,SENSOR_054,Ruido,Medellin,Occidente,94.48,dB,Critico,24.85,,Ethernet
5953,2024-04-16 23:15:00,SENSOR_016,PM2.5,Barranquilla,Oriente,79.51,µg/m3,Critico,94.58,23.0,WiFi
5954,2024-10-21 10:59:00,SENSOR_095,Ruido,Cartagena,Sur,69.64,dB,Normal,33.6,69.0,4G
5955,2024-09-22 23:44:00,SENSOR_066,Humedad,Barranquilla,Oriente,35.55,%,Alerta,32.39,60.0,Ethernet
5956,2024-12-08 02:05:00,SENSOR_036,CO2,Cali,Oriente,636.59,ppm,Normal,91.35,67.0,Ethernet
5957,2024-02-26 15:05:00,SENSOR_026,Humedad,Bucaramanga,Occidente,45.31,%,Normal,18.8,57.0,Ethernet
5958,2024-01-03 18:51:00,SENSOR_067,Ruido,Cali,Oriente,37.18,dB,Normal,82.26,25.0,WiFi
5959,2024-12-13 20:41:00,SENSOR_080,Ruido,Cartagena,Occidente,95.6,dB,Critico,92.29,52.0,WiFi
5960,2024-08-20 01:23:00,SENSOR_090,Ruido,Medellin,Oriente,39.7,dB,Normal,20.4,21.0,Ethernet
5961,2024-05-28 21:07:00,SENSOR_097,Humedad,Bucaramanga,Centro,49.75,%,Normal,84.7,40.0,4G
5962,2024-05-21 05:45:00,SENSOR_050,Temperatura,Medellin,Occidente,27.79,°C,Normal,81.62,99.0,WiFi
5963,2024-03-17 00:50:00,SENSOR_011,Ruido,Medellin,Centro,62.33,dB,Normal,76.57,71.0,Ethernet
5964,2024-03-20 20:47:00,SENSOR_075,Ruido,Bucaramanga,Occidente,73.61,dB,Alerta,41.17,82.0,WiFi
5965,2024-07-16 05:17:00,SENSOR_009,Humedad,Bucaramanga,Occidente,74.82,%,Normal,8.9,40.0,WiFi
5966,2024-04-10 12:32:00,SENSOR_058,Temperatura,Bogota,Norte,13.08,°C,Normal,47.2,22.0,Ethernet
5967,2024-04-21 22:09:00,SENSOR_059,Ruido,Medellin,Centro,89.05,dB,Critico,64.0,53.0,4G
5968,2024-11-10 01:59:00,SENSOR_063,Temperatura,Cartagena,Oriente,22.51,°C,Normal,35.78,34.0,4G
5969,2024-01-13 13:53:00,SENSOR_053,Ruido,Bogota,Norte,65.95,dB,Normal,6.2,99.0,Ethernet
5970,2024-12-18 11:12:00,SENSOR_013,PM2.5,Barranquilla,Sur,115.43,µg/m3,Critico,16.93,83.0,WiFi
5971,2024-04-15 19:07:00,SENSOR_088,PM2.5,Cali,Occidente,87.58,µg/m3,Critico,58.46,94.0,4G
5972,2024-11-01 15:51:00,SENSOR_065,Humedad,Bucaramanga,Sur,34.4,%,Alerta,17.69,28.0,WiFi
5973,2024-02-18 05:20:00,SENSOR_093,Humedad,Medellin,Occidente,50.49,%,Normal,38.38,91.0,4G
5974,2024-12-23 11:04:00,SENSOR_055,Humedad,Barranquilla,Oriente,40.19,%,Normal,82.4,40.0,Ethernet
5975,2024-10-29 06:32:00,SENSOR_099,Humedad,Bucaramanga,Oriente,,%,Sin_Dato,17.63,37.0,Ethernet
5976,2024-07-13 22:35:00,SENSOR_031,Ruido,Cali,Centro,83.21,dB,Alerta,18.47,71.0,Ethernet
5977,2024-07-07 21:32:00,SENSOR_062,PM2.5,Cartagena,Sur,78.7,µg/m3,Critico,99.02,30.0,WiFi
5978,2024-10-18 21:08:00,SENSOR_052,Humedad,Bucaramanga,Centro,85.95,%,Alerta,33.85,65.0,Ethernet
5979,2024-01-05 15:52:00,SENSOR_077,Temperatura,Cartagena,Centro,29.89,°C,Alerta,,27.0,Ethernet
5980,2024-09-03 15:34:00,SENSOR_076,Temperatura,Barranquilla,Sur,26.04,°C,Normal,69.81,41.0,4G
5981,2024-12-11 18:13:00,SENSOR_042,CO2,Bogota,Sur,1732.13,ppm,Critico,5.96,91.0,LoRaWAN
5982,2024-10-10 07:36:00,SENSOR_090,Temperatura,Medellin,Sur,27.21,°C,Normal,47.93,53.0,LoRaWAN
5983,2024-12-17 22:38:00,SENSOR_090,Humedad,Bogota,Norte,60.62,%,Normal,9.09,59.0,WiFi
5984,2024-01-17 07:18:00,SENSOR_053,Temperatura,Bucaramanga,Sur,19.62,°C,Normal,68.97,22.0,Ethernet
5985,2024-07-17 22:41:00,SENSOR_013,Temperatura,Cali,Sur,22.3,°C,Normal,34.09,51.0,4G
5986,2024-03-10 19:10:00,SENSOR_039,PM2.5,Cartagena,Centro,24.11,µg/m3,Normal,89.64,45.0,Ethernet
5987,2024-09-23 09:35:00,SENSOR_038,Temperatura,Barranquilla,Sur,11.87,°C,Normal,45.49,42.0,4G
5988,2024-04-20 12:38:00,SENSOR_055,Ruido,Barranquilla,Sur,73.76,dB,Alerta,40.67,55.0,WiFi
5989,2024-12-03 13:20:00,SENSOR_070,CO2,Barranquilla,Centro,1404.98,ppm,Critico,71.96,91.0,Ethernet
5990,2024-03-16 06:03:00,SENSOR_039,Humedad,Bucaramanga,Occidente,92.85,%,Critico,70.74,48.0,Ethernet
5991,2024-12-04 02:45:00,SENSOR_097,CO2,Cali,Oriente,555.63,ppm,Normal,53.29,21.0,LoRaWAN
5992,2024-07-13 10:34:00,SENSOR_040,PM2.5,Bucaramanga,Centro,39.11,µg/m3,Alerta,90.06,24.0,WiFi
5993,2024-10-23 23:16:00,SENSOR_018,Humedad,Barranquilla,Occidente,75.53,%,Normal,14.59,24.0,4G
5994,2024-03-02 01:25:00,SENSOR_077,Temperatura,Bogota,Norte,29.65,°C,Alerta,36.82,47.0,4G
5995,2024-07-28 20:24:00,SENSOR_016,Ruido,Medellin,Oriente,46.56,dB,Normal,45.44,70.0,Ethernet
5996,2024-02-01 15:25:00,SENSOR_097,Humedad,Cartagena,Centro,51.53,%,Normal,11.64,35.0,4G
5997,2024-01-21 23:31:00,SENSOR_012,Humedad,Cali,Centro,87.04,%,Alerta,36.85,52.0,4G
5998,2024-12-03 15:51:00,SENSOR_089,CO2,Bucaramanga,Centro,377.69,ppm,Normal,17.96,80.0,Ethernet
5999,2024-07-30 08:12:00,SENSOR_094,PM2.5,Bucaramanga,Occidente,,µg/m3,Sin_Dato,63.74,52.0,LoRaWAN
6000,2024-04-23 18:14:00,SENSOR_049,Temperatura,Bogota,Sur,28.53,°C,Alerta,83.97,69.0,LoRaWAN
6001,2024-03-09 07:25:00,SENSOR_026,PM2.5,Bucaramanga,Norte,19.68,µg/m3,Normal,33.78,71.0,4G
6002,2024-10-29 10:17:00,SENSOR_055,Humedad,Cartagena,Centro,53.89,%,Normal,37.63,92.0,Ethernet
6003,2024-08-27 17:58:00,SENSOR_024,Ruido,Bucaramanga,Sur,,dB,Sin_Dato,44.0,57.0,LoRaWAN
6004,2024-05-20 10:21:00,SENSOR_019,PM2.5,Cartagena,Centro,15.71,µg/m3,Normal,84.28,42.0,4G
6005,2024-08-25 18:29:00,SENSOR_094,Temperatura,Barranquilla,Oriente,12.33,°C,Normal,5.8,46.0,Ethernet
6006,2024-07-06 19:09:00,SENSOR_081,Humedad,Barranquilla,Occidente,39.76,%,Alerta,,98.0,Ethernet
6007,2024-01-27 11:54:00,SENSOR_007,Ruido,Barranquilla,Oriente,56.31,dB,Normal,39.37,62.0,Ethernet
6008,2024-04-10 16:08:00,SENSOR_089,CO2,Medellin,Occidente,763.02,ppm,Normal,99.93,56.0,LoRaWAN
6009,2024-11-28 11:06:00,SENSOR_066,Temperatura,Cali,Occidente,13.0,°C,Normal,92.72,,LoRaWAN
6010,2024-02-14 12:05:00,SENSOR_046,Humedad,Bucaramanga,Centro,55.33,%,Normal,43.55,63.0,WiFi
6011,2024-02-09 20:45:00,SENSOR_030,Humedad,Bogota,Sur,,%,Sin_Dato,8.18,40.0,LoRaWAN
6012,2024-10-25 18:16:00,SENSOR_062,PM2.5,Bucaramanga,Oriente,68.67,µg/m3,Alerta,86.4,74.0,LoRaWAN
6013,2024-03-06 08:52:00,SENSOR_008,PM2.5,Cartagena,Centro,12.63,µg/m3,Normal,19.83,75.0,Ethernet
6014,2024-05-04 14:16:00,SENSOR_023,CO2,Cali,Occidente,811.9,ppm,Alerta,8.41,45.0,LoRaWAN
6015,2024-03-08 13:12:00,SENSOR_057,Temperatura,Bogota,Centro,25.67,°C,Normal,51.77,62.0,4G
6016,2024-06-08 16:03:00,SENSOR_083,CO2,Cali,Occidente,1031.65,ppm,Alerta,10.59,91.0,LoRaWAN
6017,2024-05-31 21:55:00,SENSOR_073,PM2.5,Cartagena,Norte,28.58,µg/m3,Normal,66.96,49.0,LoRaWAN
6018,2024-02-28 05:56:00,SENSOR_009,CO2,Cali,Norte,1486.28,ppm,Critico,38.61,57.0,4G
6019,2024-06-14 14:42:00,SENSOR_004,Temperatura,Cali,Sur,20.1,°C,Normal,14.49,69.0,4G
6020,2024-11-28 02:45:00,SENSOR_019,Humedad,Cali,Oriente,46.1,%,Normal,81.7,39.0,LoRaWAN
6021,2024-02-22 20:34:00,SENSOR_012,Temperatura,Bucaramanga,Oriente,27.59,°C,Normal,51.61,81.0,LoRaWAN
6022,2024-04-24 03:29:00,SENSOR_009,Humedad,Bogota,Sur,75.16,%,Normal,92.58,75.0,4G
6023,2024-11-01 17:01:00,SENSOR_001,Ruido,Cartagena,Occidente,,dB,Sin_Dato,63.61,32.0,4G
6024,2024-03-09 05:41:00,SENSOR_004,PM2.5,Medellin,Occidente,67.24,µg/m3,Alerta,45.82,57.0,WiFi
6025,2024-04-12 11:01:00,SENSOR_029,CO2,Bogota,Oriente,973.93,ppm,Alerta,49.22,24.0,Ethernet
6026,2024-07-03 15:32:00,SENSOR_020,Ruido,Medellin,Sur,85.42,dB,Critico,7.71,39.0,WiFi
6027,2024-02-29 03:02:00,SENSOR_039,Humedad,Cali,Norte,35.12,%,Alerta,31.21,81.0,LoRaWAN
6028,2024-03-15 17:47:00,SENSOR_044,CO2,Cali,Oriente,845.94,ppm,Alerta,87.8,99.0,4G
6029,2024-01-07 20:57:00,SENSOR_061,Temperatura,Cali,Sur,17.34,°C,Normal,20.54,82.0,4G
6030,2024-04-05 12:06:00,SENSOR_082,CO2,Cartagena,Sur,473.12,ppm,Normal,59.36,100.0,Ethernet
6031,2024-11-11 22:54:00,SENSOR_008,Temperatura,Cali,Centro,23.93,°C,Normal,74.8,77.0,WiFi
6032,2024-02-18 06:04:00,SENSOR_061,CO2,Medellin,Centro,1099.72,ppm,Alerta,80.55,79.0,LoRaWAN
6033,2024-07-07 14:09:00,SENSOR_006,CO2,Bogota,Centro,1769.94,ppm,Critico,97.57,36.0,4G
6034,2024-10-30 23:47:00,SENSOR_039,Humedad,Cartagena,Norte,40.74,%,Normal,78.95,65.0,WiFi
6035,2024-06-10 11:27:00,SENSOR_065,CO2,Cartagena,Norte,1280.62,ppm,Critico,60.54,44.0,4G
6036,2024-08-20 09:31:00,SENSOR_026,Ruido,Barranquilla,Oriente,85.41,dB,Critico,44.07,68.0,LoRaWAN
6037,2024-07-05 01:39:00,SENSOR_031,CO2,Cali,Centro,729.83,ppm,Normal,17.76,63.0,4G
6038,2024-09-21 12:22:00,SENSOR_046,PM2.5,Cali,Occidente,70.73,µg/m3,Alerta,90.67,92.0,WiFi
6039,2024-06-09 00:05:00,SENSOR_035,CO2,Bucaramanga,Oriente,1225.21,ppm,Critico,87.26,47.0,WiFi
6040,2024-03-31 01:21:00,SENSOR_097,Temperatura,Bogota,Norte,30.51,°C,Alerta,84.43,43.0,WiFi
6041,2024-11-06 18:33:00,SENSOR_013,Ruido,Barranquilla,Oriente,96.47,dB,Critico,59.59,32.0,WiFi
6042,2024-04-17 18:33:00,SENSOR_082,PM2.5,Barranquilla,Occidente,33.58,µg/m3,Normal,18.63,38.0,WiFi
6043,2024-01-02 05:45:00,SENSOR_008,PM2.5,Bucaramanga,Sur,81.01,µg/m3,Critico,12.17,,LoRaWAN
6044,2024-07-31 10:06:00,SENSOR_005,PM2.5,Cali,Norte,11.58,µg/m3,Normal,43.86,29.0,LoRaWAN
6045,2024-06-01 01:55:00,SENSOR_080,Humedad,Medellin,Oriente,86.93,%,Alerta,93.87,69.0,LoRaWAN
6046,2024-11-08 16:22:00,SENSOR_074,PM2.5,Cali,Sur,54.56,µg/m3,Alerta,93.53,38.0,WiFi
6047,2024-09-21 02:58:00,SENSOR_039,PM2.5,Cartagena,Occidente,58.76,µg/m3,Alerta,39.98,72.0,4G
6048,2024-02-11 11:10:00,SENSOR_062,Ruido,Bucaramanga,Norte,58.69,dB,Normal,17.29,71.0,Ethernet
6049,2024-04-16 13:48:00,SENSOR_058,Temperatura,Medellin,Sur,11.73,°C,Normal,6.19,25.0,Ethernet
6050,2024-09-23 00:51:00,SENSOR_067,Humedad,Cartagena,Norte,38.26,%,Alerta,35.48,28.0,Ethernet
6051,2024-08-31 11:21:00,SENSOR_065,Ruido,Bucaramanga,Occidente,38.45,dB,Normal,56.31,71.0,Ethernet
6052,2024-11-27 18:33:00,SENSOR_002,Ruido,Barranquilla,Norte,88.17,dB,Critico,82.61,38.0,WiFi
6053,2024-05-27 17:52:00,SENSOR_053,PM2.5,Bucaramanga,Centro,71.3,µg/m3,Alerta,75.43,31.0,4G
6054,2024-05-20 15:48:00,SENSOR_044,Humedad,Bucaramanga,Occidente,42.8,%,Normal,97.51,79.0,WiFi
6055,2024-06-09 07:37:00,SENSOR_040,Humedad,Bogota,Oriente,70.59,%,Normal,42.66,54.0,Ethernet
6056,2024-12-22 19:43:00,SENSOR_057,CO2,Barranquilla,Sur,1149.3,ppm,Alerta,55.94,20.0,WiFi
6057,2024-05-20 13:32:00,SENSOR_022,PM2.5,Bogota,Oriente,38.62,µg/m3,Alerta,87.43,65.0,LoRaWAN
6058,2024-04-04 08:34:00,SENSOR_043,PM2.5,Barranquilla,Norte,77.04,µg/m3,Critico,94.54,61.0,WiFi
6059,2024-01-21 01:22:00,SENSOR_098,PM2.5,Medellin,Centro,96.45,µg/m3,Critico,96.92,72.0,WiFi
6060,2024-05-07 01:08:00,SENSOR_061,Temperatura,Cartagena,Oriente,34.03,°C,Critico,88.92,63.0,4G
6061,2024-10-21 07:31:00,SENSOR_027,PM2.5,Bogota,Norte,99.8,µg/m3,Critico,87.2,54.0,4G
6062,2024-10-07 01:05:00,SENSOR_003,PM2.5,Cali,Occidente,31.99,µg/m3,Normal,74.9,34.0,Ethernet
6063,2024-08-18 13:30:00,SENSOR_001,PM2.5,Bucaramanga,Centro,116.58,µg/m3,Critico,11.19,86.0,WiFi
6064,2024-10-10 20:23:00,SENSOR_087,Temperatura,Cartagena,Sur,15.81,°C,Normal,89.16,92.0,Ethernet
6065,2024-11-22 06:08:00,SENSOR_026,CO2,Bogota,Oriente,1511.48,ppm,Critico,75.29,68.0,LoRaWAN
6066,2024-10-10 03:17:00,SENSOR_010,PM2.5,Bogota,Oriente,16.37,µg/m3,Normal,85.72,35.0,Ethernet
6067,2024-11-05 03:42:00,SENSOR_042,PM2.5,Cali,Occidente,20.01,µg/m3,Normal,11.18,81.0,WiFi
6068,2024-08-01 22:16:00,SENSOR_080,Temperatura,Bogota,Sur,29.03,°C,Alerta,85.44,46.0,4G
6069,2024-03-21 00:08:00,SENSOR_052,PM2.5,Bucaramanga,Norte,31.98,µg/m3,Normal,82.91,82.0,WiFi
6070,2024-07-04 01:37:00,SENSOR_016,CO2,Barranquilla,Occidente,593.4,ppm,Normal,36.08,96.0,WiFi
6071,2024-01-06 20:22:00,SENSOR_026,Humedad,Cali,Occidente,92.16,%,Critico,66.43,90.0,4G
6072,2024-04-05 17:14:00,SENSOR_085,Humedad,Medellin,Oriente,30.14,%,Alerta,10.13,49.0,Ethernet
6073,2024-02-18 06:17:00,SENSOR_083,Humedad,Bucaramanga,Sur,47.9,%,Normal,14.59,65.0,Ethernet
6074,2024-03-30 10:22:00,SENSOR_089,Humedad,Medellin,Norte,37.63,%,Alerta,7.76,89.0,4G
6075,2024-09-27 18:06:00,SENSOR_052,Temperatura,Medellin,Centro,10.54,°C,Normal,13.95,26.0,WiFi
6076,2024-07-24 22:05:00,SENSOR_008,Ruido,Medellin,Oriente,92.99,dB,Critico,14.63,85.0,4G
6077,2024-06-27 16:26:00,SENSOR_017,CO2,Medellin,Sur,1292.29,ppm,Critico,24.53,81.0,Ethernet
6078,2024-03-20 22:54:00,SENSOR_050,CO2,Medellin,Centro,1012.68,ppm,Alerta,46.02,22.0,Ethernet
6079,2024-11-04 20:02:00,SENSOR_020,Temperatura,Bogota,Sur,31.63,°C,Alerta,18.22,30.0,WiFi
6080,2024-10-01 16:56:00,SENSOR_084,CO2,Bogota,Centro,1771.65,ppm,Critico,42.02,63.0,4G
6081,2024-01-05 18:14:00,SENSOR_004,CO2,Barranquilla,Occidente,1338.73,ppm,Critico,29.09,32.0,LoRaWAN
6082,2024-10-23 18:28:00,SENSOR_043,Temperatura,Medellin,Oriente,15.44,°C,Normal,49.74,50.0,4G
6083,2024-06-11 09:30:00,SENSOR_022,Ruido,Barranquilla,Norte,63.56,dB,Normal,,67.0,4G
6084,2024-08-05 02:35:00,SENSOR_019,Ruido,Cali,Centro,47.49,dB,Normal,52.56,40.0,WiFi
6085,2024-09-28 21:36:00,SENSOR_048,CO2,Cali,Norte,1228.36,ppm,Critico,88.14,35.0,4G
6086,2024-01-10 13:28:00,SENSOR_098,Temperatura,Bogota,Oriente,23.07,°C,Normal,,28.0,WiFi
6087,2024-05-12 01:22:00,SENSOR_009,Ruido,Barranquilla,Norte,73.37,dB,Alerta,5.43,26.0,4G
6088,2024-10-10 21:39:00,SENSOR_061,PM2.5,Cali,Oriente,63.79,µg/m3,Alerta,59.28,75.0,4G
6089,2024-06-05 15:48:00,SENSOR_090,Humedad,Cali,Occidente,58.71,%,Normal,56.47,82.0,WiFi
6090,2024-12-23 13:27:00,SENSOR_057,CO2,Bogota,Sur,1082.5,ppm,Alerta,29.01,53.0,Ethernet
6091,2024-10-08 08:41:00,SENSOR_030,Temperatura,Bogota,Occidente,23.32,°C,Normal,5.19,100.0,4G
6092,2024-10-09 11:51:00,SENSOR_026,Temperatura,Cali,Norte,20.77,°C,Normal,,37.0,LoRaWAN
6093,2024-01-15 12:59:00,SENSOR_015,Temperatura,Cali,Norte,15.18,°C,Normal,11.41,98.0,Ethernet
6094,2024-06-22 14:57:00,SENSOR_095,CO2,Medellin,Norte,447.76,ppm,Normal,37.45,94.0,Ethernet
6095,2024-12-12 07:22:00,SENSOR_030,Humedad,Cartagena,Centro,55.2,%,Normal,21.75,89.0,LoRaWAN
6096,2024-07-01 07:44:00,SENSOR_005,CO2,Bucaramanga,Norte,1157.48,ppm,Alerta,79.74,100.0,Ethernet
6097,2024-06-03 12:09:00,SENSOR_036,PM2.5,Bucaramanga,Occidente,55.07,µg/m3,Alerta,70.06,80.0,WiFi
6098,2024-03-08 18:47:00,SENSOR_043,Humedad,Barranquilla,Sur,38.66,%,Alerta,51.85,67.0,LoRaWAN
6099,2024-12-12 08:04:00,SENSOR_059,Temperatura,Barranquilla,Norte,32.0,°C,Alerta,71.01,90.0,WiFi
6100,2024-11-10 16:09:00,SENSOR_035,Humedad,Medellin,Sur,41.46,%,Normal,49.55,30.0,4G
6101,2024-07-14 18:40:00,SENSOR_084,Temperatura,Cali,Centro,25.79,°C,Normal,15.23,27.0,Ethernet
6102,2024-05-20 19:13:00,SENSOR_050,Temperatura,Bucaramanga,Norte,20.24,°C,Normal,89.25,53.0,LoRaWAN
6103,2024-11-26 18:34:00,SENSOR_002,Ruido,Cartagena,Occidente,58.7,dB,Normal,46.02,39.0,LoRaWAN
6104,2024-04-06 21:51:00,SENSOR_056,CO2,Barranquilla,Sur,1248.6,ppm,Critico,93.58,85.0,WiFi
6105,2024-03-21 17:53:00,SENSOR_021,CO2,Bogota,Centro,780.96,ppm,Normal,93.95,52.0,WiFi
6106,2024-12-17 02:33:00,SENSOR_093,PM2.5,Cali,Norte,57.74,µg/m3,Alerta,47.69,,LoRaWAN
6107,2024-06-05 06:31:00,SENSOR_030,Humedad,Cali,Occidente,42.67,%,Normal,57.64,51.0,4G
6108,2024-01-10 03:56:00,SENSOR_013,Temperatura,Barranquilla,Oriente,,°C,Sin_Dato,54.88,35.0,Ethernet
6109,2024-06-25 18:09:00,SENSOR_070,CO2,Medellin,Occidente,586.42,ppm,Normal,94.42,29.0,4G
6110,2024-07-26 09:43:00,SENSOR_008,CO2,Medellin,Occidente,1602.94,ppm,Critico,55.33,52.0,WiFi
6111,2024-05-24 13:16:00,SENSOR_015,Humedad,Cartagena,Oriente,78.09,%,Normal,58.86,98.0,Ethernet
6112,2024-04-12 05:58:00,SENSOR_025,CO2,Medellin,Sur,,ppm,Sin_Dato,86.61,51.0,4G
6113,2024-06-25 23:45:00,SENSOR_026,PM2.5,Medellin,Oriente,81.88,µg/m3,Critico,75.81,90.0,4G
6114,2024-09-04 05:56:00,SENSOR_073,Temperatura,Barranquilla,Occidente,22.94,°C,Normal,,62.0,WiFi
6115,2024-09-11 20:33:00,SENSOR_044,CO2,Bucaramanga,Oriente,500.02,ppm,Normal,22.38,24.0,Ethernet
6116,2024-06-23 12:25:00,SENSOR_051,Temperatura,Cali,Oriente,23.1,°C,Normal,84.3,100.0,WiFi
6117,2024-07-16 09:54:00,SENSOR_086,Temperatura,Cartagena,Occidente,25.51,°C,Normal,30.66,45.0,Ethernet
6118,2024-12-21 18:53:00,SENSOR_099,Humedad,Cartagena,Occidente,90.44,%,Critico,79.51,21.0,4G
6119,2024-11-26 08:47:00,SENSOR_056,PM2.5,Bogota,Sur,108.07,µg/m3,Critico,61.51,62.0,Ethernet
6120,2024-11-22 01:57:00,SENSOR_028,PM2.5,Bogota,Centro,24.93,µg/m3,Normal,97.91,41.0,4G
6121,2024-08-19 06:19:00,SENSOR_048,CO2,Bucaramanga,Occidente,1145.78,ppm,Alerta,17.19,48.0,Ethernet
6122,2024-02-19 12:37:00,SENSOR_072,Temperatura,Bucaramanga,Oriente,10.36,°C,Normal,12.58,61.0,Ethernet
6123,2024-04-26 02:59:00,SENSOR_099,Ruido,Cali,Centro,83.23,dB,Alerta,65.5,46.0,Ethernet
6124,2024-02-23 21:51:00,SENSOR_081,Humedad,Bogota,Sur,50.09,%,Normal,32.92,92.0,4G
6125,2024-06-03 11:40:00,SENSOR_006,Temperatura,Barranquilla,Occidente,21.78,°C,Normal,90.68,54.0,LoRaWAN
6126,2024-10-22 17:45:00,SENSOR_046,PM2.5,Bogota,Norte,101.36,µg/m3,Critico,21.01,58.0,LoRaWAN
6127,2024-06-30 08:16:00,SENSOR_094,Ruido,Medellin,Occidente,82.28,dB,Alerta,12.43,23.0,4G
6128,2024-12-16 03:43:00,SENSOR_013,Humedad,Cali,Norte,61.31,%,Normal,20.32,72.0,4G
6129,2024-11-03 10:01:00,SENSOR_015,Ruido,Bucaramanga,Centro,47.54,dB,Normal,84.25,33.0,Ethernet
6130,2024-03-09 23:42:00,SENSOR_004,CO2,Cali,Norte,781.02,ppm,Normal,48.1,47.0,LoRaWAN
6131,2024-08-14 05:26:00,SENSOR_023,Humedad,Bogota,Centro,72.36,%,Normal,49.98,31.0,LoRaWAN
6132,2024-07-09 15:52:00,SENSOR_038,CO2,Bogota,Centro,1153.49,ppm,Alerta,33.77,63.0,4G
6133,2024-04-28 11:18:00,SENSOR_063,Temperatura,Barranquilla,Occidente,26.97,°C,Normal,38.35,71.0,LoRaWAN
6134,2024-06-21 08:29:00,SENSOR_002,Temperatura,Medellin,Centro,28.72,°C,Alerta,66.91,26.0,LoRaWAN
6135,2024-04-08 23:39:00,SENSOR_003,Humedad,Barranquilla,Sur,48.1,%,Normal,5.91,57.0,LoRaWAN
6136,2024-02-05 08:56:00,SENSOR_010,Ruido,Medellin,Oriente,56.85,dB,Normal,27.52,22.0,LoRaWAN
6137,2024-11-18 08:55:00,SENSOR_042,PM2.5,Medellin,Centro,49.07,µg/m3,Alerta,67.83,32.0,WiFi
6138,2024-04-01 16:39:00,SENSOR_076,Temperatura,Bogota,Norte,20.89,°C,Normal,54.37,83.0,WiFi
6139,2024-12-08 09:05:00,SENSOR_067,Temperatura,Bucaramanga,Norte,24.87,°C,Normal,59.8,52.0,4G
6140,2024-05-06 21:58:00,SENSOR_073,Temperatura,Cali,Occidente,13.52,°C,Normal,5.84,27.0,WiFi
6141,2024-12-05 09:32:00,SENSOR_062,Ruido,Cali,Sur,37.1,dB,Normal,99.62,85.0,WiFi
6142,2024-09-17 10:56:00,SENSOR_059,Ruido,Medellin,Oriente,35.91,dB,Normal,75.1,34.0,4G
6143,2024-01-19 21:22:00,SENSOR_003,Temperatura,Medellin,Occidente,23.25,°C,Normal,71.69,27.0,LoRaWAN
6144,2024-11-18 14:56:00,SENSOR_052,CO2,Cali,Occidente,1728.4,ppm,Critico,58.07,62.0,WiFi
6145,2024-05-23 13:48:00,SENSOR_063,PM2.5,Medellin,Centro,40.31,µg/m3,Alerta,79.86,58.0,4G
6146,2024-10-23 21:32:00,SENSOR_003,Ruido,Barranquilla,Sur,87.78,dB,Critico,27.03,48.0,4G
6147,2024-05-02 07:09:00,SENSOR_013,Humedad,Cali,Oriente,49.28,%,Normal,62.47,73.0,4G
6148,2024-09-12 05:47:00,SENSOR_017,Temperatura,Medellin,Occidente,17.04,°C,Normal,24.92,97.0,LoRaWAN
6149,2024-08-24 22:38:00,SENSOR_058,Humedad,Cali,Sur,64.4,%,Normal,46.38,52.0,WiFi
6150,2024-05-17 12:07:00,SENSOR_074,CO2,Bogota,Oriente,672.54,ppm,Normal,59.03,20.0,4G
6151,2024-04-09 13:24:00,SENSOR_024,Humedad,Bogota,Norte,59.43,%,Normal,67.44,37.0,Ethernet
6152,2024-02-13 02:36:00,SENSOR_087,Temperatura,Medellin,Oriente,18.8,°C,Normal,85.43,87.0,LoRaWAN
6153,2024-03-20 13:10:00,SENSOR_004,Ruido,Bucaramanga,Occidente,76.78,dB,Alerta,89.91,70.0,4G
6154,2024-12-18 16:39:00,SENSOR_061,CO2,Medellin,Oriente,963.36,ppm,Alerta,98.97,80.0,4G
6155,2024-05-03 06:19:00,SENSOR_066,CO2,Barranquilla,Centro,635.18,ppm,Normal,46.71,43.0,4G
6156,2024-02-08 14:31:00,SENSOR_098,Ruido,Barranquilla,Occidente,40.77,dB,Normal,54.64,88.0,WiFi
6157,2024-12-11 13:17:00,SENSOR_039,Humedad,Cali,Sur,80.19,%,Alerta,52.1,,WiFi
6158,2024-07-02 00:48:00,SENSOR_015,Humedad,Bogota,Norte,55.13,%,Normal,40.93,28.0,Ethernet
6159,2024-04-01 16:17:00,SENSOR_063,Humedad,Bucaramanga,Centro,68.65,%,Normal,11.75,74.0,LoRaWAN
6160,2024-01-16 01:11:00,SENSOR_032,Ruido,Bucaramanga,Sur,69.3,dB,Normal,19.03,29.0,WiFi
6161,2024-02-24 21:26:00,SENSOR_005,CO2,Bogota,Occidente,707.32,ppm,Normal,51.06,86.0,Ethernet
6162,2024-01-17 15:16:00,SENSOR_029,Ruido,Cartagena,Centro,88.05,dB,Critico,62.1,80.0,4G
6163,2024-06-26 11:17:00,SENSOR_019,Humedad,Cartagena,Sur,61.43,%,Normal,23.89,76.0,Ethernet
6164,2024-04-19 21:46:00,SENSOR_089,Humedad,Bogota,Oriente,56.41,%,Normal,28.04,66.0,LoRaWAN
6165,2024-05-06 02:54:00,SENSOR_091,PM2.5,Barranquilla,Centro,47.49,µg/m3,Alerta,93.17,53.0,Ethernet
6166,2024-07-24 07:27:00,SENSOR_024,Humedad,Medellin,Sur,68.06,%,Normal,95.22,52.0,4G
6167,2024-10-08 04:39:00,SENSOR_097,Ruido,Cartagena,Norte,94.5,dB,Critico,58.3,,WiFi
6168,2024-01-14 05:59:00,SENSOR_048,PM2.5,Cali,Sur,6.25,µg/m3,Normal,65.51,41.0,Ethernet
6169,2024-12-29 12:53:00,SENSOR_041,Ruido,Barranquilla,Oriente,99.99,dB,Critico,23.49,78.0,WiFi
6170,2024-01-17 23:24:00,SENSOR_060,PM2.5,Bogota,Oriente,,µg/m3,Sin_Dato,35.75,74.0,LoRaWAN
6171,2024-12-12 20:18:00,SENSOR_018,Temperatura,Medellin,Norte,20.3,°C,Normal,19.65,77.0,Ethernet
6172,2024-09-17 22:03:00,SENSOR_063,Ruido,Cartagena,Oriente,57.69,dB,Normal,24.63,57.0,LoRaWAN
6173,2024-12-03 13:00:00,SENSOR_057,Humedad,Barranquilla,Oriente,75.9,%,Normal,43.75,90.0,Ethernet
6174,2024-03-28 03:44:00,SENSOR_024,CO2,Bogota,Sur,1040.41,ppm,Alerta,50.78,52.0,WiFi
6175,2024-07-02 21:50:00,SENSOR_080,Ruido,Cali,Centro,95.07,dB,Critico,38.15,97.0,WiFi
6176,2024-03-04 05:50:00,SENSOR_045,Ruido,Barranquilla,Sur,86.69,dB,Critico,63.56,91.0,WiFi
6177,2024-05-18 00:56:00,SENSOR_052,PM2.5,Medellin,Sur,,µg/m3,Sin_Dato,46.18,97.0,4G
6178,2024-05-24 22:43:00,SENSOR_072,CO2,Medellin,Occidente,380.67,ppm,Normal,49.06,40.0,Ethernet
6179,2024-05-26 21:51:00,SENSOR_087,Temperatura,Bogota,Sur,28.59,°C,Alerta,70.48,87.0,LoRaWAN
6180,2024-02-29 06:14:00,SENSOR_039,Temperatura,Bogota,Norte,11.67,°C,Normal,7.32,82.0,4G
6181,2024-10-31 05:10:00,SENSOR_070,Humedad,Cali,Norte,80.0,%,Normal,93.11,35.0,WiFi
6182,2024-08-31 09:08:00,SENSOR_044,PM2.5,Cartagena,Sur,92.52,µg/m3,Critico,53.19,20.0,WiFi
6183,2024-02-24 14:16:00,SENSOR_008,Temperatura,Cali,Norte,10.52,°C,Normal,45.2,86.0,Ethernet
6184,2024-03-14 20:28:00,SENSOR_079,Ruido,Cartagena,Oriente,48.11,dB,Normal,48.3,25.0,Ethernet
6185,2024-08-07 15:24:00,SENSOR_057,Humedad,Bucaramanga,Centro,60.53,%,Normal,66.3,93.0,Ethernet
6186,2024-07-11 01:19:00,SENSOR_011,Temperatura,Cali,Sur,29.77,°C,Alerta,82.55,90.0,WiFi
6187,2024-05-07 17:12:00,SENSOR_059,PM2.5,Medellin,Centro,83.71,µg/m3,Critico,90.71,20.0,Ethernet
6188,2024-09-17 22:06:00,SENSOR_044,Ruido,Cali,Oriente,38.66,dB,Normal,38.61,25.0,WiFi
6189,2024-04-06 16:23:00,SENSOR_096,PM2.5,Cartagena,Centro,27.04,µg/m3,Normal,99.45,45.0,Ethernet
6190,2024-02-23 19:32:00,SENSOR_005,PM2.5,Bogota,Centro,16.88,µg/m3,Normal,76.48,37.0,Ethernet
6191,2024-01-16 22:52:00,SENSOR_006,Ruido,Barranquilla,Sur,68.07,dB,Normal,79.7,56.0,WiFi
6192,2024-10-07 01:02:00,SENSOR_018,Temperatura,Cartagena,Sur,16.54,°C,Normal,41.96,,LoRaWAN
6193,2024-12-26 20:49:00,SENSOR_075,Humedad,Medellin,Norte,34.1,%,Alerta,59.27,89.0,LoRaWAN
6194,2024-05-23 00:19:00,SENSOR_068,Humedad,Cartagena,Norte,38.19,%,Alerta,62.79,91.0,Ethernet
6195,2024-06-19 22:32:00,SENSOR_013,Humedad,Cartagena,Occidente,54.7,%,Normal,66.3,80.0,Ethernet
6196,2024-11-26 19:35:00,SENSOR_090,PM2.5,Medellin,Oriente,75.5,µg/m3,Critico,54.46,86.0,LoRaWAN
6197,2024-10-24 03:23:00,SENSOR_056,Temperatura,Cali,Norte,31.35,°C,Alerta,70.37,87.0,Ethernet
6198,2024-10-02 16:42:00,SENSOR_096,Temperatura,Cali,Occidente,18.24,°C,Normal,13.82,37.0,Ethernet
6199,2024-08-09 15:58:00,SENSOR_016,Humedad,Barranquilla,Centro,87.48,%,Alerta,27.73,61.0,Ethernet
6200,2024-01-16 14:44:00,SENSOR_090,CO2,Cartagena,Norte,1584.91,ppm,Critico,47.52,88.0,4G
6201,2024-11-17 18:37:00,SENSOR_051,Ruido,Bogota,Oriente,,dB,Sin_Dato,99.8,30.0,Ethernet
6202,2024-05-02 03:42:00,SENSOR_052,PM2.5,Bogota,Centro,66.95,µg/m3,Alerta,62.86,75.0,WiFi
6203,2024-09-30 23:56:00,SENSOR_083,Humedad,Cartagena,Occidente,45.93,%,Normal,45.97,50.0,Ethernet
6204,2024-09-04 15:50:00,SENSOR_088,Temperatura,Cali,Centro,34.78,°C,Critico,16.34,41.0,WiFi
6205,2024-04-13 04:43:00,SENSOR_060,Temperatura,Medellin,Norte,33.86,°C,Critico,68.55,99.0,4G
6206,2024-04-03 08:41:00,SENSOR_085,Humedad,Bucaramanga,Norte,88.96,%,Alerta,,88.0,Ethernet
6207,2024-06-26 23:22:00,SENSOR_041,PM2.5,Cali,Oriente,94.94,µg/m3,Critico,80.75,52.0,4G
6208,2024-11-05 05:50:00,SENSOR_049,Temperatura,Medellin,Occidente,21.21,°C,Normal,41.59,84.0,WiFi
6209,2024-05-06 23:48:00,SENSOR_019,Temperatura,Cartagena,Centro,15.56,°C,Normal,65.07,72.0,WiFi
6210,2024-05-22 08:27:00,SENSOR_010,Ruido,Cali,Centro,79.87,dB,Alerta,15.69,47.0,4G
6211,2024-03-07 05:12:00,SENSOR_071,CO2,Cartagena,Sur,719.53,ppm,Normal,60.4,30.0,LoRaWAN
6212,2024-04-24 21:10:00,SENSOR_031,PM2.5,Cartagena,Sur,22.36,µg/m3,Normal,,68.0,Ethernet
6213,2024-02-25 04:12:00,SENSOR_029,Humedad,Medellin,Norte,90.24,%,Critico,6.53,,4G
6214,2024-03-17 04:06:00,SENSOR_031,CO2,Cali,Oriente,641.16,ppm,Normal,,49.0,4G
6215,2024-09-01 06:10:00,SENSOR_072,Humedad,Medellin,Norte,57.53,%,Normal,63.27,87.0,WiFi
6216,2024-08-12 12:34:00,SENSOR_084,Humedad,Cartagena,Occidente,49.48,%,Normal,81.75,26.0,WiFi
6217,2024-10-09 03:12:00,SENSOR_060,Temperatura,Cartagena,Occidente,31.98,°C,Alerta,58.1,100.0,WiFi
6218,2024-10-06 13:42:00,SENSOR_045,Humedad,Bucaramanga,Centro,89.19,%,Alerta,49.83,82.0,4G
6219,2024-06-03 05:34:00,SENSOR_039,PM2.5,Bogota,Oriente,87.44,µg/m3,Critico,50.73,45.0,Ethernet
6220,2024-10-10 14:32:00,SENSOR_071,Temperatura,Cartagena,Oriente,15.2,°C,Normal,66.44,88.0,WiFi
6221,2024-05-28 17:22:00,SENSOR_014,PM2.5,Bucaramanga,Occidente,105.9,µg/m3,Critico,73.46,95.0,LoRaWAN
6222,2024-06-26 23:02:00,SENSOR_092,Temperatura,Cali,Norte,20.15,°C,Normal,,65.0,4G
6223,2024-10-15 08:32:00,SENSOR_058,CO2,Cali,Oriente,1231.92,ppm,Critico,76.9,20.0,LoRaWAN
6224,2024-06-25 19:59:00,SENSOR_084,Ruido,Bogota,Norte,87.86,dB,Critico,64.56,22.0,LoRaWAN
6225,2024-03-20 09:04:00,SENSOR_001,PM2.5,Bogota,Centro,44.28,µg/m3,Alerta,81.37,80.0,4G
6226,2024-10-14 19:54:00,SENSOR_035,Ruido,Bucaramanga,Norte,93.69,dB,Critico,17.34,,4G
6227,2024-08-30 17:35:00,SENSOR_034,Ruido,Bogota,Sur,50.27,dB,Normal,22.58,56.0,4G
6228,2024-08-24 21:47:00,SENSOR_070,PM2.5,Cartagena,Centro,86.41,µg/m3,Critico,88.78,74.0,LoRaWAN
6229,2024-03-06 06:08:00,SENSOR_074,Ruido,Cartagena,Sur,59.33,dB,Normal,75.69,23.0,4G
6230,2024-05-14 12:31:00,SENSOR_083,PM2.5,Cartagena,Occidente,34.68,µg/m3,Normal,59.37,98.0,LoRaWAN
6231,2024-03-17 12:54:00,SENSOR_089,Ruido,Bucaramanga,Norte,79.96,dB,Alerta,54.31,84.0,WiFi
6232,2024-04-26 23:42:00,SENSOR_028,Humedad,Bogota,Sur,86.71,%,Alerta,96.73,25.0,WiFi
6233,2024-04-02 07:03:00,SENSOR_100,PM2.5,Cartagena,Occidente,,µg/m3,Sin_Dato,44.37,25.0,Ethernet
6234,2024-05-06 03:27:00,SENSOR_041,Ruido,Medellin,Sur,35.03,dB,Normal,47.14,62.0,WiFi
6235,2024-11-13 02:36:00,SENSOR_010,Humedad,Bucaramanga,Centro,39.84,%,Alerta,92.95,88.0,WiFi
6236,2024-11-12 10:12:00,SENSOR_083,Ruido,Medellin,Oriente,74.74,dB,Alerta,76.83,50.0,4G
6237,2024-07-28 05:02:00,SENSOR_039,Temperatura,Cali,Oriente,24.2,°C,Normal,35.11,67.0,Ethernet
6238,2024-02-19 00:37:00,SENSOR_088,Temperatura,Bogota,Oriente,33.68,°C,Critico,34.4,66.0,4G
6239,2024-10-08 04:31:00,SENSOR_016,Temperatura,Cali,Sur,26.04,°C,Normal,56.46,29.0,4G
6240,2024-04-20 01:08:00,SENSOR_013,Temperatura,Barranquilla,Occidente,30.07,°C,Alerta,33.66,66.0,Ethernet
6241,2024-03-19 22:58:00,SENSOR_002,Humedad,Bogota,Oriente,60.31,%,Normal,69.82,73.0,LoRaWAN
6242,2024-02-11 06:35:00,SENSOR_083,Temperatura,Bucaramanga,Sur,11.29,°C,Normal,92.5,56.0,LoRaWAN
6243,2024-09-09 17:14:00,SENSOR_014,PM2.5,Barranquilla,Norte,119.18,µg/m3,Critico,18.31,40.0,WiFi
6244,2024-03-21 04:56:00,SENSOR_055,PM2.5,Bucaramanga,Sur,82.13,µg/m3,Critico,28.41,96.0,LoRaWAN
6245,2024-12-26 15:58:00,SENSOR_039,CO2,Barranquilla,Occidente,1429.81,ppm,Critico,24.58,94.0,4G
6246,2024-06-11 19:31:00,SENSOR_033,Humedad,Cali,Occidente,43.47,%,Normal,52.7,95.0,LoRaWAN
6247,2024-10-06 01:33:00,SENSOR_096,Ruido,Bucaramanga,Sur,85.72,dB,Critico,17.92,43.0,LoRaWAN
6248,2024-11-28 04:22:00,SENSOR_053,Ruido,Cartagena,Centro,65.47,dB,Normal,38.86,44.0,WiFi
6249,2024-08-23 17:52:00,SENSOR_096,Humedad,Cali,Oriente,72.6,%,Normal,14.87,21.0,Ethernet
6250,2024-04-17 10:34:00,SENSOR_079,CO2,Cali,Occidente,997.64,ppm,Alerta,79.86,65.0,LoRaWAN
6251,2024-12-20 04:28:00,SENSOR_050,PM2.5,Cartagena,Occidente,109.81,µg/m3,Critico,14.95,95.0,4G
6252,2024-05-27 07:03:00,SENSOR_092,Humedad,Medellin,Oriente,83.08,%,Alerta,7.86,54.0,Ethernet
6253,2024-03-23 11:52:00,SENSOR_047,PM2.5,Barranquilla,Occidente,62.01,µg/m3,Alerta,59.66,54.0,LoRaWAN
6254,2024-09-21 22:22:00,SENSOR_090,Temperatura,Cartagena,Oriente,31.92,°C,Alerta,48.16,30.0,LoRaWAN
6255,2024-03-16 01:59:00,SENSOR_019,Temperatura,Bucaramanga,Sur,32.32,°C,Critico,17.85,42.0,4G
6256,2024-12-02 19:46:00,SENSOR_052,Humedad,Cartagena,Oriente,33.83,%,Alerta,22.15,55.0,LoRaWAN
6257,2024-06-10 01:36:00,SENSOR_017,Temperatura,Barranquilla,Oriente,25.45,°C,Normal,82.06,48.0,LoRaWAN
6258,2024-09-08 09:01:00,SENSOR_083,Ruido,Medellin,Norte,73.59,dB,Alerta,81.11,53.0,Ethernet
6259,2024-02-07 00:10:00,SENSOR_008,PM2.5,Barranquilla,Oriente,115.65,µg/m3,Critico,5.43,92.0,Ethernet
6260,2024-04-04 02:21:00,SENSOR_004,Humedad,Cali,Oriente,55.42,%,Normal,78.3,38.0,4G
6261,2024-11-18 19:02:00,SENSOR_011,PM2.5,Barranquilla,Norte,111.44,µg/m3,Critico,43.97,92.0,Ethernet
6262,2024-11-27 20:30:00,SENSOR_023,Temperatura,Cali,Sur,29.25,°C,Alerta,93.59,29.0,Ethernet
6263,2024-04-20 11:28:00,SENSOR_002,Humedad,Cali,Norte,35.96,%,Alerta,51.11,78.0,Ethernet
6264,2024-08-03 13:33:00,SENSOR_087,PM2.5,Medellin,Oriente,78.73,µg/m3,Critico,50.43,80.0,4G
6265,2024-07-15 14:32:00,SENSOR_018,PM2.5,Bucaramanga,Sur,36.37,µg/m3,Alerta,36.13,62.0,WiFi
6266,2024-09-26 05:49:00,SENSOR_028,CO2,Bogota,Oriente,860.71,ppm,Alerta,30.04,79.0,LoRaWAN
6267,2024-05-19 00:54:00,SENSOR_090,Ruido,Cali,Centro,75.63,dB,Alerta,56.07,68.0,4G
6268,2024-04-14 13:01:00,SENSOR_018,Ruido,Cartagena,Centro,99.45,dB,Critico,22.74,89.0,WiFi
6269,2024-07-14 02:12:00,SENSOR_008,CO2,Medellin,Norte,1019.99,ppm,Alerta,65.61,51.0,4G
6270,2024-10-06 14:47:00,SENSOR_057,CO2,Cartagena,Norte,1575.06,ppm,Critico,60.21,72.0,Ethernet
6271,2024-03-09 16:53:00,SENSOR_027,Humedad,Cartagena,Norte,36.8,%,Alerta,14.41,83.0,Ethernet
6272,2024-07-23 17:19:00,SENSOR_058,Humedad,Cali,Occidente,53.15,%,Normal,54.25,41.0,4G
6273,2024-05-11 18:36:00,SENSOR_058,PM2.5,Bogota,Oriente,62.4,µg/m3,Alerta,8.15,43.0,LoRaWAN
6274,2024-02-14 00:00:00,SENSOR_058,Humedad,Bucaramanga,Centro,65.05,%,Normal,73.41,74.0,4G
6275,2024-10-08 22:52:00,SENSOR_086,Temperatura,Medellin,Norte,33.39,°C,Critico,40.68,52.0,WiFi
6276,2024-05-07 22:59:00,SENSOR_082,Ruido,Medellin,Occidente,47.3,dB,Normal,29.71,93.0,LoRaWAN
6277,2024-04-18 12:57:00,SENSOR_083,Temperatura,Bucaramanga,Sur,18.28,°C,Normal,52.87,20.0,4G
6278,2024-06-03 18:33:00,SENSOR_012,Temperatura,Cali,Norte,28.55,°C,Alerta,59.09,39.0,LoRaWAN
6279,2024-04-22 09:26:00,SENSOR_008,CO2,Bogota,Occidente,786.82,ppm,Normal,50.09,99.0,WiFi
6280,2024-10-25 10:23:00,SENSOR_041,Ruido,Bucaramanga,Norte,68.78,dB,Normal,71.28,66.0,Ethernet
6281,2024-05-21 11:07:00,SENSOR_024,CO2,Barranquilla,Sur,310.35,ppm,Normal,46.05,74.0,WiFi
6282,2024-08-21 15:56:00,SENSOR_034,PM2.5,Barranquilla,Centro,94.41,µg/m3,Critico,14.16,43.0,Ethernet
6283,2024-04-04 18:00:00,SENSOR_020,Humedad,Cartagena,Norte,48.41,%,Normal,50.66,54.0,Ethernet
6284,2024-02-24 01:35:00,SENSOR_085,Humedad,Bucaramanga,Norte,45.81,%,Normal,42.46,69.0,Ethernet
6285,2024-07-02 13:50:00,SENSOR_081,Temperatura,Bogota,Centro,28.0,°C,Normal,49.1,74.0,Ethernet
6286,2024-09-23 06:32:00,SENSOR_025,Ruido,Cali,Occidente,,dB,Sin_Dato,18.85,26.0,LoRaWAN
6287,2024-12-11 16:11:00,SENSOR_049,Temperatura,Cali,Norte,18.68,°C,Normal,70.19,35.0,WiFi
6288,2024-05-16 12:51:00,SENSOR_082,Temperatura,Cartagena,Occidente,31.01,°C,Alerta,27.73,56.0,LoRaWAN
6289,2024-05-16 05:20:00,SENSOR_049,Ruido,Bogota,Occidente,91.89,dB,Critico,,27.0,Ethernet
6290,2024-11-26 14:48:00,SENSOR_044,Temperatura,Medellin,Norte,10.22,°C,Normal,47.17,84.0,WiFi
6291,2024-05-25 16:01:00,SENSOR_002,Ruido,Barranquilla,Centro,78.48,dB,Alerta,86.63,54.0,4G
6292,2024-11-05 01:00:00,SENSOR_031,Temperatura,Medellin,Oriente,24.66,°C,Normal,35.09,75.0,LoRaWAN
6293,2024-11-28 23:33:00,SENSOR_021,PM2.5,Bucaramanga,Norte,68.5,µg/m3,Alerta,52.9,34.0,LoRaWAN
6294,2024-12-03 20:21:00,SENSOR_049,PM2.5,Medellin,Norte,,µg/m3,Sin_Dato,77.41,96.0,LoRaWAN
6295,2024-10-23 12:07:00,SENSOR_009,Ruido,Cartagena,Oriente,40.7,dB,Normal,88.7,86.0,WiFi
6296,2024-07-10 08:24:00,SENSOR_054,PM2.5,Bogota,Sur,22.41,µg/m3,Normal,26.11,38.0,4G
6297,2024-01-22 11:56:00,SENSOR_095,PM2.5,Barranquilla,Norte,97.7,µg/m3,Critico,,29.0,4G
6298,2024-08-04 12:12:00,SENSOR_063,PM2.5,Medellin,Centro,109.45,µg/m3,Critico,92.75,64.0,WiFi
6299,2024-11-09 21:56:00,SENSOR_048,Ruido,Medellin,Oriente,99.53,dB,Critico,64.28,42.0,Ethernet
6300,2024-08-07 16:31:00,SENSOR_080,CO2,Cartagena,Centro,1116.77,ppm,Alerta,47.03,20.0,LoRaWAN
6301,2024-06-08 19:54:00,SENSOR_002,Humedad,Cartagena,Norte,79.51,%,Normal,8.51,74.0,Ethernet
6302,2024-03-22 10:42:00,SENSOR_045,PM2.5,Bogota,Centro,64.37,µg/m3,Alerta,22.48,50.0,4G
6303,2024-05-03 14:15:00,SENSOR_038,PM2.5,Barranquilla,Occidente,48.31,µg/m3,Alerta,23.55,67.0,Ethernet
6304,2024-10-14 16:23:00,SENSOR_056,PM2.5,Barranquilla,Norte,7.05,µg/m3,Normal,96.62,84.0,LoRaWAN
6305,2024-04-24 09:27:00,SENSOR_063,PM2.5,Bucaramanga,Sur,100.39,µg/m3,Critico,85.71,26.0,WiFi
6306,2024-04-19 20:01:00,SENSOR_033,Ruido,Barranquilla,Oriente,55.45,dB,Normal,64.92,80.0,WiFi
6307,2024-02-21 23:27:00,SENSOR_077,Temperatura,Medellin,Sur,10.77,°C,Normal,91.4,26.0,WiFi
6308,2024-12-06 14:36:00,SENSOR_007,Ruido,Medellin,Oriente,56.26,dB,Normal,57.35,94.0,LoRaWAN
6309,2024-08-27 22:29:00,SENSOR_031,CO2,Barranquilla,Occidente,746.23,ppm,Normal,82.08,55.0,LoRaWAN
6310,2024-11-14 21:12:00,SENSOR_045,PM2.5,Medellin,Occidente,79.48,µg/m3,Critico,17.63,56.0,4G
6311,2024-05-02 06:35:00,SENSOR_026,Humedad,Bucaramanga,Occidente,67.23,%,Normal,62.05,61.0,WiFi
6312,2024-10-03 08:23:00,SENSOR_054,Temperatura,Bogota,Centro,18.42,°C,Normal,42.88,64.0,WiFi
6313,2024-06-22 04:43:00,SENSOR_042,PM2.5,Cali,Sur,102.81,µg/m3,Critico,69.01,26.0,Ethernet
6314,2024-10-18 04:30:00,SENSOR_084,Ruido,Bogota,Sur,99.89,dB,Critico,67.55,33.0,4G
6315,2024-11-13 16:56:00,SENSOR_003,CO2,Bogota,Occidente,1585.01,ppm,Critico,92.12,74.0,4G
6316,2024-06-19 08:56:00,SENSOR_064,Humedad,Cartagena,Norte,75.62,%,Normal,62.31,83.0,Ethernet
6317,2024-05-02 23:30:00,SENSOR_009,Ruido,Cartagena,Centro,35.43,dB,Normal,63.29,62.0,WiFi
6318,2024-11-01 02:24:00,SENSOR_070,CO2,Bogota,Centro,576.12,ppm,Normal,36.39,24.0,WiFi
6319,2024-05-31 06:23:00,SENSOR_043,Temperatura,Cartagena,Oriente,11.47,°C,Normal,10.0,61.0,LoRaWAN
6320,2024-01-11 08:11:00,SENSOR_084,Ruido,Bogota,Occidente,72.63,dB,Alerta,10.41,43.0,LoRaWAN
6321,2024-04-15 05:48:00,SENSOR_029,CO2,Medellin,Sur,1619.59,ppm,Critico,23.7,46.0,4G
6322,2024-03-01 23:53:00,SENSOR_023,Humedad,Barranquilla,Sur,39.17,%,Alerta,65.44,22.0,4G
6323,2024-10-18 04:42:00,SENSOR_081,Humedad,Bogota,Norte,61.94,%,Normal,60.07,81.0,LoRaWAN
6324,2024-08-05 01:43:00,SENSOR_064,Temperatura,Barranquilla,Norte,28.02,°C,Alerta,84.67,76.0,WiFi
6325,2024-12-21 08:45:00,SENSOR_054,PM2.5,Bucaramanga,Oriente,28.7,µg/m3,Normal,32.57,51.0,LoRaWAN
6326,2024-11-30 22:44:00,SENSOR_066,Ruido,Cali,Norte,,dB,Sin_Dato,11.99,25.0,4G
6327,2024-05-24 00:38:00,SENSOR_095,Humedad,Bucaramanga,Centro,61.25,%,Normal,7.28,,WiFi
6328,2024-06-09 16:52:00,SENSOR_032,Temperatura,Barranquilla,Sur,29.67,°C,Alerta,27.45,81.0,LoRaWAN
6329,2024-09-14 16:31:00,SENSOR_088,Ruido,Bucaramanga,Norte,45.92,dB,Normal,27.91,36.0,Ethernet
6330,2024-01-03 17:07:00,SENSOR_022,Humedad,Bucaramanga,Norte,56.09,%,Normal,17.41,37.0,Ethernet
6331,2024-01-19 23:17:00,SENSOR_017,CO2,Medellin,Occidente,324.38,ppm,Normal,36.38,28.0,WiFi
6332,2024-05-15 17:52:00,SENSOR_073,CO2,Medellin,Occidente,1162.15,ppm,Alerta,44.22,91.0,LoRaWAN
6333,2024-10-03 14:02:00,SENSOR_036,PM2.5,Barranquilla,Sur,113.58,µg/m3,Critico,77.07,46.0,WiFi
6334,2024-06-10 19:21:00,SENSOR_021,PM2.5,Cartagena,Norte,24.98,µg/m3,Normal,25.14,46.0,4G
6335,2024-04-03 01:22:00,SENSOR_012,Temperatura,Medellin,Norte,26.16,°C,Normal,92.3,68.0,WiFi
6336,2024-05-18 06:30:00,SENSOR_004,Humedad,Medellin,Occidente,67.79,%,Normal,51.59,41.0,WiFi
6337,2024-11-25 20:55:00,SENSOR_046,Temperatura,Medellin,Centro,14.31,°C,Normal,61.43,75.0,WiFi
6338,2024-11-12 20:46:00,SENSOR_091,Temperatura,Medellin,Norte,23.17,°C,Normal,26.95,20.0,LoRaWAN
6339,2024-06-15 00:06:00,SENSOR_046,Humedad,Cartagena,Oriente,56.89,%,Normal,,82.0,Ethernet
6340,2024-06-16 00:06:00,SENSOR_099,CO2,Barranquilla,Norte,1285.31,ppm,Critico,90.88,53.0,WiFi
6341,2024-06-17 14:03:00,SENSOR_075,Humedad,Bogota,Sur,45.01,%,Normal,78.68,59.0,WiFi
6342,2024-08-13 05:45:00,SENSOR_032,Temperatura,Bogota,Sur,24.73,°C,Normal,71.39,98.0,LoRaWAN
6343,2024-06-24 11:04:00,SENSOR_091,Temperatura,Medellin,Oriente,24.65,°C,Normal,76.52,56.0,WiFi
6344,2024-09-24 02:41:00,SENSOR_053,PM2.5,Barranquilla,Norte,,µg/m3,Sin_Dato,78.9,39.0,WiFi
6345,2024-02-05 13:43:00,SENSOR_037,Ruido,Barranquilla,Centro,71.02,dB,Alerta,39.17,67.0,LoRaWAN
6346,2024-10-22 03:04:00,SENSOR_034,Temperatura,Cartagena,Oriente,30.89,°C,Alerta,54.18,,LoRaWAN
6347,2024-01-30 18:19:00,SENSOR_093,PM2.5,Barranquilla,Occidente,37.14,µg/m3,Alerta,68.41,53.0,WiFi
6348,2024-04-08 10:46:00,SENSOR_094,PM2.5,Bogota,Oriente,10.2,µg/m3,Normal,11.6,69.0,4G
6349,2024-10-06 15:46:00,SENSOR_019,CO2,Medellin,Sur,575.45,ppm,Normal,39.56,82.0,Ethernet
6350,2024-04-03 10:20:00,SENSOR_030,Temperatura,Cali,Sur,13.3,°C,Normal,70.42,96.0,4G
6351,2024-12-06 04:38:00,SENSOR_006,PM2.5,Cali,Occidente,105.79,µg/m3,Critico,14.37,48.0,Ethernet
6352,2024-02-10 19:40:00,SENSOR_054,CO2,Barranquilla,Occidente,1047.67,ppm,Alerta,45.11,59.0,WiFi
6353,2024-02-16 04:30:00,SENSOR_088,Temperatura,Medellin,Oriente,22.68,°C,Normal,10.19,77.0,WiFi
6354,2024-03-19 08:46:00,SENSOR_004,PM2.5,Bucaramanga,Sur,92.85,µg/m3,Critico,18.77,85.0,Ethernet
6355,2024-01-12 16:14:00,SENSOR_008,Temperatura,Cartagena,Occidente,17.52,°C,Normal,34.53,62.0,LoRaWAN
6356,2024-02-23 16:03:00,SENSOR_090,CO2,Bogota,Norte,561.75,ppm,Normal,44.06,74.0,WiFi
6357,2024-06-30 19:08:00,SENSOR_072,Ruido,Medellin,Centro,83.22,dB,Alerta,83.2,91.0,Ethernet
6358,2024-11-09 12:57:00,SENSOR_057,Humedad,Cartagena,Norte,72.88,%,Normal,35.7,72.0,LoRaWAN
6359,2024-07-30 16:45:00,SENSOR_088,Humedad,Cartagena,Oriente,60.7,%,Normal,55.29,76.0,WiFi
6360,2024-02-28 15:55:00,SENSOR_099,Ruido,Cartagena,Occidente,53.35,dB,Normal,15.81,22.0,Ethernet
6361,2024-05-24 22:04:00,SENSOR_028,Ruido,Bucaramanga,Occidente,63.91,dB,Normal,77.92,47.0,4G
6362,2024-10-07 15:24:00,SENSOR_096,Humedad,Cartagena,Centro,51.89,%,Normal,63.47,26.0,Ethernet
6363,2024-10-12 07:18:00,SENSOR_018,PM2.5,Bogota,Norte,100.12,µg/m3,Critico,,95.0,LoRaWAN
6364,2024-10-24 13:54:00,SENSOR_024,Temperatura,Barranquilla,Sur,33.04,°C,Critico,37.64,33.0,4G
6365,2024-06-23 20:42:00,SENSOR_087,Temperatura,Bogota,Sur,12.05,°C,Normal,19.08,52.0,LoRaWAN
6366,2024-03-26 08:11:00,SENSOR_033,Humedad,Medellin,Sur,39.63,%,Alerta,55.08,97.0,4G
6367,2024-01-26 23:11:00,SENSOR_045,Humedad,Bogota,Centro,80.43,%,Alerta,33.82,37.0,4G
6368,2024-07-24 20:09:00,SENSOR_075,PM2.5,Cali,Norte,100.64,µg/m3,Critico,97.83,73.0,WiFi
6369,2024-11-20 19:43:00,SENSOR_062,CO2,Barranquilla,Centro,1017.93,ppm,Alerta,27.01,33.0,Ethernet
6370,2024-02-03 21:18:00,SENSOR_031,Humedad,Medellin,Sur,48.37,%,Normal,95.41,39.0,WiFi
6371,2024-03-17 15:14:00,SENSOR_059,CO2,Bogota,Centro,771.34,ppm,Normal,6.27,,4G
6372,2024-12-09 15:00:00,SENSOR_016,Temperatura,Bucaramanga,Norte,23.45,°C,Normal,19.86,93.0,LoRaWAN
6373,2024-05-22 22:29:00,SENSOR_012,Temperatura,Cali,Norte,29.84,°C,Alerta,63.72,80.0,Ethernet
6374,2024-05-13 07:11:00,SENSOR_045,Temperatura,Barranquilla,Oriente,16.02,°C,Normal,95.53,69.0,LoRaWAN
6375,2024-01-13 23:20:00,SENSOR_037,PM2.5,Cali,Oriente,93.05,µg/m3,Critico,95.39,49.0,Ethernet
6376,2024-12-21 05:07:00,SENSOR_040,PM2.5,Cartagena,Norte,12.72,µg/m3,Normal,96.49,29.0,4G
6377,2024-10-26 04:05:00,SENSOR_030,Humedad,Cali,Sur,45.11,%,Normal,13.76,82.0,WiFi
6378,2024-11-14 01:28:00,SENSOR_093,CO2,Cali,Sur,1619.74,ppm,Critico,24.46,92.0,WiFi
6379,2024-07-22 05:50:00,SENSOR_075,Temperatura,Bucaramanga,Occidente,,°C,Sin_Dato,24.92,95.0,WiFi
6380,2024-10-21 15:21:00,SENSOR_010,Temperatura,Cartagena,Sur,21.57,°C,Normal,79.14,20.0,4G
6381,2024-01-22 16:22:00,SENSOR_090,Ruido,Cali,Oriente,81.51,dB,Alerta,96.41,39.0,Ethernet
6382,2024-01-17 03:25:00,SENSOR_006,Humedad,Cali,Sur,43.97,%,Normal,31.68,84.0,LoRaWAN
6383,2024-03-18 19:46:00,SENSOR_057,CO2,Cali,Sur,412.07,ppm,Normal,55.07,36.0,LoRaWAN
6384,2024-05-11 19:05:00,SENSOR_093,CO2,Medellin,Sur,642.1,ppm,Normal,55.86,69.0,WiFi
6385,2024-12-26 16:02:00,SENSOR_062,PM2.5,Cartagena,Occidente,37.48,µg/m3,Alerta,55.76,26.0,WiFi
6386,2024-10-15 19:54:00,SENSOR_028,CO2,Bogota,Centro,1248.47,ppm,Critico,38.43,71.0,WiFi
6387,2024-07-04 20:35:00,SENSOR_001,PM2.5,Barranquilla,Sur,58.76,µg/m3,Alerta,46.2,50.0,4G
6388,2024-04-16 11:40:00,SENSOR_014,Humedad,Bogota,Occidente,70.38,%,Normal,62.28,37.0,WiFi
6389,2024-10-05 01:06:00,SENSOR_072,PM2.5,Cali,Centro,115.64,µg/m3,Critico,62.2,44.0,4G
6390,2024-10-07 07:48:00,SENSOR_033,Temperatura,Bucaramanga,Occidente,20.54,°C,Normal,63.25,49.0,4G
6391,2024-04-17 12:06:00,SENSOR_088,Humedad,Medellin,Occidente,54.31,%,Normal,35.96,37.0,Ethernet
6392,2024-01-28 01:00:00,SENSOR_043,CO2,Cartagena,Norte,,ppm,Sin_Dato,56.64,88.0,Ethernet
6393,2024-04-20 10:02:00,SENSOR_006,Ruido,Bucaramanga,Occidente,85.09,dB,Critico,52.15,79.0,Ethernet
6394,2024-03-30 10:31:00,SENSOR_025,CO2,Bogota,Occidente,1053.96,ppm,Alerta,17.45,70.0,Ethernet
6395,2024-06-03 21:37:00,SENSOR_017,Ruido,Cartagena,Sur,70.15,dB,Alerta,46.74,95.0,4G
6396,2024-10-18 18:51:00,SENSOR_060,Ruido,Barranquilla,Centro,71.87,dB,Alerta,51.96,20.0,4G
6397,2024-02-25 23:10:00,SENSOR_093,CO2,Cali,Centro,1137.51,ppm,Alerta,,46.0,WiFi
6398,2024-09-14 04:02:00,SENSOR_001,PM2.5,Bogota,Sur,82.08,µg/m3,Critico,56.47,91.0,LoRaWAN
6399,2024-05-13 22:44:00,SENSOR_043,Temperatura,Cali,Oriente,32.91,°C,Critico,74.77,58.0,4G
6400,2024-11-24 14:16:00,SENSOR_050,PM2.5,Bogota,Centro,27.8,µg/m3,Normal,50.39,35.0,Ethernet
6401,2024-09-15 13:50:00,SENSOR_090,CO2,Barranquilla,Norte,1311.35,ppm,Critico,83.55,74.0,WiFi
6402,2024-07-08 12:26:00,SENSOR_098,CO2,Barranquilla,Norte,1172.54,ppm,Alerta,81.25,20.0,WiFi
6403,2024-06-25 01:36:00,SENSOR_074,PM2.5,Cali,Occidente,86.29,µg/m3,Critico,32.64,55.0,LoRaWAN
6404,2024-09-20 15:27:00,SENSOR_064,Humedad,Barranquilla,Sur,41.9,%,Normal,64.88,39.0,Ethernet
6405,2024-08-31 01:41:00,SENSOR_019,PM2.5,Cartagena,Norte,117.02,µg/m3,Critico,56.17,64.0,4G
6406,2024-03-12 19:40:00,SENSOR_088,Ruido,Bogota,Centro,73.78,dB,Alerta,22.42,65.0,Ethernet
6407,2024-01-17 13:59:00,SENSOR_083,Temperatura,Cali,Sur,22.74,°C,Normal,76.78,22.0,4G
6408,2024-09-04 02:16:00,SENSOR_079,PM2.5,Cali,Occidente,106.21,µg/m3,Critico,90.59,48.0,Ethernet
6409,2024-07-13 20:07:00,SENSOR_022,Temperatura,Barranquilla,Oriente,18.87,°C,Normal,68.08,67.0,WiFi
6410,2024-07-12 14:01:00,SENSOR_098,CO2,Barranquilla,Norte,1157.33,ppm,Alerta,61.55,97.0,WiFi
6411,2024-12-04 12:58:00,SENSOR_021,Temperatura,Bogota,Oriente,27.56,°C,Normal,83.04,46.0,Ethernet
6412,2024-05-21 02:37:00,SENSOR_050,Temperatura,Medellin,Centro,26.3,°C,Normal,50.92,56.0,WiFi
6413,2024-03-30 12:09:00,SENSOR_069,PM2.5,Cali,Sur,71.68,µg/m3,Alerta,,32.0,LoRaWAN
6414,2024-07-29 18:07:00,SENSOR_007,Temperatura,Cartagena,Centro,14.2,°C,Normal,93.25,39.0,LoRaWAN
6415,2024-12-03 12:27:00,SENSOR_026,Temperatura,Bogota,Norte,31.63,°C,Alerta,27.0,51.0,LoRaWAN
6416,2024-08-07 12:46:00,SENSOR_006,Humedad,Cali,Norte,46.43,%,Normal,81.23,55.0,Ethernet
6417,2024-09-19 23:25:00,SENSOR_086,Temperatura,Bogota,Oriente,28.01,°C,Alerta,11.56,65.0,LoRaWAN
6418,2024-02-21 15:55:00,SENSOR_003,CO2,Medellin,Centro,690.25,ppm,Normal,58.57,46.0,4G
6419,2024-05-01 10:13:00,SENSOR_003,CO2,Bucaramanga,Centro,774.75,ppm,Normal,,30.0,Ethernet
6420,2024-12-17 05:41:00,SENSOR_078,PM2.5,Cartagena,Oriente,102.39,µg/m3,Critico,65.78,71.0,4G
6421,2024-04-12 05:54:00,SENSOR_042,Ruido,Bogota,Centro,56.65,dB,Normal,70.14,95.0,WiFi
6422,2024-05-09 12:23:00,SENSOR_026,Ruido,Cartagena,Norte,80.54,dB,Alerta,51.06,100.0,WiFi
6423,2024-11-01 10:27:00,SENSOR_056,Ruido,Bogota,Sur,93.23,dB,Critico,24.54,91.0,4G
6424,2024-02-21 09:47:00,SENSOR_094,CO2,Bogota,Norte,1593.94,ppm,Critico,82.54,96.0,Ethernet
6425,2024-01-07 04:38:00,SENSOR_015,CO2,Bucaramanga,Norte,702.94,ppm,Normal,62.79,47.0,Ethernet
6426,2024-01-11 13:50:00,SENSOR_032,PM2.5,Cali,Centro,74.65,µg/m3,Alerta,26.35,25.0,4G
6427,2024-11-27 15:10:00,SENSOR_082,PM2.5,Cali,Norte,74.65,µg/m3,Alerta,86.42,68.0,LoRaWAN
6428,2024-07-21 00:04:00,SENSOR_041,PM2.5,Cartagena,Sur,,µg/m3,Sin_Dato,59.92,36.0,Ethernet
6429,2024-08-31 11:18:00,SENSOR_065,Temperatura,Barranquilla,Oriente,18.85,°C,Normal,90.01,48.0,WiFi
6430,2024-04-18 02:05:00,SENSOR_007,Humedad,Bucaramanga,Occidente,30.87,%,Alerta,81.95,63.0,4G
6431,2024-03-22 03:45:00,SENSOR_027,Ruido,Cali,Occidente,88.5,dB,Critico,35.28,48.0,4G
6432,2024-10-01 16:15:00,SENSOR_049,Humedad,Bogota,Centro,37.34,%,Alerta,21.45,25.0,4G
6433,2024-09-27 22:15:00,SENSOR_041,Temperatura,Bogota,Norte,28.9,°C,Alerta,42.26,58.0,4G
6434,2024-10-23 15:38:00,SENSOR_038,Ruido,Barranquilla,Occidente,36.08,dB,Normal,,68.0,4G
6435,2024-02-22 14:44:00,SENSOR_046,Humedad,Cali,Sur,46.64,%,Normal,15.45,33.0,LoRaWAN
6436,2024-12-19 03:45:00,SENSOR_046,Temperatura,Cartagena,Sur,28.24,°C,Alerta,30.1,75.0,LoRaWAN
6437,2024-08-07 05:50:00,SENSOR_093,Humedad,Bucaramanga,Occidente,49.55,%,Normal,52.67,74.0,Ethernet
6438,2024-02-23 17:50:00,SENSOR_085,Ruido,Bogota,Occidente,89.91,dB,Critico,63.22,97.0,WiFi
6439,2024-01-10 18:06:00,SENSOR_054,Temperatura,Bogota,Occidente,10.81,°C,Normal,40.49,79.0,Ethernet
6440,2024-08-18 19:35:00,SENSOR_024,Humedad,Bogota,Oriente,82.01,%,Alerta,29.38,65.0,WiFi
6441,2024-11-24 02:35:00,SENSOR_056,Ruido,Cali,Sur,93.21,dB,Critico,80.76,99.0,4G
6442,2024-12-05 13:16:00,SENSOR_063,CO2,Cali,Centro,1691.61,ppm,Critico,52.23,40.0,WiFi
6443,2024-04-27 13:53:00,SENSOR_001,Humedad,Medellin,Oriente,30.79,%,Alerta,35.59,42.0,4G
6444,2024-04-05 10:16:00,SENSOR_098,CO2,Cartagena,Centro,1657.89,ppm,Critico,14.56,93.0,LoRaWAN
6445,2024-06-08 22:00:00,SENSOR_066,Temperatura,Cali,Norte,11.77,°C,Normal,44.0,,WiFi
6446,2024-06-26 11:16:00,SENSOR_092,CO2,Cali,Centro,1281.24,ppm,Critico,27.1,92.0,4G
6447,2024-10-04 16:22:00,SENSOR_095,Ruido,Bogota,Sur,84.42,dB,Alerta,24.14,72.0,Ethernet
6448,2024-10-27 09:37:00,SENSOR_088,PM2.5,Medellin,Norte,46.27,µg/m3,Alerta,27.26,,WiFi
6449,2024-10-01 05:38:00,SENSOR_010,Humedad,Cartagena,Centro,,%,Sin_Dato,25.44,94.0,LoRaWAN
6450,2024-04-24 19:01:00,SENSOR_051,Temperatura,Medellin,Sur,17.37,°C,Normal,40.39,71.0,4G
6451,2024-04-24 01:01:00,SENSOR_024,Temperatura,Cartagena,Occidente,23.69,°C,Normal,53.16,97.0,WiFi
6452,2024-03-02 12:22:00,SENSOR_060,Temperatura,Bucaramanga,Centro,27.2,°C,Normal,51.31,34.0,Ethernet
6453,2024-09-01 16:52:00,SENSOR_052,CO2,Bucaramanga,Occidente,1141.48,ppm,Alerta,46.5,77.0,Ethernet
6454,2024-07-24 23:23:00,SENSOR_094,Temperatura,Cali,Sur,19.44,°C,Normal,25.36,81.0,LoRaWAN
6455,2024-05-13 18:17:00,SENSOR_038,Humedad,Cartagena,Centro,65.02,%,Normal,53.05,,WiFi
6456,2024-05-11 18:00:00,SENSOR_079,CO2,Barranquilla,Sur,1301.27,ppm,Critico,93.2,69.0,LoRaWAN
6457,2024-01-26 10:00:00,SENSOR_058,PM2.5,Bogota,Sur,17.38,µg/m3,Normal,92.64,83.0,LoRaWAN
6458,2024-02-10 07:51:00,SENSOR_094,Ruido,Cali,Sur,53.19,dB,Normal,65.19,50.0,4G
6459,2024-11-03 12:12:00,SENSOR_041,PM2.5,Bogota,Norte,26.33,µg/m3,Normal,43.51,77.0,WiFi
6460,2024-01-25 09:26:00,SENSOR_077,Temperatura,Cali,Centro,27.07,°C,Normal,92.27,43.0,4G
6461,2024-04-23 16:09:00,SENSOR_057,Temperatura,Barranquilla,Oriente,16.36,°C,Normal,71.31,89.0,Ethernet
6462,2024-08-03 12:36:00,SENSOR_024,Temperatura,Medellin,Norte,22.68,°C,Normal,94.83,41.0,Ethernet
6463,2024-09-12 08:15:00,SENSOR_063,CO2,Bogota,Norte,343.2,ppm,Normal,16.14,88.0,WiFi
6464,2024-07-13 22:34:00,SENSOR_069,Humedad,Cali,Sur,39.44,%,Alerta,95.8,33.0,Ethernet
6465,2024-05-18 00:31:00,SENSOR_015,CO2,Bucaramanga,Occidente,1018.62,ppm,Alerta,82.54,69.0,LoRaWAN
6466,2024-03-31 11:29:00,SENSOR_076,Temperatura,Medellin,Oriente,33.22,°C,Critico,70.19,71.0,4G
6467,2024-11-24 01:27:00,SENSOR_090,Humedad,Barranquilla,Sur,33.25,%,Alerta,26.33,70.0,WiFi
6468,2024-01-31 05:14:00,SENSOR_018,Temperatura,Cartagena,Centro,33.64,°C,Critico,33.5,83.0,Ethernet
6469,2024-06-16 14:32:00,SENSOR_061,Temperatura,Cali,Occidente,12.95,°C,Normal,74.18,83.0,4G
6470,2024-12-17 17:36:00,SENSOR_099,Ruido,Bogota,Centro,97.79,dB,Critico,59.99,28.0,WiFi
6471,2024-11-24 17:53:00,SENSOR_062,Ruido,Bogota,Occidente,67.23,dB,Normal,76.0,71.0,Ethernet
6472,2024-02-06 23:48:00,SENSOR_052,CO2,Cali,Occidente,1769.42,ppm,Critico,77.41,56.0,LoRaWAN
6473,2024-07-12 12:55:00,SENSOR_086,CO2,Medellin,Sur,708.85,ppm,Normal,53.17,65.0,4G
6474,2024-11-03 22:08:00,SENSOR_072,CO2,Barranquilla,Sur,925.31,ppm,Alerta,51.88,76.0,4G
6475,2024-03-20 01:38:00,SENSOR_044,CO2,Cali,Norte,437.74,ppm,Normal,56.21,43.0,WiFi
6476,2024-02-27 06:24:00,SENSOR_020,Temperatura,Bucaramanga,Occidente,22.94,°C,Normal,,47.0,LoRaWAN
6477,2024-08-25 06:10:00,SENSOR_068,Ruido,Barranquilla,Sur,73.34,dB,Alerta,11.02,68.0,4G
6478,2024-11-12 06:00:00,SENSOR_090,Humedad,Medellin,Sur,41.88,%,Normal,22.56,80.0,WiFi
6479,2024-01-12 23:26:00,SENSOR_043,Temperatura,Medellin,Sur,19.86,°C,Normal,96.46,88.0,Ethernet
6480,2024-03-26 11:57:00,SENSOR_065,Temperatura,Medellin,Centro,10.26,°C,Normal,96.7,79.0,LoRaWAN
6481,2024-04-22 20:03:00,SENSOR_053,CO2,Bogota,Sur,1502.68,ppm,Critico,74.28,80.0,LoRaWAN
6482,2024-11-27 03:34:00,SENSOR_081,Humedad,Medellin,Norte,31.59,%,Alerta,87.2,48.0,Ethernet
6483,2024-09-08 12:15:00,SENSOR_020,CO2,Cartagena,Oriente,1468.48,ppm,Critico,,44.0,4G
6484,2024-09-18 04:59:00,SENSOR_021,PM2.5,Medellin,Sur,83.38,µg/m3,Critico,27.38,86.0,LoRaWAN
6485,2024-10-11 22:07:00,SENSOR_008,PM2.5,Bucaramanga,Sur,50.21,µg/m3,Alerta,54.61,61.0,LoRaWAN
6486,2024-11-13 05:13:00,SENSOR_014,Ruido,Medellin,Occidente,38.34,dB,Normal,49.88,34.0,WiFi
6487,2024-07-30 09:14:00,SENSOR_024,CO2,Cali,Norte,689.67,ppm,Normal,94.98,45.0,4G
6488,2024-09-03 17:17:00,SENSOR_062,Ruido,Bogota,Oriente,81.33,dB,Alerta,83.28,95.0,LoRaWAN
6489,2024-01-17 00:07:00,SENSOR_067,Ruido,Barranquilla,Sur,44.6,dB,Normal,48.02,99.0,4G
6490,2024-12-28 06:44:00,SENSOR_059,CO2,Barranquilla,Centro,,ppm,Sin_Dato,,56.0,Ethernet
6491,2024-07-05 19:48:00,SENSOR_007,PM2.5,Cartagena,Oriente,114.77,µg/m3,Critico,15.44,87.0,LoRaWAN
6492,2024-11-23 16:40:00,SENSOR_096,CO2,Cali,Norte,541.99,ppm,Normal,32.78,24.0,WiFi
6493,2024-03-21 17:48:00,SENSOR_095,PM2.5,Cartagena,Centro,83.97,µg/m3,Critico,35.97,60.0,4G
6494,2024-03-02 00:33:00,SENSOR_094,Temperatura,Bogota,Norte,27.34,°C,Normal,34.56,44.0,4G
6495,2024-03-19 02:59:00,SENSOR_097,PM2.5,Barranquilla,Oriente,34.02,µg/m3,Normal,44.91,25.0,WiFi
6496,2024-12-06 00:26:00,SENSOR_060,PM2.5,Bogota,Oriente,84.4,µg/m3,Critico,26.75,27.0,WiFi
6497,2024-06-21 00:07:00,SENSOR_049,PM2.5,Medellin,Occidente,95.67,µg/m3,Critico,37.22,53.0,4G
6498,2024-10-24 01:55:00,SENSOR_033,PM2.5,Bucaramanga,Norte,85.4,µg/m3,Critico,34.64,29.0,WiFi
6499,2024-05-01 03:08:00,SENSOR_051,Humedad,Bucaramanga,Centro,64.91,%,Normal,31.1,83.0,Ethernet
6500,2024-02-12 10:22:00,SENSOR_065,Temperatura,Barranquilla,Norte,18.25,°C,Normal,9.55,94.0,Ethernet
6501,2024-07-04 03:20:00,SENSOR_008,Ruido,Barranquilla,Oriente,84.29,dB,Alerta,84.49,39.0,LoRaWAN
6502,2024-09-04 10:31:00,SENSOR_074,CO2,Medellin,Norte,1055.77,ppm,Alerta,34.29,20.0,4G
6503,2024-05-08 23:13:00,SENSOR_002,Ruido,Barranquilla,Occidente,60.36,dB,Normal,72.27,67.0,LoRaWAN
6504,2024-11-01 01:08:00,SENSOR_018,CO2,Barranquilla,Oriente,624.19,ppm,Normal,67.61,39.0,4G
6505,2024-07-28 09:11:00,SENSOR_031,Temperatura,Barranquilla,Oriente,18.52,°C,Normal,63.26,67.0,Ethernet
6506,2024-09-16 10:45:00,SENSOR_030,Ruido,Cartagena,Centro,41.74,dB,Normal,41.08,49.0,4G
6507,2024-04-02 21:02:00,SENSOR_062,Temperatura,Bucaramanga,Oriente,15.44,°C,Normal,54.73,78.0,4G
6508,2024-04-18 07:53:00,SENSOR_044,CO2,Bogota,Norte,1077.42,ppm,Alerta,79.43,75.0,WiFi
6509,2024-10-01 12:03:00,SENSOR_030,Temperatura,Cartagena,Occidente,10.14,°C,Normal,30.82,70.0,WiFi
6510,2024-06-30 22:37:00,SENSOR_079,Temperatura,Barranquilla,Oriente,22.14,°C,Normal,29.51,47.0,LoRaWAN
6511,2024-01-05 18:42:00,SENSOR_052,Ruido,Bogota,Oriente,48.32,dB,Normal,8.01,34.0,4G
6512,2024-08-06 09:55:00,SENSOR_072,Ruido,Bucaramanga,Sur,80.92,dB,Alerta,6.14,37.0,4G
6513,2024-07-07 15:39:00,SENSOR_001,Humedad,Bogota,Oriente,66.35,%,Normal,70.36,61.0,LoRaWAN
6514,2024-06-01 05:11:00,SENSOR_009,Ruido,Medellin,Sur,35.61,dB,Normal,,20.0,LoRaWAN
6515,2024-06-26 17:39:00,SENSOR_058,CO2,Cartagena,Centro,1175.76,ppm,Alerta,73.19,73.0,WiFi
6516,2024-10-27 03:49:00,SENSOR_090,Temperatura,Medellin,Sur,30.18,°C,Alerta,89.42,64.0,Ethernet
6517,2024-05-15 13:04:00,SENSOR_030,Humedad,Cartagena,Sur,93.45,%,Critico,21.19,35.0,Ethernet
6518,2024-12-20 01:39:00,SENSOR_016,PM2.5,Bucaramanga,Norte,52.74,µg/m3,Alerta,91.07,79.0,LoRaWAN
6519,2024-08-12 02:12:00,SENSOR_072,CO2,Bogota,Sur,1274.58,ppm,Critico,37.69,39.0,WiFi
6520,2024-08-17 11:46:00,SENSOR_052,Humedad,Bogota,Norte,94.43,%,Critico,81.84,83.0,LoRaWAN
6521,2024-10-15 15:56:00,SENSOR_068,Humedad,Bucaramanga,Occidente,35.56,%,Alerta,74.99,26.0,4G
6522,2024-09-12 22:09:00,SENSOR_091,Ruido,Barranquilla,Occidente,73.96,dB,Alerta,56.51,22.0,Ethernet
6523,2024-07-30 01:41:00,SENSOR_013,Ruido,Bucaramanga,Occidente,65.63,dB,Normal,26.27,47.0,Ethernet
6524,2024-06-09 07:46:00,SENSOR_074,PM2.5,Cali,Occidente,98.16,µg/m3,Critico,17.46,60.0,4G
6525,2024-03-29 08:29:00,SENSOR_008,Temperatura,Cali,Occidente,30.47,°C,Alerta,55.24,88.0,4G
6526,2024-06-26 13:14:00,SENSOR_010,Ruido,Medellin,Occidente,96.87,dB,Critico,59.61,61.0,4G
6527,2024-07-22 00:01:00,SENSOR_078,Temperatura,Medellin,Oriente,16.97,°C,Normal,22.71,62.0,WiFi
6528,2024-01-05 16:05:00,SENSOR_032,Temperatura,Barranquilla,Centro,30.98,°C,Alerta,7.41,79.0,Ethernet
6529,2024-04-04 05:20:00,SENSOR_015,PM2.5,Bogota,Occidente,,µg/m3,Sin_Dato,31.27,84.0,WiFi
6530,2024-03-19 12:05:00,SENSOR_039,Humedad,Barranquilla,Occidente,88.7,%,Alerta,21.11,52.0,LoRaWAN
6531,2024-02-16 09:39:00,SENSOR_068,Temperatura,Cali,Centro,20.42,°C,Normal,32.71,63.0,WiFi
6532,2024-09-24 22:07:00,SENSOR_064,Ruido,Barranquilla,Sur,40.63,dB,Normal,29.01,48.0,4G
6533,2024-06-10 19:20:00,SENSOR_013,Humedad,Cali,Occidente,88.15,%,Alerta,19.7,66.0,Ethernet
6534,2024-06-25 08:48:00,SENSOR_036,Humedad,Barranquilla,Oriente,57.9,%,Normal,84.52,96.0,4G
6535,2024-03-09 20:12:00,SENSOR_054,Ruido,Cali,Norte,94.02,dB,Critico,75.93,89.0,Ethernet
6536,2024-04-08 11:05:00,SENSOR_087,Humedad,Cali,Centro,64.13,%,Normal,6.18,65.0,LoRaWAN
6537,2024-01-07 16:53:00,SENSOR_056,Ruido,Barranquilla,Sur,64.47,dB,Normal,11.14,83.0,LoRaWAN
6538,2024-06-08 21:50:00,SENSOR_021,Humedad,Cartagena,Centro,54.92,%,Normal,46.36,53.0,4G
6539,2024-01-04 05:06:00,SENSOR_004,PM2.5,Bogota,Sur,,µg/m3,Sin_Dato,22.33,50.0,WiFi
6540,2024-04-29 13:03:00,SENSOR_018,Humedad,Barranquilla,Occidente,43.09,%,Normal,33.55,45.0,WiFi
6541,2024-02-02 09:09:00,SENSOR_049,CO2,Bucaramanga,Occidente,1697.96,ppm,Critico,63.13,,Ethernet
6542,2024-10-23 01:33:00,SENSOR_039,CO2,Cali,Oriente,994.62,ppm,Alerta,59.87,26.0,WiFi
6543,2024-04-09 20:09:00,SENSOR_068,CO2,Cartagena,Norte,1287.16,ppm,Critico,30.35,61.0,WiFi
6544,2024-12-12 02:39:00,SENSOR_040,PM2.5,Barranquilla,Norte,21.28,µg/m3,Normal,23.64,94.0,LoRaWAN
6545,2024-07-14 03:35:00,SENSOR_004,Temperatura,Bogota,Centro,,°C,Sin_Dato,46.17,93.0,Ethernet
6546,2024-12-11 05:07:00,SENSOR_077,Ruido,Bogota,Norte,93.76,dB,Critico,33.87,39.0,WiFi
6547,2024-10-20 07:15:00,SENSOR_075,PM2.5,Bucaramanga,Occidente,84.93,µg/m3,Critico,51.23,94.0,4G
6548,2024-08-01 15:38:00,SENSOR_065,Ruido,Cali,Occidente,47.2,dB,Normal,16.9,45.0,WiFi
6549,2024-08-18 00:05:00,SENSOR_017,Temperatura,Barranquilla,Oriente,34.83,°C,Critico,56.96,60.0,WiFi
6550,2024-01-18 05:56:00,SENSOR_005,CO2,Bogota,Sur,839.66,ppm,Alerta,98.57,81.0,LoRaWAN
6551,2024-01-28 14:51:00,SENSOR_091,Temperatura,Bogota,Norte,15.57,°C,Normal,54.26,26.0,Ethernet
6552,2024-10-06 21:49:00,SENSOR_092,PM2.5,Bogota,Oriente,92.45,µg/m3,Critico,67.98,67.0,WiFi
6553,2024-03-16 21:33:00,SENSOR_048,Ruido,Barranquilla,Sur,46.55,dB,Normal,28.04,24.0,WiFi
6554,2024-11-26 04:48:00,SENSOR_046,Ruido,Cali,Norte,82.29,dB,Alerta,79.04,27.0,WiFi
6555,2024-04-09 01:34:00,SENSOR_035,CO2,Medellin,Norte,1281.14,ppm,Critico,83.85,30.0,LoRaWAN
6556,2024-08-29 14:52:00,SENSOR_052,Humedad,Barranquilla,Oriente,52.76,%,Normal,17.71,46.0,LoRaWAN
6557,2024-07-31 02:10:00,SENSOR_062,Temperatura,Barranquilla,Oriente,21.77,°C,Normal,60.96,99.0,4G
6558,2024-03-29 22:04:00,SENSOR_032,Temperatura,Barranquilla,Oriente,15.31,°C,Normal,29.91,44.0,WiFi
6559,2024-11-14 04:49:00,SENSOR_076,CO2,Cali,Oriente,428.86,ppm,Normal,96.14,100.0,Ethernet
6560,2024-11-08 05:56:00,SENSOR_087,CO2,Cali,Centro,513.37,ppm,Normal,94.83,97.0,4G
6561,2024-03-03 14:19:00,SENSOR_074,CO2,Cali,Centro,912.31,ppm,Alerta,53.61,98.0,WiFi
6562,2024-09-11 21:46:00,SENSOR_039,Temperatura,Bogota,Norte,34.42,°C,Critico,35.65,66.0,4G
6563,2024-11-23 00:28:00,SENSOR_024,Ruido,Bogota,Sur,,dB,Sin_Dato,72.32,37.0,WiFi
6564,2024-05-06 07:34:00,SENSOR_019,Ruido,Cali,Occidente,75.18,dB,Alerta,81.22,31.0,WiFi
6565,2024-10-10 08:57:00,SENSOR_091,Temperatura,Bogota,Centro,25.78,°C,Normal,,47.0,4G
6566,2024-06-30 20:50:00,SENSOR_046,Humedad,Barranquilla,Sur,62.11,%,Normal,35.27,62.0,Ethernet
6567,2024-01-28 09:24:00,SENSOR_018,CO2,Bucaramanga,Oriente,1580.97,ppm,Critico,42.57,41.0,LoRaWAN
6568,2024-08-16 20:01:00,SENSOR_075,Humedad,Bucaramanga,Norte,44.75,%,Normal,51.34,88.0,LoRaWAN
6569,2024-06-07 13:56:00,SENSOR_074,PM2.5,Bucaramanga,Centro,48.69,µg/m3,Alerta,48.57,30.0,WiFi
6570,2024-09-11 18:22:00,SENSOR_013,Ruido,Cali,Centro,91.11,dB,Critico,55.43,67.0,4G
6571,2024-09-05 14:25:00,SENSOR_074,CO2,Barranquilla,Occidente,394.55,ppm,Normal,94.16,39.0,WiFi
6572,2024-05-04 06:17:00,SENSOR_072,Humedad,Medellin,Sur,72.28,%,Normal,36.49,60.0,4G
6573,2024-01-11 14:25:00,SENSOR_007,CO2,Barranquilla,Oriente,1682.22,ppm,Critico,64.45,78.0,4G
6574,2024-05-14 16:43:00,SENSOR_035,Ruido,Bucaramanga,Occidente,74.33,dB,Alerta,54.71,45.0,Ethernet
6575,2024-01-08 21:32:00,SENSOR_014,Ruido,Medellin,Oriente,74.84,dB,Alerta,8.22,71.0,LoRaWAN
6576,2024-05-02 21:28:00,SENSOR_095,CO2,Cali,Occidente,1412.95,ppm,Critico,56.31,44.0,4G
6577,2024-09-02 14:25:00,SENSOR_047,Ruido,Bogota,Norte,98.66,dB,Critico,11.23,43.0,Ethernet
6578,2024-04-24 11:38:00,SENSOR_078,Temperatura,Bucaramanga,Norte,25.39,°C,Normal,,22.0,4G
6579,2024-04-04 00:45:00,SENSOR_076,Temperatura,Bucaramanga,Norte,31.13,°C,Alerta,22.16,57.0,WiFi
6580,2024-06-01 02:16:00,SENSOR_040,Ruido,Bogota,Oriente,,dB,Sin_Dato,51.37,83.0,Ethernet
6581,2024-12-15 18:29:00,SENSOR_080,Ruido,Medellin,Occidente,52.01,dB,Normal,30.81,25.0,Ethernet
6582,2024-10-21 09:05:00,SENSOR_093,PM2.5,Cali,Oriente,46.84,µg/m3,Alerta,30.47,,WiFi
6583,2024-04-18 06:12:00,SENSOR_017,CO2,Bucaramanga,Occidente,666.01,ppm,Normal,82.2,80.0,WiFi
6584,2024-09-09 10:44:00,SENSOR_097,PM2.5,Bogota,Occidente,109.11,µg/m3,Critico,43.63,67.0,4G
6585,2024-05-06 08:39:00,SENSOR_024,PM2.5,Cali,Centro,38.89,µg/m3,Alerta,,57.0,4G
6586,2024-06-25 22:17:00,SENSOR_034,Humedad,Bogota,Oriente,85.09,%,Alerta,66.42,83.0,LoRaWAN
6587,2024-08-12 10:47:00,SENSOR_004,Temperatura,Medellin,Occidente,15.27,°C,Normal,45.18,,4G
6588,2024-05-11 06:40:00,SENSOR_016,Ruido,Cartagena,Centro,67.53,dB,Normal,29.51,100.0,LoRaWAN
6589,2024-08-29 12:16:00,SENSOR_095,PM2.5,Bogota,Norte,53.79,µg/m3,Alerta,86.21,23.0,LoRaWAN
6590,2024-06-27 04:50:00,SENSOR_002,Ruido,Cartagena,Oriente,86.06,dB,Critico,40.69,22.0,Ethernet
6591,2024-12-10 23:58:00,SENSOR_030,PM2.5,Barranquilla,Centro,43.85,µg/m3,Alerta,86.75,50.0,4G
6592,2024-09-12 20:14:00,SENSOR_077,Temperatura,Barranquilla,Sur,33.58,°C,Critico,91.96,51.0,4G
6593,2024-05-03 11:41:00,SENSOR_083,Humedad,Cali,Norte,51.28,%,Normal,,87.0,LoRaWAN
6594,2024-08-09 08:21:00,SENSOR_032,PM2.5,Medellin,Occidente,,µg/m3,Sin_Dato,30.25,42.0,Ethernet
6595,2024-01-04 11:32:00,SENSOR_051,CO2,Bucaramanga,Sur,1784.88,ppm,Critico,82.0,68.0,4G
6596,2024-10-17 00:07:00,SENSOR_096,CO2,Cartagena,Sur,1020.35,ppm,Alerta,75.3,46.0,Ethernet
6597,2024-02-10 18:25:00,SENSOR_051,Temperatura,Medellin,Oriente,26.37,°C,Normal,37.0,63.0,WiFi
6598,2024-08-31 10:26:00,SENSOR_035,CO2,Barranquilla,Centro,630.96,ppm,Normal,44.72,60.0,WiFi
6599,2024-08-10 00:27:00,SENSOR_016,Humedad,Medellin,Occidente,53.07,%,Normal,30.39,21.0,WiFi
6600,2024-03-29 09:08:00,SENSOR_074,Temperatura,Bogota,Sur,28.18,°C,Alerta,68.5,59.0,LoRaWAN
6601,2024-01-26 10:49:00,SENSOR_084,Temperatura,Barranquilla,Occidente,,°C,Sin_Dato,71.53,65.0,WiFi
6602,2024-12-23 09:03:00,SENSOR_019,CO2,Bucaramanga,Norte,835.86,ppm,Alerta,84.73,83.0,Ethernet
6603,2024-04-09 02:21:00,SENSOR_089,PM2.5,Barranquilla,Sur,46.06,µg/m3,Alerta,19.16,35.0,WiFi
6604,2024-10-06 05:29:00,SENSOR_003,Ruido,Bogota,Norte,78.85,dB,Alerta,48.54,35.0,4G
6605,2024-02-04 16:32:00,SENSOR_017,Ruido,Cartagena,Oriente,64.02,dB,Normal,39.32,99.0,LoRaWAN
6606,2024-06-18 02:26:00,SENSOR_014,Humedad,Barranquilla,Occidente,93.69,%,Critico,13.76,65.0,4G
6607,2024-09-01 03:33:00,SENSOR_023,Humedad,Medellin,Occidente,66.32,%,Normal,89.05,88.0,Ethernet
6608,2024-05-26 07:33:00,SENSOR_085,CO2,Barranquilla,Oriente,674.6,ppm,Normal,65.3,32.0,4G
6609,2024-02-26 15:23:00,SENSOR_100,Ruido,Cali,Occidente,36.51,dB,Normal,24.53,52.0,Ethernet
6610,2024-12-05 06:37:00,SENSOR_086,CO2,Cartagena,Sur,377.7,ppm,Normal,91.35,47.0,LoRaWAN
6611,2024-03-02 17:05:00,SENSOR_014,Ruido,Medellin,Norte,61.43,dB,Normal,82.67,68.0,Ethernet
6612,2024-11-28 05:51:00,SENSOR_089,Ruido,Medellin,Centro,89.94,dB,Critico,5.51,22.0,4G
6613,2024-12-12 10:39:00,SENSOR_041,Ruido,Bogota,Centro,,dB,Sin_Dato,75.89,81.0,Ethernet
6614,2024-02-15 21:16:00,SENSOR_017,Humedad,Medellin,Oriente,75.99,%,Normal,43.04,65.0,Ethernet
6615,2024-07-03 09:22:00,SENSOR_020,CO2,Cartagena,Oriente,1478.85,ppm,Critico,67.2,60.0,LoRaWAN
6616,2024-12-09 07:12:00,SENSOR_011,CO2,Bucaramanga,Oriente,444.33,ppm,Normal,51.36,87.0,Ethernet
6617,2024-03-27 15:32:00,SENSOR_089,Ruido,Cali,Centro,,dB,Sin_Dato,29.2,66.0,4G
6618,2024-09-07 00:45:00,SENSOR_093,Temperatura,Bogota,Centro,30.99,°C,Alerta,92.81,75.0,WiFi
6619,2024-06-28 09:05:00,SENSOR_092,CO2,Barranquilla,Sur,347.27,ppm,Normal,48.52,31.0,LoRaWAN
6620,2024-04-22 20:47:00,SENSOR_062,Temperatura,Cali,Norte,23.44,°C,Normal,95.91,57.0,4G
6621,2024-02-09 21:17:00,SENSOR_016,PM2.5,Cartagena,Centro,105.55,µg/m3,Critico,22.94,33.0,4G
6622,2024-10-31 04:48:00,SENSOR_003,Ruido,Bogota,Norte,82.67,dB,Alerta,69.95,29.0,LoRaWAN
6623,2024-04-05 04:23:00,SENSOR_097,Humedad,Bogota,Oriente,49.14,%,Normal,52.7,23.0,4G
6624,2024-04-14 06:25:00,SENSOR_045,CO2,Medellin,Oriente,523.95,ppm,Normal,,88.0,LoRaWAN
6625,2024-02-15 06:08:00,SENSOR_030,CO2,Bogota,Norte,999.08,ppm,Alerta,83.68,97.0,LoRaWAN
6626,2024-08-04 18:27:00,SENSOR_053,Humedad,Bucaramanga,Norte,79.46,%,Normal,95.93,66.0,WiFi
6627,2024-11-19 11:13:00,SENSOR_009,PM2.5,Bogota,Norte,101.48,µg/m3,Critico,11.34,66.0,LoRaWAN
6628,2024-12-01 16:51:00,SENSOR_052,CO2,Cali,Occidente,1387.65,ppm,Critico,78.16,78.0,Ethernet
6629,2024-05-09 18:12:00,SENSOR_001,Humedad,Bucaramanga,Occidente,89.84,%,Alerta,88.34,47.0,Ethernet
6630,2024-01-13 08:52:00,SENSOR_087,PM2.5,Medellin,Centro,96.44,µg/m3,Critico,29.68,73.0,LoRaWAN
6631,2024-03-01 23:05:00,SENSOR_062,CO2,Medellin,Norte,739.17,ppm,Normal,92.47,35.0,4G
6632,2024-01-12 05:48:00,SENSOR_079,Temperatura,Bogota,Centro,19.46,°C,Normal,60.36,33.0,WiFi
6633,2024-11-22 08:58:00,SENSOR_093,CO2,Medellin,Occidente,1135.26,ppm,Alerta,86.88,74.0,WiFi
6634,2024-11-25 14:10:00,SENSOR_085,PM2.5,Bucaramanga,Centro,58.1,µg/m3,Alerta,61.52,53.0,LoRaWAN
6635,2024-02-10 00:59:00,SENSOR_087,PM2.5,Cali,Occidente,81.5,µg/m3,Critico,28.95,95.0,LoRaWAN
6636,2024-05-31 02:35:00,SENSOR_079,CO2,Barranquilla,Oriente,786.57,ppm,Normal,99.2,21.0,LoRaWAN
6637,2024-04-05 10:47:00,SENSOR_014,Humedad,Cali,Sur,90.34,%,Critico,21.01,24.0,WiFi
6638,2024-06-08 00:51:00,SENSOR_071,Humedad,Bucaramanga,Occidente,60.3,%,Normal,37.63,96.0,LoRaWAN
6639,2024-05-19 19:40:00,SENSOR_053,Ruido,Bogota,Sur,60.23,dB,Normal,57.98,65.0,LoRaWAN
6640,2024-06-01 10:51:00,SENSOR_010,CO2,Cartagena,Sur,1359.44,ppm,Critico,9.02,45.0,LoRaWAN
6641,2024-10-12 09:33:00,SENSOR_026,Temperatura,Cali,Oriente,20.77,°C,Normal,10.55,80.0,Ethernet
6642,2024-03-03 16:26:00,SENSOR_008,PM2.5,Cartagena,Oriente,34.94,µg/m3,Normal,93.03,45.0,LoRaWAN
6643,2024-10-20 06:44:00,SENSOR_093,CO2,Cali,Centro,1007.12,ppm,Alerta,28.96,22.0,LoRaWAN
6644,2024-08-11 21:32:00,SENSOR_032,Humedad,Cali,Centro,62.95,%,Normal,89.67,100.0,Ethernet
6645,2024-04-18 17:40:00,SENSOR_020,Temperatura,Cartagena,Centro,23.67,°C,Normal,47.38,84.0,LoRaWAN
6646,2024-03-03 08:57:00,SENSOR_087,PM2.5,Cartagena,Norte,82.74,µg/m3,Critico,86.7,95.0,Ethernet
6647,2024-02-12 06:27:00,SENSOR_030,CO2,Cartagena,Norte,1547.28,ppm,Critico,43.9,30.0,Ethernet
6648,2024-03-27 17:00:00,SENSOR_043,Temperatura,Barranquilla,Centro,10.54,°C,Normal,,24.0,WiFi
6649,2024-12-29 05:40:00,SENSOR_069,Temperatura,Bucaramanga,Centro,31.37,°C,Alerta,,77.0,WiFi
6650,2024-06-17 12:05:00,SENSOR_039,Temperatura,Barranquilla,Oriente,,°C,Sin_Dato,98.93,58.0,Ethernet
6651,2024-07-24 20:07:00,SENSOR_049,CO2,Medellin,Norte,971.56,ppm,Alerta,20.95,93.0,4G
6652,2024-06-06 17:49:00,SENSOR_096,PM2.5,Barranquilla,Sur,13.62,µg/m3,Normal,29.2,76.0,WiFi
6653,2024-04-03 11:12:00,SENSOR_047,Temperatura,Bucaramanga,Sur,11.94,°C,Normal,70.75,56.0,4G
6654,2024-11-28 05:30:00,SENSOR_041,Ruido,Barranquilla,Oriente,80.15,dB,Alerta,77.74,69.0,Ethernet
6655,2024-01-02 18:32:00,SENSOR_024,Temperatura,Bucaramanga,Occidente,34.92,°C,Critico,31.32,85.0,LoRaWAN
6656,2024-10-18 20:15:00,SENSOR_078,Humedad,Bogota,Centro,43.12,%,Normal,10.49,59.0,LoRaWAN
6657,2024-06-01 23:46:00,SENSOR_099,Temperatura,Cartagena,Norte,17.75,°C,Normal,13.84,94.0,WiFi
6658,2024-03-02 19:33:00,SENSOR_047,PM2.5,Barranquilla,Oriente,112.93,µg/m3,Critico,69.09,86.0,LoRaWAN
6659,2024-06-29 00:01:00,SENSOR_057,PM2.5,Cartagena,Norte,107.19,µg/m3,Critico,41.3,53.0,WiFi
6660,2024-12-24 09:42:00,SENSOR_097,PM2.5,Barranquilla,Norte,30.03,µg/m3,Normal,36.11,41.0,LoRaWAN
6661,2024-02-06 07:43:00,SENSOR_069,CO2,Cali,Norte,440.35,ppm,Normal,97.42,89.0,4G
6662,2024-05-02 14:20:00,SENSOR_076,CO2,Bogota,Sur,1542.37,ppm,Critico,67.79,56.0,4G
6663,2024-06-01 09:42:00,SENSOR_023,CO2,Bogota,Norte,837.7,ppm,Alerta,32.87,55.0,LoRaWAN
6664,2024-06-05 17:54:00,SENSOR_095,Humedad,Cartagena,Norte,60.32,%,Normal,65.88,62.0,WiFi
6665,2024-07-15 13:32:00,SENSOR_094,PM2.5,Barranquilla,Centro,14.5,µg/m3,Normal,48.83,47.0,Ethernet
6666,2024-06-27 01:43:00,SENSOR_048,Ruido,Bogota,Centro,59.31,dB,Normal,99.0,47.0,LoRaWAN
6667,2024-11-04 21:52:00,SENSOR_062,Temperatura,Cartagena,Sur,32.33,°C,Critico,,73.0,WiFi
6668,2024-11-19 14:11:00,SENSOR_036,Ruido,Cali,Sur,66.77,dB,Normal,16.44,32.0,LoRaWAN
6669,2024-03-06 06:01:00,SENSOR_030,Ruido,Bogota,Centro,37.3,dB,Normal,99.81,95.0,4G
6670,2024-10-01 11:47:00,SENSOR_020,Ruido,Barranquilla,Norte,84.95,dB,Alerta,61.39,56.0,4G
6671,2024-05-26 17:48:00,SENSOR_060,CO2,Cartagena,Occidente,,ppm,Sin_Dato,72.1,59.0,Ethernet
6672,2024-09-29 09:32:00,SENSOR_045,Temperatura,Medellin,Norte,30.88,°C,Alerta,34.72,33.0,4G
6673,2024-06-14 17:43:00,SENSOR_022,Temperatura,Cartagena,Centro,28.84,°C,Alerta,81.64,55.0,WiFi
6674,2024-09-15 05:47:00,SENSOR_088,Humedad,Cartagena,Norte,40.84,%,Normal,98.96,25.0,WiFi
6675,2024-09-07 04:03:00,SENSOR_007,CO2,Bucaramanga,Oriente,1356.66,ppm,Critico,42.59,54.0,WiFi
6676,2024-01-18 18:10:00,SENSOR_071,CO2,Barranquilla,Centro,493.39,ppm,Normal,98.09,21.0,Ethernet
6677,2024-04-23 16:42:00,SENSOR_012,CO2,Bucaramanga,Sur,324.54,ppm,Normal,62.01,42.0,4G
6678,2024-08-04 00:02:00,SENSOR_078,PM2.5,Cartagena,Sur,71.65,µg/m3,Alerta,26.77,23.0,WiFi
6679,2024-11-22 19:31:00,SENSOR_051,Temperatura,Cartagena,Sur,18.15,°C,Normal,7.52,64.0,4G
6680,2024-09-10 10:58:00,SENSOR_007,CO2,Bucaramanga,Norte,1252.09,ppm,Critico,83.41,76.0,LoRaWAN
6681,2024-06-11 01:35:00,SENSOR_004,CO2,Cali,Sur,1466.39,ppm,Critico,37.76,28.0,Ethernet
6682,2024-06-26 12:30:00,SENSOR_018,Humedad,Barranquilla,Sur,50.71,%,Normal,93.29,31.0,WiFi
6683,2024-04-02 12:49:00,SENSOR_060,Temperatura,Cali,Occidente,20.51,°C,Normal,55.36,23.0,LoRaWAN
6684,2024-11-07 09:07:00,SENSOR_086,CO2,Bucaramanga,Centro,1145.92,ppm,Alerta,23.39,28.0,Ethernet
6685,2024-07-17 07:18:00,SENSOR_052,Humedad,Cali,Oriente,64.51,%,Normal,61.91,87.0,Ethernet
6686,2024-10-13 13:44:00,SENSOR_012,Ruido,Barranquilla,Occidente,61.85,dB,Normal,26.02,34.0,WiFi
6687,2024-04-04 18:58:00,SENSOR_083,Ruido,Bogota,Occidente,37.12,dB,Normal,61.0,73.0,LoRaWAN
6688,2024-01-14 00:34:00,SENSOR_006,Temperatura,Barranquilla,Norte,23.3,°C,Normal,90.75,60.0,LoRaWAN
6689,2024-04-12 12:41:00,SENSOR_024,Ruido,Bogota,Occidente,87.37,dB,Critico,32.83,69.0,WiFi
6690,2024-05-10 21:30:00,SENSOR_046,Ruido,Bucaramanga,Norte,96.88,dB,Critico,70.61,95.0,WiFi
6691,2024-11-14 19:37:00,SENSOR_020,Humedad,Bucaramanga,Norte,54.1,%,Normal,51.76,80.0,LoRaWAN
6692,2024-07-04 06:46:00,SENSOR_096,CO2,Bogota,Occidente,1532.71,ppm,Critico,13.2,36.0,Ethernet
6693,2024-04-17 06:02:00,SENSOR_053,CO2,Bogota,Oriente,1063.83,ppm,Alerta,63.8,75.0,Ethernet
6694,2024-04-16 22:15:00,SENSOR_067,Temperatura,Medellin,Sur,33.72,°C,Critico,99.83,71.0,WiFi
6695,2024-07-10 14:56:00,SENSOR_022,Ruido,Cartagena,Occidente,73.74,dB,Alerta,59.18,76.0,4G
6696,2024-08-03 21:20:00,SENSOR_016,CO2,Cartagena,Sur,1237.58,ppm,Critico,50.14,92.0,Ethernet
6697,2024-12-02 23:28:00,SENSOR_023,Humedad,Cartagena,Occidente,57.82,%,Normal,36.57,28.0,LoRaWAN
6698,2024-11-09 18:19:00,SENSOR_047,PM2.5,Cartagena,Occidente,35.89,µg/m3,Alerta,61.5,64.0,4G
6699,2024-04-25 06:27:00,SENSOR_014,Humedad,Cartagena,Occidente,72.04,%,Normal,70.22,85.0,Ethernet
6700,2024-09-25 09:02:00,SENSOR_034,Humedad,Cartagena,Norte,66.51,%,Normal,15.34,56.0,4G
6701,2024-09-21 19:50:00,SENSOR_011,PM2.5,Cartagena,Oriente,42.74,µg/m3,Alerta,68.48,32.0,Ethernet
6702,2024-09-22 09:31:00,SENSOR_094,Temperatura,Medellin,Sur,27.49,°C,Normal,15.27,92.0,4G
6703,2024-07-18 04:48:00,SENSOR_061,CO2,Cali,Occidente,363.86,ppm,Normal,34.05,65.0,WiFi
6704,2024-01-08 01:34:00,SENSOR_095,Humedad,Bucaramanga,Centro,,%,Sin_Dato,78.99,86.0,LoRaWAN
6705,2024-06-22 15:38:00,SENSOR_097,CO2,Bucaramanga,Norte,423.8,ppm,Normal,35.39,80.0,4G
6706,2024-07-31 15:14:00,SENSOR_004,PM2.5,Barranquilla,Sur,111.39,µg/m3,Critico,72.49,80.0,WiFi
6707,2024-11-18 04:19:00,SENSOR_067,Humedad,Bucaramanga,Centro,42.35,%,Normal,82.55,34.0,4G
6708,2024-10-09 05:14:00,SENSOR_081,Temperatura,Bogota,Oriente,23.18,°C,Normal,74.08,76.0,Ethernet
6709,2024-07-18 00:57:00,SENSOR_083,Temperatura,Bucaramanga,Oriente,18.57,°C,Normal,33.35,64.0,WiFi
6710,2024-02-14 13:42:00,SENSOR_069,Temperatura,Bogota,Centro,26.35,°C,Normal,5.38,27.0,WiFi
6711,2024-03-29 13:23:00,SENSOR_079,Ruido,Cartagena,Centro,71.27,dB,Alerta,76.25,94.0,WiFi
6712,2024-08-12 04:34:00,SENSOR_021,Ruido,Medellin,Norte,89.95,dB,Critico,31.66,63.0,WiFi
6713,2024-07-12 02:24:00,SENSOR_100,PM2.5,Bogota,Oriente,97.49,µg/m3,Critico,85.5,21.0,4G
6714,2024-02-15 13:57:00,SENSOR_030,Humedad,Cartagena,Sur,,%,Sin_Dato,90.64,51.0,LoRaWAN
6715,2024-06-06 10:14:00,SENSOR_020,Temperatura,Cali,Oriente,22.74,°C,Normal,24.21,25.0,WiFi
6716,2024-09-06 14:16:00,SENSOR_059,CO2,Bucaramanga,Sur,932.81,ppm,Alerta,19.45,61.0,LoRaWAN
6717,2024-07-15 00:46:00,SENSOR_062,Ruido,Barranquilla,Centro,77.05,dB,Alerta,45.02,83.0,LoRaWAN
6718,2024-09-30 11:51:00,SENSOR_071,PM2.5,Medellin,Oriente,12.36,µg/m3,Normal,68.55,62.0,WiFi
6719,2024-03-03 15:24:00,SENSOR_082,Ruido,Cali,Sur,,dB,Sin_Dato,6.55,44.0,4G
6720,2024-11-29 09:25:00,SENSOR_043,Temperatura,Cartagena,Centro,23.18,°C,Normal,12.38,86.0,4G
6721,2024-09-03 22:47:00,SENSOR_043,Temperatura,Bucaramanga,Centro,12.43,°C,Normal,62.92,67.0,LoRaWAN
6722,2024-05-03 08:34:00,SENSOR_045,CO2,Barranquilla,Norte,1607.56,ppm,Critico,6.3,23.0,Ethernet
6723,2024-09-17 07:44:00,SENSOR_080,CO2,Cartagena,Occidente,720.47,ppm,Normal,57.18,,LoRaWAN
6724,2024-04-23 08:24:00,SENSOR_084,Humedad,Barranquilla,Occidente,71.91,%,Normal,86.45,74.0,4G
6725,2024-01-09 10:27:00,SENSOR_065,Ruido,Medellin,Occidente,43.89,dB,Normal,15.78,84.0,4G
6726,2024-05-20 20:15:00,SENSOR_072,CO2,Barranquilla,Occidente,1525.52,ppm,Critico,99.03,69.0,4G
6727,2024-10-31 01:16:00,SENSOR_037,CO2,Cartagena,Norte,1189.87,ppm,Alerta,6.16,60.0,LoRaWAN
6728,2024-09-20 03:55:00,SENSOR_025,Humedad,Cartagena,Occidente,72.08,%,Normal,58.71,84.0,LoRaWAN
6729,2024-12-19 08:35:00,SENSOR_040,Humedad,Medellin,Occidente,64.37,%,Normal,46.88,86.0,Ethernet
6730,2024-10-01 01:36:00,SENSOR_068,PM2.5,Bogota,Oriente,12.88,µg/m3,Normal,16.58,59.0,Ethernet
6731,2024-04-25 00:26:00,SENSOR_075,Humedad,Cartagena,Norte,62.54,%,Normal,25.59,82.0,4G
6732,2024-06-12 05:28:00,SENSOR_050,Humedad,Medellin,Oriente,78.7,%,Normal,89.93,89.0,WiFi
6733,2024-03-18 00:29:00,SENSOR_082,Ruido,Cali,Sur,81.75,dB,Alerta,55.51,89.0,WiFi
6734,2024-09-24 06:09:00,SENSOR_007,CO2,Barranquilla,Oriente,484.9,ppm,Normal,48.94,87.0,Ethernet
6735,2024-03-02 19:04:00,SENSOR_003,Temperatura,Barranquilla,Centro,10.03,°C,Normal,37.39,80.0,LoRaWAN
6736,2024-03-12 08:00:00,SENSOR_060,PM2.5,Barranquilla,Norte,19.82,µg/m3,Normal,80.79,84.0,4G
6737,2024-11-04 20:39:00,SENSOR_097,Humedad,Bogota,Centro,49.68,%,Normal,40.05,89.0,4G
6738,2024-02-21 12:00:00,SENSOR_038,Ruido,Bucaramanga,Centro,82.8,dB,Alerta,49.61,92.0,WiFi
6739,2024-06-01 15:38:00,SENSOR_066,Humedad,Cartagena,Oriente,73.84,%,Normal,28.31,,Ethernet
6740,2024-11-03 13:08:00,SENSOR_069,CO2,Cartagena,Sur,1178.79,ppm,Alerta,13.27,37.0,4G
6741,2024-01-22 04:40:00,SENSOR_053,PM2.5,Medellin,Sur,,µg/m3,Sin_Dato,88.19,62.0,LoRaWAN
6742,2024-10-07 01:09:00,SENSOR_074,PM2.5,Medellin,Norte,90.5,µg/m3,Critico,95.79,57.0,4G
6743,2024-02-08 00:34:00,SENSOR_043,CO2,Bogota,Norte,1175.06,ppm,Alerta,,100.0,4G
6744,2024-07-26 15:14:00,SENSOR_045,Ruido,Bogota,Norte,59.25,dB,Normal,88.98,92.0,4G
6745,2024-09-06 17:54:00,SENSOR_090,Ruido,Barranquilla,Norte,59.15,dB,Normal,29.27,89.0,4G
6746,2024-05-09 10:37:00,SENSOR_088,Temperatura,Cartagena,Oriente,11.7,°C,Normal,76.28,97.0,4G
6747,2024-05-31 17:26:00,SENSOR_020,PM2.5,Medellin,Occidente,100.57,µg/m3,Critico,97.13,62.0,WiFi
6748,2024-04-26 21:30:00,SENSOR_019,Temperatura,Bucaramanga,Oriente,30.94,°C,Alerta,44.8,,Ethernet
6749,2024-10-20 17:20:00,SENSOR_038,Temperatura,Cali,Norte,10.94,°C,Normal,26.97,93.0,4G
6750,2024-06-19 21:20:00,SENSOR_032,PM2.5,Bogota,Norte,62.54,µg/m3,Alerta,53.27,20.0,LoRaWAN
6751,2024-07-14 18:53:00,SENSOR_017,Temperatura,Medellin,Centro,19.43,°C,Normal,78.91,85.0,LoRaWAN
6752,2024-10-14 22:17:00,SENSOR_052,CO2,Barranquilla,Oriente,788.17,ppm,Normal,,28.0,LoRaWAN
6753,2024-06-18 01:24:00,SENSOR_033,CO2,Medellin,Sur,1250.71,ppm,Critico,94.91,28.0,WiFi
6754,2024-09-19 09:45:00,SENSOR_040,Ruido,Cartagena,Sur,89.36,dB,Critico,90.16,74.0,LoRaWAN
6755,2024-06-05 23:24:00,SENSOR_033,CO2,Medellin,Sur,1774.36,ppm,Critico,58.35,39.0,Ethernet
6756,2024-01-03 01:59:00,SENSOR_022,CO2,Cartagena,Oriente,336.51,ppm,Normal,61.44,90.0,Ethernet
6757,2024-05-23 22:20:00,SENSOR_027,Temperatura,Cali,Norte,23.77,°C,Normal,87.13,96.0,Ethernet
6758,2024-11-11 05:30:00,SENSOR_026,PM2.5,Bogota,Norte,53.61,µg/m3,Alerta,73.35,64.0,4G
6759,2024-09-22 13:36:00,SENSOR_090,Temperatura,Barranquilla,Occidente,31.2,°C,Alerta,38.65,79.0,WiFi
6760,2024-11-18 15:34:00,SENSOR_021,PM2.5,Bogota,Sur,66.62,µg/m3,Alerta,57.87,64.0,WiFi
6761,2024-09-08 01:49:00,SENSOR_014,Humedad,Bogota,Occidente,56.27,%,Normal,9.64,20.0,LoRaWAN
6762,2024-01-03 20:37:00,SENSOR_068,Ruido,Bogota,Norte,43.34,dB,Normal,31.38,,WiFi
6763,2024-03-29 18:12:00,SENSOR_012,Ruido,Cali,Oriente,76.06,dB,Alerta,80.73,,LoRaWAN
6764,2024-09-26 14:43:00,SENSOR_044,Humedad,Bucaramanga,Occidente,74.57,%,Normal,26.31,32.0,4G
6765,2024-07-01 01:46:00,SENSOR_003,Ruido,Bogota,Sur,72.87,dB,Alerta,57.08,62.0,WiFi
6766,2024-01-20 20:18:00,SENSOR_015,Humedad,Cali,Sur,90.4,%,Critico,14.73,21.0,LoRaWAN
6767,2024-05-16 15:05:00,SENSOR_087,Humedad,Bogota,Centro,58.94,%,Normal,91.22,20.0,Ethernet
6768,2024-03-17 09:22:00,SENSOR_062,CO2,Medellin,Sur,1227.81,ppm,Critico,88.71,40.0,WiFi
6769,2024-11-08 05:36:00,SENSOR_049,Temperatura,Cali,Centro,34.3,°C,Critico,37.51,66.0,LoRaWAN
6770,2024-11-27 04:39:00,SENSOR_079,PM2.5,Bucaramanga,Norte,82.75,µg/m3,Critico,61.69,83.0,4G
6771,2024-08-21 14:14:00,SENSOR_074,Temperatura,Cali,Oriente,23.37,°C,Normal,58.4,60.0,WiFi
6772,2024-03-18 02:23:00,SENSOR_040,Temperatura,Cartagena,Centro,14.23,°C,Normal,,70.0,LoRaWAN
6773,2024-10-22 03:31:00,SENSOR_046,Ruido,Barranquilla,Oriente,75.91,dB,Alerta,97.84,42.0,4G
6774,2024-12-29 07:38:00,SENSOR_045,CO2,Cali,Norte,1023.28,ppm,Alerta,10.32,75.0,WiFi
6775,2024-12-22 22:43:00,SENSOR_038,PM2.5,Cartagena,Oriente,29.83,µg/m3,Normal,54.59,90.0,LoRaWAN
6776,2024-11-21 21:10:00,SENSOR_077,Ruido,Bogota,Oriente,72.12,dB,Alerta,33.63,48.0,4G
6777,2024-05-22 16:21:00,SENSOR_016,PM2.5,Medellin,Sur,107.37,µg/m3,Critico,15.71,40.0,Ethernet
6778,2024-07-11 13:20:00,SENSOR_017,PM2.5,Barranquilla,Sur,46.39,µg/m3,Alerta,35.44,89.0,4G
6779,2024-12-17 06:13:00,SENSOR_028,Temperatura,Bucaramanga,Norte,20.9,°C,Normal,24.03,41.0,LoRaWAN
6780,2024-03-27 18:09:00,SENSOR_068,CO2,Cali,Centro,1599.71,ppm,Critico,,,Ethernet
6781,2024-01-10 12:18:00,SENSOR_068,Ruido,Barranquilla,Oriente,52.42,dB,Normal,17.11,47.0,WiFi
6782,2024-01-23 12:25:00,SENSOR_087,Ruido,Cartagena,Norte,68.83,dB,Normal,89.83,60.0,Ethernet
6783,2024-01-18 23:51:00,SENSOR_019,Ruido,Barranquilla,Oriente,70.2,dB,Alerta,90.92,66.0,Ethernet
6784,2024-12-23 16:12:00,SENSOR_030,Ruido,Barranquilla,Centro,86.58,dB,Critico,47.25,96.0,WiFi
6785,2024-06-09 15:26:00,SENSOR_051,CO2,Bogota,Occidente,1384.79,ppm,Critico,20.19,44.0,4G
6786,2024-10-26 19:22:00,SENSOR_075,CO2,Bogota,Occidente,1013.94,ppm,Alerta,24.73,44.0,WiFi
6787,2024-09-25 00:17:00,SENSOR_049,Temperatura,Cali,Sur,24.86,°C,Normal,94.4,59.0,4G
6788,2024-11-26 03:58:00,SENSOR_041,Humedad,Barranquilla,Occidente,74.41,%,Normal,14.24,51.0,WiFi
6789,2024-04-04 11:23:00,SENSOR_012,Humedad,Cali,Oriente,90.09,%,Critico,5.6,72.0,WiFi
6790,2024-10-01 21:08:00,SENSOR_090,PM2.5,Medellin,Norte,38.23,µg/m3,Alerta,13.26,21.0,4G
6791,2024-02-12 16:13:00,SENSOR_038,Ruido,Cartagena,Centro,47.29,dB,Normal,21.39,67.0,Ethernet
6792,2024-02-15 06:22:00,SENSOR_014,PM2.5,Cali,Occidente,51.87,µg/m3,Alerta,44.49,75.0,4G
6793,2024-01-07 18:21:00,SENSOR_022,Ruido,Barranquilla,Oriente,38.01,dB,Normal,66.04,46.0,Ethernet
6794,2024-11-12 09:45:00,SENSOR_050,Temperatura,Medellin,Occidente,15.08,°C,Normal,11.39,46.0,WiFi
6795,2024-11-17 19:42:00,SENSOR_045,Ruido,Barranquilla,Oriente,97.85,dB,Critico,55.66,21.0,LoRaWAN
6796,2024-12-25 15:25:00,SENSOR_085,Temperatura,Barranquilla,Norte,13.27,°C,Normal,7.63,85.0,4G
6797,2024-07-21 15:54:00,SENSOR_013,Humedad,Cartagena,Norte,60.37,%,Normal,69.53,95.0,WiFi
6798,2024-03-20 15:26:00,SENSOR_035,Humedad,Barranquilla,Oriente,78.21,%,Normal,21.44,26.0,LoRaWAN
6799,2024-01-08 11:42:00,SENSOR_079,CO2,Bogota,Centro,412.23,ppm,Normal,67.92,95.0,Ethernet
6800,2024-04-06 11:54:00,SENSOR_017,PM2.5,Bogota,Oriente,60.27,µg/m3,Alerta,31.09,96.0,LoRaWAN
6801,2024-02-16 10:51:00,SENSOR_099,Humedad,Cali,Norte,63.85,%,Normal,98.33,27.0,4G
6802,2024-01-31 10:44:00,SENSOR_009,CO2,Bucaramanga,Oriente,844.23,ppm,Alerta,51.74,40.0,4G
6803,2024-07-23 23:03:00,SENSOR_027,Ruido,Barranquilla,Oriente,53.36,dB,Normal,67.43,100.0,Ethernet
6804,2024-09-01 09:29:00,SENSOR_084,Humedad,Bogota,Norte,47.31,%,Normal,71.13,33.0,LoRaWAN
6805,2024-04-07 19:58:00,SENSOR_058,Temperatura,Bucaramanga,Sur,19.82,°C,Normal,48.18,84.0,LoRaWAN
6806,2024-10-24 10:52:00,SENSOR_078,PM2.5,Barranquilla,Norte,108.54,µg/m3,Critico,17.57,95.0,WiFi
6807,2024-07-08 02:13:00,SENSOR_093,Ruido,Barranquilla,Sur,50.32,dB,Normal,25.76,94.0,Ethernet
6808,2024-02-20 12:30:00,SENSOR_023,Humedad,Medellin,Oriente,58.36,%,Normal,93.74,79.0,WiFi
6809,2024-10-15 17:01:00,SENSOR_016,Ruido,Cartagena,Occidente,82.3,dB,Alerta,65.87,28.0,Ethernet
6810,2024-10-07 01:17:00,SENSOR_084,Humedad,Cartagena,Occidente,35.71,%,Alerta,92.09,41.0,LoRaWAN
6811,2024-04-03 06:00:00,SENSOR_058,Temperatura,Cali,Norte,26.26,°C,Normal,92.78,57.0,4G
6812,2024-12-02 14:59:00,SENSOR_016,Humedad,Bucaramanga,Centro,52.28,%,Normal,82.09,73.0,Ethernet
6813,2024-03-22 20:48:00,SENSOR_034,CO2,Medellin,Oriente,1161.53,ppm,Alerta,40.64,60.0,WiFi
6814,2024-12-30 11:28:00,SENSOR_066,Temperatura,Barranquilla,Oriente,13.89,°C,Normal,55.15,91.0,WiFi
6815,2024-10-14 06:41:00,SENSOR_006,Humedad,Medellin,Sur,48.94,%,Normal,97.57,20.0,4G
6816,2024-05-07 03:15:00,SENSOR_005,PM2.5,Bogota,Norte,52.29,µg/m3,Alerta,59.48,87.0,4G
6817,2024-11-29 22:29:00,SENSOR_001,PM2.5,Barranquilla,Occidente,111.57,µg/m3,Critico,28.25,45.0,4G
6818,2024-02-07 22:05:00,SENSOR_002,Humedad,Medellin,Norte,50.98,%,Normal,30.43,37.0,4G
6819,2024-07-16 00:28:00,SENSOR_013,PM2.5,Bucaramanga,Sur,7.49,µg/m3,Normal,86.21,84.0,4G
6820,2024-07-01 12:17:00,SENSOR_059,PM2.5,Barranquilla,Oriente,,µg/m3,Sin_Dato,21.11,,4G
6821,2024-12-03 14:03:00,SENSOR_052,PM2.5,Cartagena,Occidente,,µg/m3,Sin_Dato,30.49,91.0,4G
6822,2024-01-12 22:42:00,SENSOR_082,PM2.5,Medellin,Oriente,68.37,µg/m3,Alerta,63.75,62.0,4G
6823,2024-05-17 19:25:00,SENSOR_090,CO2,Bucaramanga,Sur,699.82,ppm,Normal,22.71,98.0,WiFi
6824,2024-09-07 14:54:00,SENSOR_054,Humedad,Cali,Norte,56.74,%,Normal,95.87,49.0,WiFi
6825,2024-04-16 02:17:00,SENSOR_034,PM2.5,Cartagena,Norte,25.34,µg/m3,Normal,9.7,60.0,LoRaWAN
6826,2024-09-02 11:48:00,SENSOR_058,PM2.5,Medellin,Sur,36.33,µg/m3,Alerta,88.83,68.0,WiFi
6827,2024-10-30 12:49:00,SENSOR_024,Humedad,Cali,Norte,,%,Sin_Dato,86.05,96.0,Ethernet
6828,2024-06-07 07:22:00,SENSOR_088,CO2,Barranquilla,Norte,799.73,ppm,Normal,28.92,55.0,4G
6829,2024-02-13 05:18:00,SENSOR_046,Ruido,Medellin,Oriente,77.15,dB,Alerta,94.93,68.0,WiFi
6830,2024-06-30 01:21:00,SENSOR_016,Ruido,Barranquilla,Occidente,49.85,dB,Normal,82.26,25.0,WiFi
6831,2024-05-04 15:42:00,SENSOR_018,Ruido,Bogota,Norte,71.34,dB,Alerta,44.76,40.0,Ethernet
6832,2024-01-02 07:26:00,SENSOR_041,Humedad,Bucaramanga,Centro,71.14,%,Normal,99.0,43.0,WiFi
6833,2024-02-09 13:09:00,SENSOR_002,Humedad,Barranquilla,Centro,84.7,%,Alerta,58.12,42.0,4G
6834,2024-03-22 19:35:00,SENSOR_099,PM2.5,Bogota,Norte,65.93,µg/m3,Alerta,36.75,33.0,Ethernet
6835,2024-04-26 21:54:00,SENSOR_055,Temperatura,Cali,Sur,31.82,°C,Alerta,21.74,37.0,LoRaWAN
6836,2024-09-23 22:26:00,SENSOR_048,Ruido,Medellin,Occidente,66.09,dB,Normal,35.15,42.0,WiFi
6837,2024-09-18 19:42:00,SENSOR_071,Humedad,Barranquilla,Norte,44.74,%,Normal,40.61,81.0,LoRaWAN
6838,2024-08-15 05:12:00,SENSOR_033,Humedad,Cartagena,Oriente,84.87,%,Alerta,92.72,27.0,LoRaWAN
6839,2024-12-19 09:58:00,SENSOR_024,PM2.5,Cartagena,Sur,26.13,µg/m3,Normal,,21.0,WiFi
6840,2024-07-31 13:27:00,SENSOR_029,Temperatura,Bogota,Centro,11.51,°C,Normal,7.46,25.0,LoRaWAN
6841,2024-06-26 21:01:00,SENSOR_002,Temperatura,Medellin,Sur,32.64,°C,Critico,92.94,21.0,LoRaWAN
6842,2024-07-13 04:21:00,SENSOR_023,CO2,Medellin,Norte,412.2,ppm,Normal,57.25,35.0,4G
6843,2024-07-01 06:41:00,SENSOR_023,PM2.5,Barranquilla,Occidente,14.64,µg/m3,Normal,74.72,93.0,WiFi
6844,2024-08-25 06:01:00,SENSOR_029,PM2.5,Bucaramanga,Occidente,87.59,µg/m3,Critico,36.81,90.0,Ethernet
6845,2024-10-08 17:33:00,SENSOR_071,PM2.5,Cali,Centro,53.74,µg/m3,Alerta,22.78,45.0,Ethernet
6846,2024-04-13 19:29:00,SENSOR_034,Temperatura,Medellin,Sur,21.58,°C,Normal,64.39,93.0,LoRaWAN
6847,2024-06-15 18:20:00,SENSOR_020,CO2,Cartagena,Sur,1685.88,ppm,Critico,,54.0,Ethernet
6848,2024-06-21 03:10:00,SENSOR_088,PM2.5,Medellin,Centro,7.38,µg/m3,Normal,86.83,37.0,Ethernet
6849,2024-11-03 00:09:00,SENSOR_013,CO2,Bogota,Occidente,1007.92,ppm,Alerta,65.76,96.0,Ethernet
6850,2024-04-24 12:04:00,SENSOR_067,CO2,Bucaramanga,Oriente,597.01,ppm,Normal,66.06,97.0,LoRaWAN
6851,2024-04-23 02:37:00,SENSOR_041,Temperatura,Cartagena,Occidente,26.4,°C,Normal,38.84,61.0,WiFi
6852,2024-06-29 03:29:00,SENSOR_091,Humedad,Bogota,Sur,51.78,%,Normal,97.97,47.0,LoRaWAN
6853,2024-04-04 11:34:00,SENSOR_009,CO2,Cali,Occidente,1765.53,ppm,Critico,30.41,28.0,4G
6854,2024-10-25 23:45:00,SENSOR_017,Ruido,Bogota,Occidente,92.94,dB,Critico,39.52,67.0,LoRaWAN
6855,2024-05-15 15:40:00,SENSOR_042,Ruido,Cartagena,Oriente,,dB,Sin_Dato,70.19,53.0,Ethernet
6856,2024-03-15 20:58:00,SENSOR_016,PM2.5,Bucaramanga,Centro,7.12,µg/m3,Normal,37.0,58.0,Ethernet
6857,2024-03-26 17:34:00,SENSOR_083,Temperatura,Barranquilla,Sur,19.03,°C,Normal,9.65,88.0,WiFi
6858,2024-05-21 18:18:00,SENSOR_002,CO2,Bucaramanga,Centro,440.3,ppm,Normal,48.98,27.0,4G
6859,2024-12-02 02:59:00,SENSOR_014,Temperatura,Medellin,Centro,24.65,°C,Normal,91.32,78.0,WiFi
6860,2024-02-02 12:20:00,SENSOR_008,Ruido,Medellin,Oriente,94.63,dB,Critico,,91.0,Ethernet
6861,2024-02-17 11:26:00,SENSOR_098,CO2,Cali,Occidente,1307.03,ppm,Critico,96.72,93.0,LoRaWAN
6862,2024-08-24 01:56:00,SENSOR_084,PM2.5,Barranquilla,Occidente,42.99,µg/m3,Alerta,30.29,60.0,WiFi
6863,2024-01-23 07:24:00,SENSOR_014,CO2,Bucaramanga,Centro,1238.83,ppm,Critico,42.17,48.0,WiFi
6864,2024-10-04 14:49:00,SENSOR_022,Temperatura,Medellin,Centro,10.16,°C,Normal,38.33,25.0,4G
6865,2024-05-27 15:32:00,SENSOR_041,Ruido,Bogota,Occidente,97.07,dB,Critico,91.61,49.0,WiFi
6866,2024-03-04 15:50:00,SENSOR_038,Humedad,Cartagena,Oriente,56.76,%,Normal,29.27,55.0,WiFi
6867,2024-04-19 12:09:00,SENSOR_015,Ruido,Cartagena,Centro,59.84,dB,Normal,64.43,94.0,LoRaWAN
6868,2024-04-02 00:35:00,SENSOR_098,Humedad,Bucaramanga,Centro,30.46,%,Alerta,25.11,40.0,WiFi
6869,2024-08-31 12:47:00,SENSOR_040,PM2.5,Medellin,Sur,22.53,µg/m3,Normal,60.58,34.0,4G
6870,2024-03-24 18:59:00,SENSOR_005,Ruido,Cali,Occidente,93.53,dB,Critico,70.0,39.0,4G
6871,2024-10-15 19:44:00,SENSOR_001,CO2,Barranquilla,Norte,652.93,ppm,Normal,71.25,77.0,WiFi
6872,2024-04-29 12:15:00,SENSOR_032,Temperatura,Barranquilla,Norte,24.95,°C,Normal,35.71,59.0,WiFi
6873,2024-05-22 02:55:00,SENSOR_036,PM2.5,Medellin,Oriente,67.13,µg/m3,Alerta,15.03,47.0,WiFi
6874,2024-10-12 14:34:00,SENSOR_053,PM2.5,Cali,Oriente,88.66,µg/m3,Critico,62.79,81.0,LoRaWAN
6875,2024-08-29 06:09:00,SENSOR_054,Temperatura,Bucaramanga,Oriente,14.55,°C,Normal,23.33,54.0,4G
6876,2024-01-16 06:36:00,SENSOR_089,Temperatura,Cali,Oriente,22.13,°C,Normal,6.09,44.0,LoRaWAN
6877,2024-07-26 14:45:00,SENSOR_013,Temperatura,Cali,Occidente,34.91,°C,Critico,13.45,52.0,4G
6878,2024-08-19 22:35:00,SENSOR_053,PM2.5,Barranquilla,Centro,24.93,µg/m3,Normal,17.78,88.0,Ethernet
6879,2024-04-13 18:33:00,SENSOR_048,Ruido,Bogota,Norte,65.81,dB,Normal,62.11,65.0,WiFi
6880,2024-07-24 05:29:00,SENSOR_085,Temperatura,Cartagena,Norte,,°C,Sin_Dato,34.43,47.0,WiFi
6881,2024-11-24 03:59:00,SENSOR_037,Humedad,Cartagena,Occidente,85.19,%,Alerta,95.54,29.0,4G
6882,2024-12-07 06:37:00,SENSOR_066,PM2.5,Cartagena,Occidente,5.04,µg/m3,Normal,65.98,99.0,LoRaWAN
6883,2024-03-05 08:03:00,SENSOR_078,Humedad,Bogota,Oriente,49.78,%,Normal,40.18,45.0,WiFi
6884,2024-11-03 06:36:00,SENSOR_095,Temperatura,Cali,Oriente,24.0,°C,Normal,24.71,56.0,WiFi
6885,2024-01-15 00:13:00,SENSOR_010,Temperatura,Medellin,Oriente,17.71,°C,Normal,52.06,36.0,WiFi
6886,2024-07-20 06:57:00,SENSOR_023,PM2.5,Cali,Sur,16.41,µg/m3,Normal,57.88,78.0,Ethernet
6887,2024-05-10 11:36:00,SENSOR_022,Humedad,Cartagena,Oriente,66.51,%,Normal,77.36,22.0,Ethernet
6888,2024-04-23 16:26:00,SENSOR_015,PM2.5,Bucaramanga,Oriente,82.66,µg/m3,Critico,61.26,65.0,4G
6889,2024-02-03 07:08:00,SENSOR_034,Temperatura,Cali,Norte,25.25,°C,Normal,10.34,99.0,LoRaWAN
6890,2024-02-06 13:21:00,SENSOR_062,PM2.5,Bogota,Centro,38.02,µg/m3,Alerta,28.22,82.0,4G
6891,2024-08-25 18:59:00,SENSOR_015,Temperatura,Bogota,Occidente,24.51,°C,Normal,98.9,85.0,4G
6892,2024-08-23 03:31:00,SENSOR_074,Ruido,Bogota,Sur,91.24,dB,Critico,73.43,94.0,WiFi
6893,2024-02-06 08:51:00,SENSOR_006,PM2.5,Cartagena,Centro,107.15,µg/m3,Critico,20.23,95.0,LoRaWAN
6894,2024-03-31 06:28:00,SENSOR_035,PM2.5,Barranquilla,Centro,28.56,µg/m3,Normal,54.93,31.0,Ethernet
6895,2024-12-20 11:23:00,SENSOR_041,Temperatura,Cali,Sur,28.22,°C,Alerta,72.53,74.0,WiFi
6896,2024-08-02 15:45:00,SENSOR_100,PM2.5,Bucaramanga,Oriente,87.11,µg/m3,Critico,96.78,88.0,LoRaWAN
6897,2024-11-19 17:15:00,SENSOR_087,Temperatura,Cartagena,Oriente,31.41,°C,Alerta,64.16,82.0,WiFi
6898,2024-08-24 23:21:00,SENSOR_075,Ruido,Cali,Oriente,41.93,dB,Normal,95.3,78.0,4G
6899,2024-04-10 23:26:00,SENSOR_051,PM2.5,Cartagena,Sur,81.69,µg/m3,Critico,95.67,65.0,LoRaWAN
6900,2024-02-11 23:09:00,SENSOR_081,CO2,Barranquilla,Centro,795.14,ppm,Normal,,33.0,LoRaWAN
6901,2024-06-24 09:57:00,SENSOR_011,Ruido,Barranquilla,Oriente,71.29,dB,Alerta,60.68,99.0,LoRaWAN
6902,2024-01-18 19:17:00,SENSOR_026,Temperatura,Bucaramanga,Sur,23.52,°C,Normal,53.08,91.0,4G
6903,2024-06-03 12:45:00,SENSOR_024,Temperatura,Bucaramanga,Norte,,°C,Sin_Dato,86.52,98.0,LoRaWAN
6904,2024-12-12 09:36:00,SENSOR_017,CO2,Cartagena,Centro,781.68,ppm,Normal,60.9,72.0,4G
6905,2024-06-04 16:59:00,SENSOR_091,Temperatura,Bogota,Occidente,21.56,°C,Normal,6.66,75.0,WiFi
6906,2024-04-01 07:48:00,SENSOR_036,CO2,Medellin,Centro,799.11,ppm,Normal,17.95,27.0,Ethernet
6907,2024-04-22 11:15:00,SENSOR_062,PM2.5,Barranquilla,Occidente,70.43,µg/m3,Alerta,63.28,100.0,WiFi
6908,2024-03-28 15:49:00,SENSOR_092,PM2.5,Cartagena,Occidente,25.03,µg/m3,Normal,89.72,93.0,4G
6909,2024-10-04 14:30:00,SENSOR_058,PM2.5,Cali,Centro,47.29,µg/m3,Alerta,8.68,42.0,LoRaWAN
6910,2024-12-23 08:56:00,SENSOR_004,PM2.5,Medellin,Sur,27.06,µg/m3,Normal,25.15,69.0,WiFi
6911,2024-12-15 19:26:00,SENSOR_077,Ruido,Barranquilla,Occidente,73.69,dB,Alerta,44.8,98.0,WiFi
6912,2024-09-17 20:02:00,SENSOR_024,PM2.5,Bogota,Occidente,85.34,µg/m3,Critico,32.03,52.0,WiFi
6913,2024-09-09 13:24:00,SENSOR_039,Humedad,Bucaramanga,Norte,49.34,%,Normal,63.17,90.0,WiFi
6914,2024-05-09 19:15:00,SENSOR_075,Humedad,Bogota,Sur,46.8,%,Normal,77.92,53.0,WiFi
6915,2024-02-19 17:08:00,SENSOR_043,Ruido,Cali,Occidente,57.56,dB,Normal,21.24,97.0,4G
6916,2024-11-01 09:59:00,SENSOR_081,Ruido,Cartagena,Centro,37.31,dB,Normal,99.06,85.0,4G
6917,2024-05-30 03:44:00,SENSOR_067,Temperatura,Cartagena,Occidente,29.96,°C,Alerta,78.58,36.0,Ethernet
6918,2024-02-28 03:17:00,SENSOR_088,Humedad,Bucaramanga,Norte,93.06,%,Critico,58.06,65.0,WiFi
6919,2024-05-18 14:49:00,SENSOR_056,Humedad,Cartagena,Occidente,36.37,%,Alerta,7.23,94.0,Ethernet
6920,2024-11-25 07:47:00,SENSOR_003,Temperatura,Cali,Norte,18.87,°C,Normal,40.24,87.0,4G
6921,2024-05-09 21:29:00,SENSOR_065,Ruido,Cartagena,Occidente,81.97,dB,Alerta,49.04,98.0,WiFi
6922,2024-03-25 05:34:00,SENSOR_010,PM2.5,Cartagena,Centro,52.09,µg/m3,Alerta,88.16,89.0,WiFi
6923,2024-03-26 15:48:00,SENSOR_020,CO2,Cartagena,Centro,447.81,ppm,Normal,69.33,33.0,WiFi
6924,2024-09-03 20:51:00,SENSOR_081,Humedad,Cali,Centro,52.11,%,Normal,84.78,78.0,WiFi
6925,2024-08-27 02:02:00,SENSOR_041,PM2.5,Medellin,Centro,20.45,µg/m3,Normal,98.73,94.0,Ethernet
6926,2024-05-25 00:01:00,SENSOR_008,Ruido,Bogota,Oriente,61.37,dB,Normal,29.1,81.0,LoRaWAN
6927,2024-09-26 21:58:00,SENSOR_032,CO2,Bucaramanga,Occidente,902.15,ppm,Alerta,57.25,27.0,Ethernet
6928,2024-04-15 04:01:00,SENSOR_072,Temperatura,Bogota,Sur,25.73,°C,Normal,68.92,25.0,4G
6929,2024-06-12 12:49:00,SENSOR_044,Humedad,Bogota,Centro,55.57,%,Normal,83.52,61.0,WiFi
6930,2024-05-31 21:32:00,SENSOR_072,Temperatura,Cali,Oriente,,°C,Sin_Dato,66.75,83.0,4G
6931,2024-02-24 04:00:00,SENSOR_060,Ruido,Medellin,Oriente,90.51,dB,Critico,71.1,35.0,WiFi
6932,2024-07-29 16:53:00,SENSOR_046,CO2,Cartagena,Oriente,674.15,ppm,Normal,5.95,22.0,WiFi
6933,2024-09-30 13:42:00,SENSOR_026,Temperatura,Cali,Occidente,29.07,°C,Alerta,,41.0,LoRaWAN
6934,2024-11-15 04:59:00,SENSOR_059,Temperatura,Medellin,Oriente,17.96,°C,Normal,79.03,34.0,4G
6935,2024-12-27 08:34:00,SENSOR_025,CO2,Cali,Occidente,1285.54,ppm,Critico,33.32,38.0,WiFi
6936,2024-08-29 15:53:00,SENSOR_058,Humedad,Bucaramanga,Norte,45.41,%,Normal,73.02,63.0,WiFi
6937,2024-04-13 23:11:00,SENSOR_040,CO2,Cartagena,Sur,565.0,ppm,Normal,53.84,100.0,WiFi
6938,2024-01-30 07:50:00,SENSOR_051,CO2,Barranquilla,Norte,1719.57,ppm,Critico,80.65,100.0,4G
6939,2024-02-01 12:57:00,SENSOR_045,Humedad,Cali,Centro,85.86,%,Alerta,99.41,32.0,4G
6940,2024-11-15 07:34:00,SENSOR_011,Humedad,Bucaramanga,Sur,56.15,%,Normal,81.69,27.0,WiFi
6941,2024-10-25 22:45:00,SENSOR_067,Temperatura,Cali,Centro,20.68,°C,Normal,64.78,28.0,4G
6942,2024-04-15 10:30:00,SENSOR_014,PM2.5,Medellin,Sur,95.07,µg/m3,Critico,51.66,87.0,Ethernet
6943,2024-08-14 18:46:00,SENSOR_066,PM2.5,Cali,Occidente,106.91,µg/m3,Critico,43.84,21.0,4G
6944,2024-05-01 13:25:00,SENSOR_044,Temperatura,Bogota,Occidente,26.52,°C,Normal,72.1,31.0,4G
6945,2024-12-08 04:44:00,SENSOR_090,Temperatura,Cali,Norte,11.96,°C,Normal,7.16,36.0,WiFi
6946,2024-02-14 08:17:00,SENSOR_097,Temperatura,Cali,Oriente,23.41,°C,Normal,43.41,58.0,LoRaWAN
6947,2024-12-19 18:51:00,SENSOR_096,Temperatura,Barranquilla,Oriente,17.15,°C,Normal,23.96,,WiFi
6948,2024-02-27 14:38:00,SENSOR_030,Temperatura,Bucaramanga,Occidente,17.65,°C,Normal,92.37,60.0,LoRaWAN
6949,2024-09-20 20:41:00,SENSOR_022,CO2,Medellin,Sur,1202.9,ppm,Critico,81.79,64.0,LoRaWAN
6950,2024-04-17 01:06:00,SENSOR_036,Temperatura,Bogota,Centro,26.07,°C,Normal,34.02,98.0,4G
6951,2024-05-05 15:37:00,SENSOR_080,CO2,Barranquilla,Norte,551.86,ppm,Normal,39.83,90.0,4G
6952,2024-09-14 00:21:00,SENSOR_036,PM2.5,Cali,Occidente,26.5,µg/m3,Normal,54.34,62.0,WiFi
6953,2024-02-04 22:38:00,SENSOR_020,PM2.5,Medellin,Centro,58.08,µg/m3,Alerta,92.2,88.0,4G
6954,2024-10-15 18:26:00,SENSOR_049,PM2.5,Bogota,Occidente,63.88,µg/m3,Alerta,30.55,26.0,LoRaWAN
6955,2024-06-08 11:02:00,SENSOR_037,Humedad,Bogota,Centro,76.68,%,Normal,6.63,45.0,WiFi
6956,2024-03-21 06:26:00,SENSOR_009,Ruido,Medellin,Norte,51.06,dB,Normal,43.93,72.0,Ethernet
6957,2024-10-30 09:48:00,SENSOR_068,Humedad,Bucaramanga,Oriente,47.93,%,Normal,87.58,93.0,WiFi
6958,2024-05-13 03:56:00,SENSOR_022,Temperatura,Bogota,Occidente,27.47,°C,Normal,90.93,60.0,Ethernet
6959,2024-02-10 05:29:00,SENSOR_035,CO2,Medellin,Oriente,681.81,ppm,Normal,89.73,98.0,LoRaWAN
6960,2024-08-08 06:23:00,SENSOR_018,Temperatura,Barranquilla,Centro,,°C,Sin_Dato,63.46,66.0,4G
6961,2024-01-28 08:09:00,SENSOR_030,Temperatura,Medellin,Oriente,12.35,°C,Normal,48.8,22.0,LoRaWAN
6962,2024-07-20 17:06:00,SENSOR_055,Humedad,Cali,Oriente,66.36,%,Normal,54.15,28.0,LoRaWAN
6963,2024-07-05 22:55:00,SENSOR_095,Ruido,Barranquilla,Occidente,80.27,dB,Alerta,37.17,48.0,LoRaWAN
6964,2024-02-15 01:22:00,SENSOR_043,Ruido,Cali,Centro,68.24,dB,Normal,91.04,65.0,WiFi
6965,2024-01-02 05:02:00,SENSOR_053,Humedad,Barranquilla,Occidente,42.32,%,Normal,69.84,,LoRaWAN
6966,2024-01-18 03:05:00,SENSOR_091,CO2,Bucaramanga,Oriente,1689.21,ppm,Critico,77.55,77.0,WiFi
6967,2024-05-26 19:16:00,SENSOR_087,Temperatura,Barranquilla,Norte,32.05,°C,Critico,38.98,85.0,WiFi
6968,2024-06-05 11:23:00,SENSOR_090,Humedad,Bogota,Centro,31.5,%,Alerta,32.03,79.0,WiFi
6969,2024-02-17 14:37:00,SENSOR_027,Temperatura,Cali,Centro,24.9,°C,Normal,90.4,89.0,LoRaWAN
6970,2024-06-03 23:13:00,SENSOR_054,Ruido,Bogota,Centro,65.47,dB,Normal,60.94,20.0,4G
6971,2024-08-24 03:43:00,SENSOR_091,Temperatura,Cartagena,Occidente,21.87,°C,Normal,50.73,40.0,Ethernet
6972,2024-08-26 04:22:00,SENSOR_092,PM2.5,Barranquilla,Oriente,13.15,µg/m3,Normal,74.86,57.0,WiFi
6973,2024-10-25 01:38:00,SENSOR_085,Ruido,Barranquilla,Occidente,39.79,dB,Normal,98.49,60.0,Ethernet
6974,2024-11-29 15:06:00,SENSOR_049,PM2.5,Barranquilla,Oriente,80.93,µg/m3,Critico,,58.0,WiFi
6975,2024-02-29 00:12:00,SENSOR_055,PM2.5,Barranquilla,Oriente,14.94,µg/m3,Normal,32.41,60.0,4G
6976,2024-08-09 08:25:00,SENSOR_018,PM2.5,Bucaramanga,Occidente,113.58,µg/m3,Critico,59.17,72.0,Ethernet
6977,2024-01-08 09:34:00,SENSOR_007,Humedad,Bucaramanga,Occidente,90.29,%,Critico,97.4,51.0,Ethernet
6978,2024-11-04 18:32:00,SENSOR_035,CO2,Barranquilla,Centro,1746.45,ppm,Critico,9.05,59.0,WiFi
6979,2024-01-03 01:06:00,SENSOR_031,Temperatura,Bogota,Centro,22.12,°C,Normal,50.7,48.0,WiFi
6980,2024-12-09 21:44:00,SENSOR_065,Temperatura,Cali,Occidente,28.76,°C,Alerta,40.82,99.0,LoRaWAN
6981,2024-06-17 06:05:00,SENSOR_020,Humedad,Bogota,Centro,39.82,%,Alerta,99.3,51.0,LoRaWAN
6982,2024-07-16 13:45:00,SENSOR_007,Ruido,Medellin,Sur,90.62,dB,Critico,29.74,82.0,4G
6983,2024-12-05 23:09:00,SENSOR_071,Temperatura,Bogota,Norte,32.75,°C,Critico,34.78,81.0,4G
6984,2024-09-26 07:53:00,SENSOR_011,PM2.5,Cali,Sur,82.31,µg/m3,Critico,47.53,72.0,LoRaWAN
6985,2024-12-19 02:34:00,SENSOR_012,Humedad,Medellin,Sur,77.96,%,Normal,82.62,87.0,LoRaWAN
6986,2024-08-03 13:46:00,SENSOR_076,Temperatura,Bucaramanga,Sur,30.91,°C,Alerta,84.44,,4G
6987,2024-04-17 17:57:00,SENSOR_055,Ruido,Barranquilla,Occidente,61.33,dB,Normal,93.33,27.0,WiFi
6988,2024-11-15 16:33:00,SENSOR_078,Temperatura,Cartagena,Norte,25.37,°C,Normal,52.45,49.0,4G
6989,2024-08-30 00:14:00,SENSOR_080,PM2.5,Barranquilla,Oriente,35.1,µg/m3,Alerta,45.54,27.0,Ethernet
6990,2024-09-08 20:28:00,SENSOR_012,Humedad,Cali,Centro,90.62,%,Critico,44.45,45.0,Ethernet
6991,2024-09-04 02:06:00,SENSOR_066,CO2,Cartagena,Norte,1222.97,ppm,Critico,85.38,24.0,LoRaWAN
6992,2024-04-13 02:35:00,SENSOR_041,Ruido,Medellin,Oriente,39.96,dB,Normal,53.04,65.0,Ethernet
6993,2024-07-26 13:29:00,SENSOR_005,PM2.5,Cartagena,Sur,58.54,µg/m3,Alerta,55.44,98.0,WiFi
6994,2024-12-05 22:57:00,SENSOR_069,Ruido,Bogota,Oriente,95.26,dB,Critico,71.84,100.0,Ethernet
6995,2024-03-17 17:12:00,SENSOR_067,Temperatura,Bucaramanga,Centro,34.51,°C,Critico,11.5,28.0,Ethernet
6996,2024-05-27 05:59:00,SENSOR_047,PM2.5,Bucaramanga,Oriente,51.56,µg/m3,Alerta,22.33,62.0,LoRaWAN
6997,2024-10-05 02:15:00,SENSOR_070,Temperatura,Cali,Norte,13.25,°C,Normal,62.16,61.0,LoRaWAN
6998,2024-03-15 07:52:00,SENSOR_034,Temperatura,Medellin,Centro,30.04,°C,Alerta,42.61,49.0,Ethernet
6999,2024-05-20 09:31:00,SENSOR_020,CO2,Cali,Centro,365.78,ppm,Normal,66.47,,WiFi
7000,2024-07-30 23:41:00,SENSOR_042,Temperatura,Medellin,Centro,14.27,°C,Normal,33.02,81.0,Ethernet
7001,2024-03-04 22:11:00,SENSOR_060,CO2,Bogota,Norte,401.22,ppm,Normal,97.16,94.0,WiFi
7002,2024-12-10 15:27:00,SENSOR_020,Ruido,Cartagena,Sur,44.35,dB,Normal,95.98,41.0,LoRaWAN
7003,2024-03-03 13:42:00,SENSOR_078,PM2.5,Cartagena,Oriente,98.45,µg/m3,Critico,10.26,99.0,Ethernet
7004,2024-10-16 02:56:00,SENSOR_009,CO2,Medellin,Sur,508.31,ppm,Normal,19.62,76.0,Ethernet
7005,2024-03-13 07:27:00,SENSOR_085,Temperatura,Bucaramanga,Oriente,,°C,Sin_Dato,55.72,63.0,WiFi
7006,2024-11-25 17:38:00,SENSOR_024,CO2,Barranquilla,Occidente,1367.18,ppm,Critico,26.06,31.0,Ethernet
7007,2024-06-28 01:11:00,SENSOR_047,CO2,Cali,Centro,786.16,ppm,Normal,29.14,69.0,WiFi
7008,2024-09-05 17:16:00,SENSOR_051,Humedad,Cali,Norte,30.7,%,Alerta,62.99,93.0,WiFi
7009,2024-08-31 06:50:00,SENSOR_064,Ruido,Barranquilla,Norte,35.2,dB,Normal,71.78,72.0,4G
7010,2024-04-21 00:55:00,SENSOR_078,Humedad,Cartagena,Norte,52.47,%,Normal,35.38,36.0,4G
7011,2024-08-18 04:37:00,SENSOR_072,CO2,Cali,Occidente,391.5,ppm,Normal,54.74,75.0,4G
7012,2024-02-02 04:27:00,SENSOR_035,CO2,Medellin,Sur,1049.29,ppm,Alerta,49.49,31.0,4G
7013,2024-04-28 07:50:00,SENSOR_091,PM2.5,Bogota,Centro,,µg/m3,Sin_Dato,78.53,40.0,4G
7014,2024-01-27 06:39:00,SENSOR_059,PM2.5,Cali,Norte,93.09,µg/m3,Critico,84.25,49.0,4G
7015,2024-03-02 04:15:00,SENSOR_085,Temperatura,Bucaramanga,Sur,17.93,°C,Normal,65.84,50.0,4G
7016,2024-11-15 13:30:00,SENSOR_049,Ruido,Bogota,Centro,86.44,dB,Critico,74.42,82.0,Ethernet
7017,2024-08-28 03:13:00,SENSOR_083,Ruido,Barranquilla,Occidente,53.9,dB,Normal,,24.0,LoRaWAN
7018,2024-01-13 15:54:00,SENSOR_018,Temperatura,Barranquilla,Centro,18.27,°C,Normal,40.14,47.0,Ethernet
7019,2024-05-02 19:16:00,SENSOR_043,Temperatura,Bogota,Oriente,16.99,°C,Normal,82.89,67.0,4G
7020,2024-09-30 07:09:00,SENSOR_059,PM2.5,Cali,Oriente,102.87,µg/m3,Critico,99.24,36.0,4G
7021,2024-05-19 18:45:00,SENSOR_058,Humedad,Medellin,Centro,,%,Sin_Dato,24.95,23.0,LoRaWAN
7022,2024-08-08 13:52:00,SENSOR_071,Temperatura,Cali,Centro,,°C,Sin_Dato,33.5,43.0,4G
7023,2024-12-30 02:01:00,SENSOR_093,PM2.5,Cartagena,Norte,22.66,µg/m3,Normal,78.46,79.0,Ethernet
7024,2024-05-01 21:00:00,SENSOR_088,PM2.5,Bogota,Sur,35.29,µg/m3,Alerta,83.26,38.0,4G
7025,2024-09-02 00:20:00,SENSOR_087,PM2.5,Cali,Occidente,69.1,µg/m3,Alerta,75.98,64.0,Ethernet
7026,2024-09-22 10:09:00,SENSOR_048,Ruido,Cartagena,Occidente,92.2,dB,Critico,94.24,93.0,LoRaWAN
7027,2024-03-18 10:47:00,SENSOR_031,PM2.5,Bogota,Centro,83.27,µg/m3,Critico,13.86,48.0,LoRaWAN
7028,2024-03-20 18:41:00,SENSOR_051,Temperatura,Cartagena,Norte,26.79,°C,Normal,86.0,69.0,LoRaWAN
7029,2024-08-22 15:16:00,SENSOR_052,CO2,Barranquilla,Oriente,921.97,ppm,Alerta,7.67,38.0,LoRaWAN
7030,2024-08-15 15:20:00,SENSOR_011,PM2.5,Medellin,Centro,103.0,µg/m3,Critico,74.59,86.0,LoRaWAN
7031,2024-12-16 02:00:00,SENSOR_077,PM2.5,Barranquilla,Sur,93.35,µg/m3,Critico,33.33,55.0,LoRaWAN
7032,2024-06-11 07:16:00,SENSOR_057,Ruido,Bogota,Sur,57.84,dB,Normal,12.82,59.0,LoRaWAN
7033,2024-03-29 23:38:00,SENSOR_044,Humedad,Barranquilla,Centro,77.49,%,Normal,75.33,91.0,Ethernet
7034,2024-09-30 18:40:00,SENSOR_066,Ruido,Bogota,Centro,57.85,dB,Normal,71.19,59.0,WiFi
7035,2024-11-17 06:51:00,SENSOR_055,Temperatura,Cartagena,Occidente,21.63,°C,Normal,94.48,84.0,Ethernet
7036,2024-02-01 22:36:00,SENSOR_068,Humedad,Barranquilla,Centro,62.36,%,Normal,20.28,97.0,4G
7037,2024-08-13 21:07:00,SENSOR_017,PM2.5,Bucaramanga,Sur,62.96,µg/m3,Alerta,21.21,28.0,LoRaWAN
7038,2024-09-02 18:04:00,SENSOR_010,Humedad,Cali,Oriente,49.39,%,Normal,75.26,96.0,LoRaWAN
7039,2024-04-08 18:27:00,SENSOR_005,Temperatura,Cali,Norte,11.44,°C,Normal,44.35,83.0,LoRaWAN
7040,2024-12-15 07:32:00,SENSOR_089,PM2.5,Barranquilla,Norte,40.19,µg/m3,Alerta,91.28,63.0,Ethernet
7041,2024-10-26 01:53:00,SENSOR_004,CO2,Cali,Centro,1193.79,ppm,Alerta,49.79,99.0,4G
7042,2024-03-01 03:27:00,SENSOR_069,PM2.5,Cartagena,Centro,44.56,µg/m3,Alerta,84.93,65.0,4G
7043,2024-02-29 01:24:00,SENSOR_090,Humedad,Cartagena,Occidente,33.36,%,Alerta,23.74,89.0,4G
7044,2024-01-02 01:45:00,SENSOR_041,Ruido,Cali,Norte,,dB,Sin_Dato,31.18,31.0,Ethernet
7045,2024-06-15 08:13:00,SENSOR_097,PM2.5,Cartagena,Sur,89.25,µg/m3,Critico,72.75,91.0,LoRaWAN
7046,2024-09-21 15:55:00,SENSOR_005,Temperatura,Bucaramanga,Centro,27.51,°C,Normal,21.59,60.0,WiFi
7047,2024-07-20 08:32:00,SENSOR_040,CO2,Barranquilla,Centro,1362.9,ppm,Critico,83.32,75.0,4G
7048,2024-01-24 12:08:00,SENSOR_066,Humedad,Barranquilla,Centro,,%,Sin_Dato,89.7,38.0,LoRaWAN
7049,2024-10-26 06:29:00,SENSOR_089,PM2.5,Bogota,Sur,5.03,µg/m3,Normal,34.76,23.0,WiFi
7050,2024-03-17 12:50:00,SENSOR_079,CO2,Cartagena,Occidente,892.08,ppm,Alerta,54.05,82.0,WiFi
7051,2024-04-03 03:27:00,SENSOR_092,Humedad,Bucaramanga,Centro,38.26,%,Alerta,51.71,20.0,LoRaWAN
7052,2024-02-03 03:15:00,SENSOR_024,PM2.5,Bucaramanga,Centro,108.93,µg/m3,Critico,80.3,,LoRaWAN
7053,2024-09-11 18:02:00,SENSOR_019,Temperatura,Cali,Sur,28.65,°C,Alerta,68.54,34.0,4G
7054,2024-07-20 21:44:00,SENSOR_096,Ruido,Cali,Oriente,53.45,dB,Normal,53.04,78.0,4G
7055,2024-10-08 10:21:00,SENSOR_090,Temperatura,Barranquilla,Occidente,26.3,°C,Normal,12.54,53.0,Ethernet
7056,2024-10-05 03:15:00,SENSOR_051,Humedad,Barranquilla,Norte,44.51,%,Normal,12.65,96.0,Ethernet
7057,2024-11-30 16:10:00,SENSOR_049,CO2,Cartagena,Norte,1257.58,ppm,Critico,35.28,43.0,Ethernet
7058,2024-06-11 08:00:00,SENSOR_044,CO2,Bucaramanga,Sur,1438.11,ppm,Critico,33.45,54.0,WiFi
7059,2024-10-27 18:33:00,SENSOR_069,Temperatura,Medellin,Norte,14.44,°C,Normal,78.08,50.0,WiFi
7060,2024-05-18 12:41:00,SENSOR_021,CO2,Bucaramanga,Centro,718.03,ppm,Normal,94.82,31.0,4G
7061,2024-07-01 01:19:00,SENSOR_029,CO2,Medellin,Centro,1246.36,ppm,Critico,,98.0,WiFi
7062,2024-07-08 22:24:00,SENSOR_084,Ruido,Medellin,Oriente,83.14,dB,Alerta,49.37,59.0,LoRaWAN
7063,2024-04-06 08:46:00,SENSOR_069,PM2.5,Cali,Norte,104.87,µg/m3,Critico,,32.0,4G
7064,2024-01-19 16:36:00,SENSOR_015,Ruido,Medellin,Norte,60.84,dB,Normal,78.24,61.0,4G
7065,2024-02-26 05:21:00,SENSOR_095,Ruido,Bogota,Oriente,70.83,dB,Alerta,,34.0,WiFi
7066,2024-08-21 03:34:00,SENSOR_073,Temperatura,Medellin,Occidente,11.36,°C,Normal,73.09,22.0,4G
7067,2024-03-01 03:43:00,SENSOR_039,PM2.5,Cartagena,Norte,58.75,µg/m3,Alerta,31.21,79.0,Ethernet
7068,2024-04-06 22:14:00,SENSOR_045,Humedad,Barranquilla,Centro,32.95,%,Alerta,37.16,75.0,WiFi
7069,2024-07-17 08:55:00,SENSOR_026,PM2.5,Cartagena,Norte,48.01,µg/m3,Alerta,61.17,31.0,WiFi
7070,2024-12-18 03:31:00,SENSOR_019,Humedad,Bucaramanga,Sur,69.38,%,Normal,12.85,28.0,4G
7071,2024-11-10 11:21:00,SENSOR_026,CO2,Bogota,Centro,871.14,ppm,Alerta,38.18,58.0,WiFi
7072,2024-11-29 20:04:00,SENSOR_071,PM2.5,Bogota,Occidente,44.34,µg/m3,Alerta,29.86,75.0,4G
7073,2024-09-28 15:28:00,SENSOR_029,CO2,Bogota,Oriente,,ppm,Sin_Dato,24.94,47.0,WiFi
7074,2024-07-13 15:31:00,SENSOR_048,CO2,Barranquilla,Oriente,488.94,ppm,Normal,57.79,,4G
7075,2024-12-11 15:05:00,SENSOR_062,CO2,Cartagena,Centro,778.45,ppm,Normal,12.89,36.0,Ethernet
7076,2024-12-03 04:20:00,SENSOR_063,Ruido,Medellin,Centro,71.56,dB,Alerta,51.75,78.0,4G
7077,2024-10-09 14:36:00,SENSOR_044,Humedad,Bogota,Centro,41.12,%,Normal,87.69,49.0,Ethernet
7078,2024-11-02 17:52:00,SENSOR_021,PM2.5,Cali,Norte,17.97,µg/m3,Normal,96.31,95.0,LoRaWAN
7079,2024-05-23 17:45:00,SENSOR_001,CO2,Medellin,Centro,822.8,ppm,Alerta,90.8,100.0,4G
7080,2024-03-17 21:32:00,SENSOR_044,Temperatura,Cartagena,Centro,12.33,°C,Normal,36.84,92.0,Ethernet
7081,2024-04-01 00:33:00,SENSOR_021,Temperatura,Cartagena,Centro,24.48,°C,Normal,52.96,,LoRaWAN
7082,2024-02-05 08:49:00,SENSOR_006,PM2.5,Bogota,Norte,77.49,µg/m3,Critico,75.7,24.0,4G
7083,2024-10-17 18:18:00,SENSOR_003,Temperatura,Cartagena,Oriente,22.33,°C,Normal,43.06,41.0,Ethernet
7084,2024-01-02 07:02:00,SENSOR_058,Temperatura,Medellin,Occidente,25.09,°C,Normal,84.59,74.0,Ethernet
7085,2024-01-02 14:26:00,SENSOR_082,Temperatura,Cartagena,Centro,11.98,°C,Normal,47.05,84.0,WiFi
7086,2024-07-16 01:03:00,SENSOR_035,Temperatura,Bucaramanga,Centro,24.38,°C,Normal,62.43,41.0,4G
7087,2024-08-28 13:11:00,SENSOR_080,Temperatura,Barranquilla,Norte,31.78,°C,Alerta,80.2,59.0,Ethernet
7088,2024-01-25 18:50:00,SENSOR_043,Temperatura,Cali,Centro,32.6,°C,Critico,14.35,100.0,Ethernet
7089,2024-12-20 08:24:00,SENSOR_004,Humedad,Cali,Centro,33.72,%,Alerta,94.78,57.0,4G
7090,2024-06-28 05:03:00,SENSOR_055,Ruido,Cali,Norte,69.61,dB,Normal,16.92,69.0,LoRaWAN
7091,2024-05-13 15:24:00,SENSOR_040,CO2,Cartagena,Centro,801.22,ppm,Alerta,15.87,71.0,LoRaWAN
7092,2024-09-03 08:24:00,SENSOR_033,Humedad,Barranquilla,Oriente,93.12,%,Critico,28.0,,Ethernet
7093,2024-03-27 14:06:00,SENSOR_023,Humedad,Bucaramanga,Occidente,54.58,%,Normal,85.83,61.0,WiFi
7094,2024-11-23 02:23:00,SENSOR_016,PM2.5,Bucaramanga,Occidente,115.36,µg/m3,Critico,77.23,34.0,WiFi
7095,2024-07-22 05:05:00,SENSOR_049,Humedad,Bucaramanga,Sur,35.93,%,Alerta,51.24,77.0,WiFi
7096,2024-03-15 22:53:00,SENSOR_036,Humedad,Medellin,Centro,84.2,%,Alerta,67.13,93.0,WiFi
7097,2024-04-02 11:42:00,SENSOR_036,CO2,Cali,Centro,512.04,ppm,Normal,17.21,23.0,WiFi
7098,2024-08-28 19:56:00,SENSOR_035,PM2.5,Bogota,Centro,38.81,µg/m3,Alerta,61.87,72.0,Ethernet
7099,2024-10-12 07:52:00,SENSOR_038,Humedad,Medellin,Oriente,76.24,%,Normal,24.23,43.0,WiFi
7100,2024-05-06 04:05:00,SENSOR_081,Temperatura,Bucaramanga,Sur,28.16,°C,Alerta,72.42,75.0,4G
7101,2024-12-07 00:50:00,SENSOR_060,Temperatura,Medellin,Occidente,26.82,°C,Normal,44.97,55.0,Ethernet
7102,2024-03-04 12:33:00,SENSOR_059,CO2,Cali,Oriente,1238.47,ppm,Critico,22.73,95.0,LoRaWAN
7103,2024-04-18 19:25:00,SENSOR_008,Ruido,Bucaramanga,Sur,,dB,Sin_Dato,78.83,88.0,4G
7104,2024-12-02 08:50:00,SENSOR_011,Temperatura,Cali,Norte,20.44,°C,Normal,51.26,84.0,WiFi
7105,2024-10-24 06:00:00,SENSOR_059,Temperatura,Cali,Norte,34.9,°C,Critico,56.42,64.0,Ethernet
7106,2024-11-27 00:19:00,SENSOR_029,CO2,Cali,Oriente,1267.82,ppm,Critico,58.39,30.0,Ethernet
7107,2024-07-01 02:01:00,SENSOR_060,Ruido,Barranquilla,Sur,,dB,Sin_Dato,93.01,67.0,LoRaWAN
7108,2024-03-17 03:42:00,SENSOR_048,Ruido,Bucaramanga,Occidente,51.96,dB,Normal,93.93,37.0,4G
7109,2024-02-13 12:23:00,SENSOR_080,PM2.5,Bucaramanga,Occidente,19.39,µg/m3,Normal,69.02,55.0,4G
7110,2024-04-19 03:02:00,SENSOR_016,PM2.5,Medellin,Norte,66.55,µg/m3,Alerta,67.67,41.0,LoRaWAN
7111,2024-10-09 13:01:00,SENSOR_007,Humedad,Cartagena,Occidente,68.85,%,Normal,56.94,97.0,4G
7112,2024-08-08 01:58:00,SENSOR_034,PM2.5,Medellin,Norte,106.55,µg/m3,Critico,29.33,,LoRaWAN
7113,2024-09-23 00:49:00,SENSOR_010,PM2.5,Bucaramanga,Oriente,,µg/m3,Sin_Dato,12.06,84.0,LoRaWAN
7114,2024-08-20 18:39:00,SENSOR_007,Ruido,Cali,Norte,50.52,dB,Normal,46.97,40.0,Ethernet
7115,2024-06-14 23:38:00,SENSOR_057,Ruido,Cali,Centro,81.71,dB,Alerta,46.52,37.0,WiFi
7116,2024-08-27 05:28:00,SENSOR_062,PM2.5,Medellin,Sur,48.8,µg/m3,Alerta,96.28,47.0,Ethernet
7117,2024-06-07 04:22:00,SENSOR_001,Temperatura,Barranquilla,Oriente,17.03,°C,Normal,10.63,66.0,4G
7118,2024-04-07 02:51:00,SENSOR_090,Humedad,Bucaramanga,Centro,61.53,%,Normal,88.69,20.0,Ethernet
7119,2024-07-14 00:04:00,SENSOR_091,Temperatura,Bogota,Occidente,11.98,°C,Normal,47.81,21.0,Ethernet
7120,2024-11-10 19:32:00,SENSOR_073,CO2,Medellin,Sur,1213.73,ppm,Critico,7.2,31.0,WiFi
7121,2024-07-12 02:28:00,SENSOR_094,Temperatura,Bogota,Occidente,29.82,°C,Alerta,51.5,47.0,4G
7122,2024-11-27 19:52:00,SENSOR_001,PM2.5,Cali,Occidente,51.89,µg/m3,Alerta,22.51,47.0,Ethernet
7123,2024-02-20 18:21:00,SENSOR_075,PM2.5,Medellin,Norte,98.7,µg/m3,Critico,37.45,79.0,Ethernet
7124,2024-12-09 05:46:00,SENSOR_045,Ruido,Barranquilla,Norte,63.44,dB,Normal,52.21,95.0,Ethernet
7125,2024-09-02 08:28:00,SENSOR_018,Humedad,Cali,Sur,59.93,%,Normal,62.35,35.0,Ethernet
7126,2024-07-13 05:42:00,SENSOR_092,PM2.5,Cartagena,Sur,24.67,µg/m3,Normal,25.7,59.0,LoRaWAN
7127,2024-08-15 23:59:00,SENSOR_079,Humedad,Bogota,Sur,53.73,%,Normal,97.5,54.0,WiFi
7128,2024-07-19 15:26:00,SENSOR_078,Temperatura,Barranquilla,Sur,27.76,°C,Normal,5.98,,Ethernet
7129,2024-05-02 02:29:00,SENSOR_049,CO2,Cartagena,Centro,1478.25,ppm,Critico,24.04,36.0,Ethernet
7130,2024-10-05 10:53:00,SENSOR_055,PM2.5,Cartagena,Sur,79.69,µg/m3,Critico,49.87,,LoRaWAN
7131,2024-12-26 13:30:00,SENSOR_095,Humedad,Medellin,Centro,70.68,%,Normal,64.11,83.0,LoRaWAN
7132,2024-03-10 12:49:00,SENSOR_038,Ruido,Cartagena,Oriente,38.9,dB,Normal,55.64,32.0,Ethernet
7133,2024-01-22 17:23:00,SENSOR_059,PM2.5,Medellin,Centro,65.14,µg/m3,Alerta,30.61,88.0,4G
7134,2024-09-03 10:32:00,SENSOR_047,Temperatura,Bucaramanga,Oriente,23.51,°C,Normal,77.04,86.0,4G
7135,2024-11-25 02:31:00,SENSOR_094,CO2,Medellin,Oriente,356.7,ppm,Normal,81.97,87.0,Ethernet
7136,2024-01-25 12:32:00,SENSOR_033,Temperatura,Cali,Occidente,26.62,°C,Normal,23.13,,4G
7137,2024-12-14 23:42:00,SENSOR_090,Ruido,Cali,Occidente,92.78,dB,Critico,18.57,,WiFi
7138,2024-01-23 02:21:00,SENSOR_005,Humedad,Cartagena,Sur,68.84,%,Normal,82.33,55.0,LoRaWAN
7139,2024-07-10 22:55:00,SENSOR_092,Humedad,Barranquilla,Norte,85.9,%,Alerta,,95.0,LoRaWAN
7140,2024-05-20 04:22:00,SENSOR_100,Humedad,Cali,Oriente,57.75,%,Normal,25.78,62.0,4G
7141,2024-09-19 17:11:00,SENSOR_074,Ruido,Bucaramanga,Centro,96.22,dB,Critico,82.38,34.0,4G
7142,2024-11-10 16:19:00,SENSOR_035,PM2.5,Cartagena,Centro,85.85,µg/m3,Critico,34.19,74.0,4G
7143,2024-06-04 20:50:00,SENSOR_005,CO2,Medellin,Sur,1393.07,ppm,Critico,60.76,55.0,4G
7144,2024-01-31 11:28:00,SENSOR_065,Humedad,Cartagena,Sur,58.31,%,Normal,72.44,24.0,LoRaWAN
7145,2024-08-13 10:37:00,SENSOR_088,PM2.5,Bucaramanga,Centro,18.55,µg/m3,Normal,88.01,25.0,Ethernet
7146,2024-09-19 14:22:00,SENSOR_062,Ruido,Barranquilla,Centro,36.23,dB,Normal,88.53,85.0,Ethernet
7147,2024-08-21 02:38:00,SENSOR_021,CO2,Bucaramanga,Norte,346.85,ppm,Normal,37.07,29.0,Ethernet
7148,2024-02-28 10:30:00,SENSOR_060,PM2.5,Bogota,Centro,21.44,µg/m3,Normal,96.61,38.0,4G
7149,2024-09-30 09:22:00,SENSOR_093,Humedad,Bogota,Norte,72.09,%,Normal,98.83,25.0,WiFi
7150,2024-08-31 06:45:00,SENSOR_078,PM2.5,Cali,Centro,115.37,µg/m3,Critico,38.69,52.0,Ethernet
7151,2024-11-19 04:27:00,SENSOR_004,Ruido,Cali,Oriente,78.55,dB,Alerta,31.88,43.0,Ethernet
7152,2024-09-10 15:06:00,SENSOR_055,PM2.5,Medellin,Centro,63.62,µg/m3,Alerta,65.88,91.0,WiFi
7153,2024-04-18 04:08:00,SENSOR_068,Humedad,Cartagena,Norte,65.04,%,Normal,50.15,33.0,WiFi
7154,2024-05-28 20:40:00,SENSOR_081,PM2.5,Barranquilla,Centro,44.48,µg/m3,Alerta,50.74,24.0,Ethernet
7155,2024-04-30 13:19:00,SENSOR_088,PM2.5,Bogota,Sur,51.6,µg/m3,Alerta,56.16,26.0,LoRaWAN
7156,2024-02-21 14:20:00,SENSOR_017,CO2,Cartagena,Norte,922.56,ppm,Alerta,57.8,42.0,WiFi
7157,2024-07-05 03:11:00,SENSOR_090,CO2,Barranquilla,Sur,1242.86,ppm,Critico,96.5,74.0,4G
7158,2024-03-01 01:35:00,SENSOR_040,Ruido,Bucaramanga,Occidente,35.4,dB,Normal,96.92,66.0,WiFi
7159,2024-11-01 05:07:00,SENSOR_091,CO2,Bucaramanga,Occidente,1214.84,ppm,Critico,55.85,33.0,4G
7160,2024-07-28 13:19:00,SENSOR_051,PM2.5,Cali,Occidente,119.61,µg/m3,Critico,61.97,26.0,Ethernet
7161,2024-12-24 15:28:00,SENSOR_031,PM2.5,Bogota,Occidente,76.15,µg/m3,Critico,21.87,35.0,WiFi
7162,2024-04-10 13:16:00,SENSOR_016,Humedad,Cali,Norte,83.65,%,Alerta,16.6,33.0,4G
7163,2024-04-01 03:25:00,SENSOR_021,Temperatura,Cali,Oriente,25.0,°C,Normal,9.05,96.0,Ethernet
7164,2024-12-28 07:59:00,SENSOR_029,Humedad,Medellin,Centro,87.51,%,Alerta,16.13,86.0,Ethernet
7165,2024-01-28 11:26:00,SENSOR_027,CO2,Bucaramanga,Occidente,860.32,ppm,Alerta,92.36,79.0,Ethernet
7166,2024-06-05 09:37:00,SENSOR_016,Temperatura,Barranquilla,Sur,26.86,°C,Normal,94.54,46.0,4G
7167,2024-05-09 06:13:00,SENSOR_094,CO2,Medellin,Occidente,1468.84,ppm,Critico,83.26,65.0,WiFi
7168,2024-11-07 14:18:00,SENSOR_057,Ruido,Bogota,Sur,48.66,dB,Normal,36.02,27.0,WiFi
7169,2024-01-26 18:38:00,SENSOR_075,PM2.5,Barranquilla,Occidente,28.6,µg/m3,Normal,22.63,55.0,LoRaWAN
7170,2024-01-08 18:44:00,SENSOR_047,Humedad,Bucaramanga,Norte,71.2,%,Normal,39.05,65.0,Ethernet
7171,2024-04-17 15:17:00,SENSOR_017,Temperatura,Medellin,Oriente,12.35,°C,Normal,20.19,86.0,LoRaWAN
7172,2024-09-02 00:21:00,SENSOR_070,Ruido,Medellin,Centro,,dB,Sin_Dato,77.22,25.0,WiFi
7173,2024-05-16 15:19:00,SENSOR_027,Ruido,Bogota,Oriente,60.4,dB,Normal,18.95,26.0,LoRaWAN
7174,2024-09-17 16:10:00,SENSOR_030,PM2.5,Barranquilla,Norte,100.22,µg/m3,Critico,40.24,85.0,WiFi
7175,2024-04-11 14:38:00,SENSOR_092,Ruido,Cali,Oriente,80.11,dB,Alerta,60.59,81.0,4G
7176,2024-09-09 02:25:00,SENSOR_014,PM2.5,Bogota,Occidente,39.19,µg/m3,Alerta,56.9,61.0,LoRaWAN
7177,2024-03-07 15:26:00,SENSOR_069,CO2,Cartagena,Sur,1534.44,ppm,Critico,24.28,46.0,LoRaWAN
7178,2024-05-03 05:41:00,SENSOR_015,Temperatura,Cali,Oriente,27.87,°C,Normal,73.52,79.0,LoRaWAN
7179,2024-05-14 12:46:00,SENSOR_022,CO2,Barranquilla,Norte,518.99,ppm,Normal,70.65,98.0,4G
7180,2024-09-30 16:39:00,SENSOR_041,CO2,Bogota,Occidente,1375.19,ppm,Critico,76.74,48.0,LoRaWAN
7181,2024-10-21 03:28:00,SENSOR_049,Ruido,Bogota,Occidente,82.41,dB,Alerta,96.38,70.0,LoRaWAN
7182,2024-12-06 09:06:00,SENSOR_001,PM2.5,Bucaramanga,Oriente,16.08,µg/m3,Normal,,67.0,Ethernet
7183,2024-10-01 00:51:00,SENSOR_025,Humedad,Bucaramanga,Centro,79.99,%,Normal,50.27,39.0,Ethernet
7184,2024-10-31 00:26:00,SENSOR_090,Ruido,Bucaramanga,Centro,43.85,dB,Normal,62.41,23.0,4G
7185,2024-12-17 06:28:00,SENSOR_010,Temperatura,Barranquilla,Sur,33.75,°C,Critico,46.02,89.0,Ethernet
7186,2024-05-18 18:07:00,SENSOR_054,Ruido,Medellin,Oriente,66.32,dB,Normal,9.51,26.0,WiFi
7187,2024-05-09 23:13:00,SENSOR_014,Humedad,Cartagena,Centro,83.59,%,Alerta,66.15,78.0,Ethernet
7188,2024-04-24 08:45:00,SENSOR_033,Humedad,Cartagena,Occidente,71.14,%,Normal,64.71,58.0,Ethernet
7189,2024-07-10 17:43:00,SENSOR_015,Temperatura,Cali,Norte,12.41,°C,Normal,40.53,86.0,WiFi
7190,2024-10-03 05:28:00,SENSOR_011,Ruido,Bucaramanga,Sur,50.53,dB,Normal,45.33,34.0,4G
7191,2024-07-26 05:17:00,SENSOR_036,PM2.5,Cartagena,Occidente,105.83,µg/m3,Critico,38.69,74.0,LoRaWAN
7192,2024-09-25 05:33:00,SENSOR_041,CO2,Bucaramanga,Centro,1431.16,ppm,Critico,54.18,37.0,LoRaWAN
7193,2024-03-19 05:56:00,SENSOR_054,Humedad,Cartagena,Centro,82.92,%,Alerta,,48.0,WiFi
7194,2024-05-12 19:39:00,SENSOR_077,CO2,Medellin,Occidente,,ppm,Sin_Dato,13.14,98.0,WiFi
7195,2024-12-29 21:26:00,SENSOR_096,Ruido,Bogota,Oriente,40.68,dB,Normal,39.69,90.0,Ethernet
7196,2024-05-12 09:46:00,SENSOR_015,Temperatura,Bucaramanga,Centro,33.13,°C,Critico,23.45,94.0,WiFi
7197,2024-03-09 09:45:00,SENSOR_015,Humedad,Bogota,Occidente,81.42,%,Alerta,73.13,84.0,4G
7198,2024-12-24 06:25:00,SENSOR_030,PM2.5,Cali,Sur,107.43,µg/m3,Critico,72.35,88.0,4G
7199,2024-02-12 04:20:00,SENSOR_071,Humedad,Cali,Occidente,91.05,%,Critico,91.26,,4G
7200,2024-03-09 19:00:00,SENSOR_056,Ruido,Medellin,Centro,89.09,dB,Critico,61.43,61.0,Ethernet
7201,2024-09-09 00:21:00,SENSOR_010,CO2,Medellin,Norte,1041.51,ppm,Alerta,88.56,38.0,4G
7202,2024-07-08 20:22:00,SENSOR_012,Humedad,Bogota,Sur,,%,Sin_Dato,84.07,100.0,LoRaWAN
7203,2024-11-01 00:54:00,SENSOR_029,Temperatura,Medellin,Occidente,11.03,°C,Normal,38.06,68.0,LoRaWAN
7204,2024-07-28 13:08:00,SENSOR_080,Humedad,Medellin,Norte,82.11,%,Alerta,68.22,59.0,4G
7205,2024-05-19 02:25:00,SENSOR_020,Humedad,Cartagena,Occidente,75.34,%,Normal,77.52,26.0,Ethernet
7206,2024-08-05 07:29:00,SENSOR_035,Humedad,Bogota,Oriente,38.99,%,Alerta,25.07,35.0,LoRaWAN
7207,2024-05-06 06:44:00,SENSOR_095,Humedad,Cartagena,Norte,58.16,%,Normal,39.85,76.0,WiFi
7208,2024-10-31 04:11:00,SENSOR_077,Ruido,Cartagena,Centro,58.88,dB,Normal,13.52,85.0,WiFi
7209,2024-09-25 17:58:00,SENSOR_087,Humedad,Bogota,Centro,,%,Sin_Dato,92.91,100.0,WiFi
7210,2024-03-19 09:36:00,SENSOR_033,CO2,Cali,Norte,1260.51,ppm,Critico,28.85,28.0,LoRaWAN
7211,2024-10-08 21:44:00,SENSOR_016,CO2,Medellin,Sur,865.19,ppm,Alerta,46.91,78.0,LoRaWAN
7212,2024-11-13 02:33:00,SENSOR_041,Temperatura,Barranquilla,Oriente,31.65,°C,Alerta,13.85,97.0,LoRaWAN
7213,2024-01-04 14:50:00,SENSOR_038,Temperatura,Barranquilla,Centro,13.43,°C,Normal,70.12,83.0,LoRaWAN
7214,2024-01-22 14:44:00,SENSOR_020,Ruido,Cartagena,Occidente,70.99,dB,Alerta,38.2,65.0,Ethernet
7215,2024-05-11 11:46:00,SENSOR_060,Ruido,Cali,Oriente,78.29,dB,Alerta,98.26,87.0,Ethernet
7216,2024-11-25 17:49:00,SENSOR_027,Humedad,Medellin,Oriente,88.43,%,Alerta,24.02,26.0,WiFi
7217,2024-07-29 09:28:00,SENSOR_041,CO2,Bogota,Oriente,1743.66,ppm,Critico,11.59,89.0,4G
7218,2024-11-16 04:05:00,SENSOR_030,Temperatura,Medellin,Sur,17.66,°C,Normal,17.77,86.0,4G
7219,2024-06-09 00:54:00,SENSOR_090,Humedad,Bucaramanga,Norte,63.2,%,Normal,32.85,38.0,WiFi
7220,2024-11-15 15:30:00,SENSOR_016,Humedad,Medellin,Norte,,%,Sin_Dato,25.34,,WiFi
7221,2024-12-07 17:29:00,SENSOR_020,CO2,Medellin,Norte,1259.48,ppm,Critico,88.87,63.0,WiFi
7222,2024-05-24 01:40:00,SENSOR_085,PM2.5,Bucaramanga,Sur,11.43,µg/m3,Normal,80.66,25.0,LoRaWAN
7223,2024-12-06 22:46:00,SENSOR_095,Humedad,Medellin,Sur,72.18,%,Normal,63.51,93.0,4G
7224,2024-05-25 00:13:00,SENSOR_026,Temperatura,Barranquilla,Norte,32.68,°C,Critico,87.69,47.0,4G
7225,2024-04-20 17:44:00,SENSOR_007,Ruido,Bogota,Occidente,98.94,dB,Critico,40.64,56.0,LoRaWAN
7226,2024-10-08 12:07:00,SENSOR_007,Temperatura,Cartagena,Occidente,21.03,°C,Normal,95.0,90.0,LoRaWAN
7227,2024-12-20 02:22:00,SENSOR_082,Temperatura,Bogota,Sur,29.97,°C,Alerta,89.53,26.0,4G
7228,2024-04-29 05:52:00,SENSOR_079,CO2,Barranquilla,Sur,1276.12,ppm,Critico,95.54,79.0,4G
7229,2024-11-28 00:10:00,SENSOR_006,PM2.5,Medellin,Occidente,55.77,µg/m3,Alerta,44.54,47.0,4G
7230,2024-10-01 06:53:00,SENSOR_100,Humedad,Bogota,Oriente,66.68,%,Normal,7.61,21.0,4G
7231,2024-06-09 15:37:00,SENSOR_096,CO2,Bogota,Oriente,1090.76,ppm,Alerta,,37.0,WiFi
7232,2024-11-12 05:43:00,SENSOR_023,Ruido,Medellin,Occidente,99.56,dB,Critico,15.43,73.0,LoRaWAN
7233,2024-07-16 16:04:00,SENSOR_061,Humedad,Bogota,Norte,63.77,%,Normal,14.41,68.0,Ethernet
7234,2024-02-07 00:05:00,SENSOR_049,Humedad,Medellin,Sur,81.79,%,Alerta,24.6,86.0,LoRaWAN
7235,2024-11-25 16:01:00,SENSOR_068,Ruido,Bucaramanga,Oriente,39.84,dB,Normal,86.68,51.0,4G
7236,2024-04-27 17:48:00,SENSOR_002,Humedad,Bucaramanga,Oriente,61.29,%,Normal,62.36,39.0,LoRaWAN
7237,2024-03-02 01:09:00,SENSOR_052,CO2,Cartagena,Centro,526.18,ppm,Normal,,21.0,4G
7238,2024-11-07 20:36:00,SENSOR_056,PM2.5,Bucaramanga,Sur,67.36,µg/m3,Alerta,26.82,96.0,Ethernet
7239,2024-05-28 18:16:00,SENSOR_010,PM2.5,Barranquilla,Sur,87.9,µg/m3,Critico,49.89,63.0,Ethernet
7240,2024-09-04 07:33:00,SENSOR_070,Humedad,Bucaramanga,Norte,49.19,%,Normal,26.13,39.0,4G
7241,2024-07-02 09:50:00,SENSOR_097,Humedad,Bogota,Sur,93.72,%,Critico,68.64,30.0,Ethernet
7242,2024-10-31 14:51:00,SENSOR_024,Humedad,Bogota,Centro,69.26,%,Normal,56.27,24.0,Ethernet
7243,2024-12-27 11:07:00,SENSOR_078,Humedad,Bucaramanga,Norte,39.91,%,Alerta,53.78,95.0,LoRaWAN
7244,2024-07-29 10:16:00,SENSOR_075,Temperatura,Bogota,Centro,10.71,°C,Normal,91.22,32.0,4G
7245,2024-03-10 09:44:00,SENSOR_073,CO2,Medellin,Sur,613.36,ppm,Normal,59.35,93.0,LoRaWAN
7246,2024-04-21 23:38:00,SENSOR_063,Temperatura,Barranquilla,Sur,15.68,°C,Normal,78.82,87.0,4G
7247,2024-01-31 17:34:00,SENSOR_053,CO2,Barranquilla,Occidente,1767.66,ppm,Critico,13.69,93.0,4G
7248,2024-09-23 13:24:00,SENSOR_016,Humedad,Medellin,Centro,49.92,%,Normal,74.75,28.0,4G
7249,2024-05-17 01:35:00,SENSOR_084,CO2,Bogota,Norte,1114.16,ppm,Alerta,71.63,40.0,LoRaWAN
7250,2024-06-12 13:07:00,SENSOR_017,CO2,Cali,Oriente,,ppm,Sin_Dato,71.75,57.0,LoRaWAN
7251,2024-09-19 15:25:00,SENSOR_054,Temperatura,Cartagena,Occidente,14.87,°C,Normal,31.58,63.0,Ethernet
7252,2024-08-11 13:07:00,SENSOR_032,PM2.5,Cali,Oriente,53.18,µg/m3,Alerta,19.7,39.0,Ethernet
7253,2024-02-09 21:10:00,SENSOR_036,Temperatura,Medellin,Norte,12.95,°C,Normal,16.43,21.0,LoRaWAN
7254,2024-06-04 06:10:00,SENSOR_061,CO2,Cartagena,Oriente,,ppm,Sin_Dato,31.79,79.0,4G
7255,2024-07-01 09:11:00,SENSOR_014,CO2,Barranquilla,Oriente,1220.19,ppm,Critico,57.26,97.0,WiFi
7256,2024-12-16 01:08:00,SENSOR_088,CO2,Bogota,Oriente,1282.0,ppm,Critico,51.14,79.0,LoRaWAN
7257,2024-02-22 22:27:00,SENSOR_086,Ruido,Bucaramanga,Oriente,54.91,dB,Normal,39.74,91.0,WiFi
7258,2024-11-11 02:55:00,SENSOR_044,PM2.5,Barranquilla,Occidente,56.14,µg/m3,Alerta,42.43,81.0,LoRaWAN
7259,2024-12-24 05:09:00,SENSOR_059,Temperatura,Cali,Norte,26.6,°C,Normal,63.27,68.0,LoRaWAN
7260,2024-09-12 14:57:00,SENSOR_011,Temperatura,Cali,Sur,33.16,°C,Critico,19.15,57.0,Ethernet
7261,2024-08-30 03:50:00,SENSOR_031,Ruido,Bucaramanga,Oriente,97.2,dB,Critico,94.37,32.0,LoRaWAN
7262,2024-09-23 20:59:00,SENSOR_041,Temperatura,Cali,Sur,30.19,°C,Alerta,37.61,67.0,4G
7263,2024-04-20 10:56:00,SENSOR_012,Temperatura,Cali,Oriente,19.03,°C,Normal,41.29,97.0,LoRaWAN
7264,2024-10-20 09:39:00,SENSOR_057,Temperatura,Medellin,Norte,18.04,°C,Normal,32.99,58.0,LoRaWAN
7265,2024-06-13 14:04:00,SENSOR_062,PM2.5,Cali,Oriente,,µg/m3,Sin_Dato,89.71,74.0,4G
7266,2024-07-15 23:05:00,SENSOR_075,PM2.5,Bogota,Oriente,90.4,µg/m3,Critico,85.65,38.0,LoRaWAN
7267,2024-01-22 10:46:00,SENSOR_051,CO2,Medellin,Norte,1634.84,ppm,Critico,92.02,38.0,Ethernet
7268,2024-07-07 09:22:00,SENSOR_060,PM2.5,Bucaramanga,Occidente,110.61,µg/m3,Critico,87.21,68.0,Ethernet
7269,2024-03-16 19:22:00,SENSOR_059,Temperatura,Bucaramanga,Norte,10.59,°C,Normal,86.32,50.0,WiFi
7270,2024-04-27 06:05:00,SENSOR_007,CO2,Bogota,Centro,416.54,ppm,Normal,17.87,59.0,WiFi
7271,2024-01-20 13:02:00,SENSOR_080,Ruido,Bogota,Norte,43.45,dB,Normal,33.74,48.0,WiFi
7272,2024-09-13 09:22:00,SENSOR_052,Temperatura,Cartagena,Oriente,23.46,°C,Normal,81.94,23.0,Ethernet
7273,2024-12-04 20:25:00,SENSOR_073,PM2.5,Cartagena,Norte,28.06,µg/m3,Normal,93.26,52.0,4G
7274,2024-04-15 13:41:00,SENSOR_051,Temperatura,Bogota,Occidente,21.18,°C,Normal,62.1,34.0,WiFi
7275,2024-01-03 23:53:00,SENSOR_065,Ruido,Bogota,Sur,93.93,dB,Critico,65.98,67.0,LoRaWAN
7276,2024-04-04 15:33:00,SENSOR_048,Humedad,Cartagena,Centro,33.72,%,Alerta,67.16,40.0,LoRaWAN
7277,2024-03-30 01:37:00,SENSOR_083,Temperatura,Bogota,Sur,24.16,°C,Normal,99.7,76.0,4G
7278,2024-03-19 11:17:00,SENSOR_030,CO2,Medellin,Occidente,862.2,ppm,Alerta,30.17,70.0,Ethernet
7279,2024-12-12 01:01:00,SENSOR_060,Temperatura,Bogota,Occidente,34.38,°C,Critico,71.99,90.0,Ethernet
7280,2024-02-15 02:31:00,SENSOR_071,Ruido,Barranquilla,Occidente,,dB,Sin_Dato,34.38,26.0,LoRaWAN
7281,2024-04-06 17:18:00,SENSOR_076,Ruido,Bogota,Oriente,37.2,dB,Normal,83.61,78.0,Ethernet
7282,2024-07-02 10:48:00,SENSOR_093,Temperatura,Medellin,Centro,25.81,°C,Normal,73.15,89.0,Ethernet
7283,2024-01-05 06:08:00,SENSOR_084,Ruido,Cali,Norte,73.79,dB,Alerta,6.85,86.0,LoRaWAN
7284,2024-06-14 10:19:00,SENSOR_042,Humedad,Bucaramanga,Sur,94.54,%,Critico,99.21,35.0,Ethernet
7285,2024-06-25 16:23:00,SENSOR_099,Temperatura,Cali,Oriente,26.91,°C,Normal,47.45,86.0,Ethernet
7286,2024-01-18 13:53:00,SENSOR_058,Humedad,Cartagena,Oriente,82.37,%,Alerta,8.36,94.0,4G
7287,2024-10-07 18:59:00,SENSOR_071,PM2.5,Medellin,Sur,95.72,µg/m3,Critico,9.96,100.0,LoRaWAN
7288,2024-02-03 17:15:00,SENSOR_085,Temperatura,Medellin,Sur,18.76,°C,Normal,5.09,72.0,LoRaWAN
7289,2024-04-06 15:37:00,SENSOR_036,CO2,Cartagena,Norte,1649.63,ppm,Critico,89.3,71.0,LoRaWAN
7290,2024-08-17 12:20:00,SENSOR_030,PM2.5,Medellin,Sur,42.69,µg/m3,Alerta,19.46,33.0,4G
7291,2024-09-04 07:04:00,SENSOR_077,CO2,Cartagena,Oriente,1645.47,ppm,Critico,88.7,,LoRaWAN
7292,2024-04-09 19:18:00,SENSOR_020,CO2,Cartagena,Norte,739.51,ppm,Normal,23.01,41.0,4G
7293,2024-08-16 03:58:00,SENSOR_077,CO2,Cartagena,Sur,1730.43,ppm,Critico,89.88,86.0,LoRaWAN
7294,2024-02-08 06:05:00,SENSOR_002,Ruido,Barranquilla,Centro,53.51,dB,Normal,83.9,29.0,4G
7295,2024-01-26 14:10:00,SENSOR_085,Temperatura,Bogota,Centro,27.16,°C,Normal,18.91,26.0,LoRaWAN
7296,2024-09-27 07:41:00,SENSOR_095,Temperatura,Bucaramanga,Sur,27.69,°C,Normal,66.92,94.0,Ethernet
7297,2024-01-08 00:01:00,SENSOR_095,Ruido,Barranquilla,Occidente,87.57,dB,Critico,33.41,32.0,WiFi
7298,2024-08-27 07:59:00,SENSOR_053,Temperatura,Bogota,Norte,25.89,°C,Normal,70.94,66.0,LoRaWAN
7299,2024-12-18 17:34:00,SENSOR_086,PM2.5,Bogota,Oriente,46.88,µg/m3,Alerta,61.26,54.0,Ethernet
7300,2024-04-02 23:32:00,SENSOR_086,Humedad,Cali,Centro,37.87,%,Alerta,57.28,66.0,LoRaWAN
7301,2024-01-04 22:54:00,SENSOR_075,Ruido,Cartagena,Centro,,dB,Sin_Dato,25.09,89.0,LoRaWAN
7302,2024-11-20 03:50:00,SENSOR_011,CO2,Bucaramanga,Norte,777.72,ppm,Normal,95.36,39.0,LoRaWAN
7303,2024-01-25 03:12:00,SENSOR_026,Temperatura,Bucaramanga,Centro,21.74,°C,Normal,22.22,,WiFi
7304,2024-12-23 11:03:00,SENSOR_055,CO2,Bogota,Norte,,ppm,Sin_Dato,27.44,61.0,Ethernet
7305,2024-11-30 15:14:00,SENSOR_076,Humedad,Cali,Sur,36.13,%,Alerta,43.13,28.0,Ethernet
7306,2024-11-09 04:46:00,SENSOR_062,Humedad,Bogota,Occidente,44.97,%,Normal,95.36,20.0,4G
7307,2024-08-03 14:41:00,SENSOR_005,Ruido,Bogota,Centro,64.14,dB,Normal,6.15,91.0,WiFi
7308,2024-09-30 11:23:00,SENSOR_007,Humedad,Bucaramanga,Centro,35.95,%,Alerta,29.77,77.0,LoRaWAN
7309,2024-09-09 00:59:00,SENSOR_054,PM2.5,Cartagena,Occidente,63.19,µg/m3,Alerta,26.48,81.0,WiFi
7310,2024-11-18 21:25:00,SENSOR_018,Humedad,Cali,Oriente,70.43,%,Normal,60.54,87.0,Ethernet
7311,2024-04-05 15:17:00,SENSOR_008,Temperatura,Cali,Sur,13.5,°C,Normal,41.92,63.0,4G
7312,2024-05-18 11:30:00,SENSOR_028,PM2.5,Cartagena,Centro,99.19,µg/m3,Critico,98.73,81.0,Ethernet
7313,2024-01-23 10:08:00,SENSOR_018,CO2,Cartagena,Oriente,1642.88,ppm,Critico,81.09,42.0,4G
7314,2024-06-25 17:36:00,SENSOR_099,Temperatura,Bogota,Norte,30.06,°C,Alerta,88.21,32.0,4G
7315,2024-06-24 01:16:00,SENSOR_008,CO2,Bucaramanga,Sur,596.32,ppm,Normal,89.2,68.0,LoRaWAN
7316,2024-10-10 17:12:00,SENSOR_070,Ruido,Cali,Oriente,74.2,dB,Alerta,14.85,49.0,LoRaWAN
7317,2024-03-07 05:15:00,SENSOR_085,Ruido,Bucaramanga,Centro,85.14,dB,Critico,59.82,38.0,4G
7318,2024-02-15 20:28:00,SENSOR_029,Ruido,Medellin,Norte,96.86,dB,Critico,35.18,88.0,Ethernet
7319,2024-12-26 03:52:00,SENSOR_010,CO2,Barranquilla,Centro,858.96,ppm,Alerta,26.39,,4G
7320,2024-06-01 00:12:00,SENSOR_033,Temperatura,Bogota,Oriente,29.28,°C,Alerta,9.81,97.0,LoRaWAN
7321,2024-01-28 17:23:00,SENSOR_010,Ruido,Cali,Norte,76.71,dB,Alerta,21.16,53.0,WiFi
7322,2024-08-29 23:33:00,SENSOR_064,Humedad,Bogota,Centro,41.08,%,Normal,26.51,54.0,LoRaWAN
7323,2024-12-02 17:04:00,SENSOR_012,Ruido,Cali,Occidente,79.83,dB,Alerta,83.79,36.0,LoRaWAN
7324,2024-02-11 21:26:00,SENSOR_034,Ruido,Bucaramanga,Centro,40.0,dB,Normal,88.02,82.0,WiFi
7325,2024-03-03 00:46:00,SENSOR_070,Humedad,Cali,Oriente,30.97,%,Alerta,9.74,75.0,WiFi
7326,2024-05-21 18:51:00,SENSOR_013,Humedad,Medellin,Centro,66.16,%,Normal,94.74,68.0,4G
7327,2024-08-22 23:11:00,SENSOR_014,Temperatura,Barranquilla,Oriente,28.85,°C,Alerta,82.34,34.0,WiFi
7328,2024-04-09 05:50:00,SENSOR_051,PM2.5,Medellin,Norte,9.35,µg/m3,Normal,46.12,86.0,4G
7329,2024-04-20 13:09:00,SENSOR_072,Temperatura,Medellin,Centro,16.74,°C,Normal,91.69,73.0,LoRaWAN
7330,2024-08-19 05:04:00,SENSOR_075,Temperatura,Barranquilla,Oriente,26.96,°C,Normal,70.08,54.0,WiFi
7331,2024-04-02 02:43:00,SENSOR_009,Humedad,Medellin,Centro,30.82,%,Alerta,70.1,74.0,4G
7332,2024-10-05 00:11:00,SENSOR_044,CO2,Bucaramanga,Oriente,874.51,ppm,Alerta,22.1,61.0,4G
7333,2024-04-28 14:44:00,SENSOR_058,Temperatura,Barranquilla,Sur,17.58,°C,Normal,35.51,68.0,Ethernet
7334,2024-01-25 11:27:00,SENSOR_015,Humedad,Barranquilla,Oriente,84.94,%,Alerta,64.36,65.0,LoRaWAN
7335,2024-02-22 11:11:00,SENSOR_052,CO2,Cali,Occidente,1630.7,ppm,Critico,41.2,68.0,WiFi
7336,2024-09-09 07:41:00,SENSOR_024,Humedad,Cali,Oriente,47.85,%,Normal,53.47,21.0,4G
7337,2024-01-30 18:32:00,SENSOR_067,PM2.5,Medellin,Occidente,35.98,µg/m3,Alerta,75.17,27.0,WiFi
7338,2024-02-17 16:10:00,SENSOR_041,Humedad,Barranquilla,Sur,92.77,%,Critico,23.76,40.0,4G
7339,2024-01-04 02:48:00,SENSOR_061,Ruido,Cali,Occidente,80.95,dB,Alerta,30.37,20.0,WiFi
7340,2024-02-10 05:12:00,SENSOR_086,PM2.5,Bucaramanga,Sur,10.45,µg/m3,Normal,40.39,67.0,Ethernet
7341,2024-04-28 17:53:00,SENSOR_070,Ruido,Bogota,Sur,54.16,dB,Normal,62.51,65.0,WiFi
7342,2024-10-01 04:20:00,SENSOR_040,PM2.5,Cartagena,Occidente,26.16,µg/m3,Normal,7.66,85.0,Ethernet
7343,2024-04-24 05:03:00,SENSOR_029,CO2,Cartagena,Occidente,1144.4,ppm,Alerta,99.86,65.0,LoRaWAN
7344,2024-04-17 02:55:00,SENSOR_034,CO2,Cartagena,Occidente,348.04,ppm,Normal,57.36,77.0,4G
7345,2024-01-18 22:08:00,SENSOR_033,Temperatura,Bogota,Centro,15.28,°C,Normal,66.39,83.0,4G
7346,2024-05-12 21:48:00,SENSOR_053,Ruido,Cartagena,Oriente,81.72,dB,Alerta,53.92,54.0,LoRaWAN
7347,2024-03-20 16:33:00,SENSOR_040,Humedad,Medellin,Sur,57.3,%,Normal,91.26,97.0,WiFi
7348,2024-12-28 13:22:00,SENSOR_062,PM2.5,Cali,Oriente,27.89,µg/m3,Normal,85.81,57.0,Ethernet
7349,2024-06-25 04:05:00,SENSOR_035,CO2,Medellin,Occidente,826.58,ppm,Alerta,77.8,26.0,Ethernet
7350,2024-10-23 23:30:00,SENSOR_044,Humedad,Medellin,Oriente,68.83,%,Normal,38.84,85.0,WiFi
7351,2024-02-07 17:00:00,SENSOR_011,PM2.5,Bucaramanga,Oriente,49.89,µg/m3,Alerta,86.77,35.0,LoRaWAN
7352,2024-10-25 03:48:00,SENSOR_086,Temperatura,Barranquilla,Norte,20.96,°C,Normal,59.47,77.0,Ethernet
7353,2024-12-06 21:37:00,SENSOR_083,PM2.5,Bucaramanga,Oriente,8.89,µg/m3,Normal,90.35,41.0,Ethernet
7354,2024-05-31 07:28:00,SENSOR_099,Ruido,Bogota,Norte,62.28,dB,Normal,11.69,61.0,LoRaWAN
7355,2024-09-04 23:53:00,SENSOR_061,Humedad,Cartagena,Occidente,89.47,%,Alerta,95.45,30.0,WiFi
7356,2024-02-14 01:56:00,SENSOR_052,Ruido,Cali,Norte,91.88,dB,Critico,59.91,78.0,Ethernet
7357,2024-07-27 18:10:00,SENSOR_077,CO2,Medellin,Centro,,ppm,Sin_Dato,77.11,50.0,Ethernet
7358,2024-05-07 06:07:00,SENSOR_014,Ruido,Cartagena,Centro,66.16,dB,Normal,48.98,87.0,Ethernet
7359,2024-10-14 06:27:00,SENSOR_074,PM2.5,Cali,Oriente,68.38,µg/m3,Alerta,17.13,37.0,Ethernet
7360,2024-03-15 17:47:00,SENSOR_092,PM2.5,Bucaramanga,Occidente,82.31,µg/m3,Critico,53.84,93.0,WiFi
7361,2024-05-22 12:19:00,SENSOR_004,CO2,Barranquilla,Centro,557.0,ppm,Normal,46.97,96.0,WiFi
7362,2024-10-28 15:23:00,SENSOR_095,Ruido,Bucaramanga,Centro,66.26,dB,Normal,14.73,35.0,WiFi
7363,2024-01-17 19:57:00,SENSOR_091,CO2,Bucaramanga,Norte,554.69,ppm,Normal,29.35,38.0,Ethernet
7364,2024-02-16 02:07:00,SENSOR_001,PM2.5,Cali,Norte,28.41,µg/m3,Normal,69.38,79.0,LoRaWAN
7365,2024-03-20 13:47:00,SENSOR_045,PM2.5,Bucaramanga,Oriente,87.75,µg/m3,Critico,53.08,79.0,Ethernet
7366,2024-04-01 10:23:00,SENSOR_044,PM2.5,Barranquilla,Occidente,24.02,µg/m3,Normal,23.72,29.0,Ethernet
7367,2024-03-12 00:59:00,SENSOR_063,Temperatura,Bucaramanga,Centro,26.12,°C,Normal,51.11,34.0,WiFi
7368,2024-08-02 22:15:00,SENSOR_058,Temperatura,Cali,Oriente,24.29,°C,Normal,43.27,82.0,Ethernet
7369,2024-06-29 09:14:00,SENSOR_072,Ruido,Medellin,Sur,63.93,dB,Normal,55.72,28.0,4G
7370,2024-03-02 22:28:00,SENSOR_021,Humedad,Bucaramanga,Oriente,84.23,%,Alerta,87.78,65.0,WiFi
7371,2024-07-21 22:40:00,SENSOR_025,Humedad,Bucaramanga,Centro,93.18,%,Critico,71.02,47.0,LoRaWAN
7372,2024-09-04 20:16:00,SENSOR_011,PM2.5,Barranquilla,Norte,64.54,µg/m3,Alerta,23.4,,WiFi
7373,2024-12-28 06:47:00,SENSOR_080,CO2,Bogota,Centro,1066.08,ppm,Alerta,30.05,46.0,LoRaWAN
7374,2024-06-20 00:26:00,SENSOR_007,Ruido,Barranquilla,Oriente,39.25,dB,Normal,15.95,87.0,WiFi
7375,2024-06-05 00:16:00,SENSOR_091,Ruido,Cartagena,Occidente,69.53,dB,Normal,63.62,42.0,LoRaWAN
7376,2024-05-23 01:14:00,SENSOR_064,Humedad,Medellin,Sur,60.34,%,Normal,24.26,73.0,4G
7377,2024-12-05 22:17:00,SENSOR_013,PM2.5,Bogota,Occidente,55.96,µg/m3,Alerta,37.49,29.0,4G
7378,2024-01-07 15:30:00,SENSOR_069,CO2,Cali,Norte,1163.85,ppm,Alerta,38.3,78.0,Ethernet
7379,2024-04-04 13:53:00,SENSOR_016,Temperatura,Cartagena,Oriente,14.9,°C,Normal,82.28,82.0,LoRaWAN
7380,2024-06-16 21:24:00,SENSOR_073,CO2,Cartagena,Oriente,845.56,ppm,Alerta,72.72,53.0,Ethernet
7381,2024-05-02 05:13:00,SENSOR_093,PM2.5,Cartagena,Oriente,30.99,µg/m3,Normal,90.28,82.0,WiFi
7382,2024-02-13 12:14:00,SENSOR_012,PM2.5,Bogota,Norte,100.18,µg/m3,Critico,12.68,77.0,Ethernet
7383,2024-07-03 18:51:00,SENSOR_033,Ruido,Cali,Norte,76.35,dB,Alerta,62.33,43.0,LoRaWAN
7384,2024-04-19 06:01:00,SENSOR_066,Ruido,Medellin,Norte,49.23,dB,Normal,75.15,24.0,Ethernet
7385,2024-11-02 15:07:00,SENSOR_062,Humedad,Bogota,Norte,64.57,%,Normal,28.8,48.0,4G
7386,2024-05-19 11:32:00,SENSOR_098,CO2,Barranquilla,Oriente,834.29,ppm,Alerta,84.57,51.0,LoRaWAN
7387,2024-07-07 05:29:00,SENSOR_071,Ruido,Barranquilla,Centro,53.05,dB,Normal,50.22,23.0,4G
7388,2024-11-11 10:45:00,SENSOR_065,PM2.5,Barranquilla,Norte,79.61,µg/m3,Critico,10.72,39.0,WiFi
7389,2024-09-06 12:32:00,SENSOR_092,Humedad,Cali,Oriente,82.45,%,Alerta,19.04,84.0,LoRaWAN
7390,2024-04-04 17:36:00,SENSOR_009,Temperatura,Medellin,Sur,15.32,°C,Normal,7.1,52.0,WiFi
7391,2024-12-04 22:16:00,SENSOR_031,Humedad,Bogota,Norte,80.8,%,Alerta,36.86,90.0,WiFi
7392,2024-10-07 00:54:00,SENSOR_031,PM2.5,Barranquilla,Sur,52.79,µg/m3,Alerta,90.88,64.0,Ethernet
7393,2024-01-02 13:43:00,SENSOR_011,Humedad,Barranquilla,Oriente,84.03,%,Alerta,81.53,87.0,Ethernet
7394,2024-07-09 17:18:00,SENSOR_093,Humedad,Cali,Oriente,58.02,%,Normal,62.09,56.0,WiFi
7395,2024-03-25 06:15:00,SENSOR_072,Temperatura,Bogota,Centro,24.58,°C,Normal,22.58,30.0,WiFi
7396,2024-11-19 23:14:00,SENSOR_073,Ruido,Bucaramanga,Norte,35.08,dB,Normal,36.8,,4G
7397,2024-05-14 09:51:00,SENSOR_094,Temperatura,Cartagena,Norte,18.88,°C,Normal,39.06,23.0,4G
7398,2024-12-30 03:40:00,SENSOR_010,Humedad,Medellin,Sur,46.21,%,Normal,17.95,60.0,Ethernet
7399,2024-11-02 00:23:00,SENSOR_062,Humedad,Cartagena,Oriente,40.36,%,Normal,81.3,86.0,Ethernet
7400,2024-01-02 03:25:00,SENSOR_008,Temperatura,Bogota,Centro,19.84,°C,Normal,39.12,58.0,WiFi
7401,2024-09-04 02:18:00,SENSOR_008,CO2,Bucaramanga,Oriente,1695.67,ppm,Critico,86.36,60.0,Ethernet
7402,2024-02-03 16:24:00,SENSOR_093,Temperatura,Bogota,Occidente,11.17,°C,Normal,54.45,71.0,LoRaWAN
7403,2024-03-12 12:28:00,SENSOR_045,Temperatura,Medellin,Oriente,13.8,°C,Normal,5.12,96.0,Ethernet
7404,2024-12-06 08:15:00,SENSOR_054,CO2,Cali,Norte,1407.35,ppm,Critico,51.72,94.0,4G
7405,2024-04-10 01:33:00,SENSOR_039,Humedad,Bucaramanga,Occidente,77.54,%,Normal,18.25,23.0,Ethernet
7406,2024-10-21 15:32:00,SENSOR_013,PM2.5,Barranquilla,Norte,105.29,µg/m3,Critico,,48.0,Ethernet
7407,2024-10-15 10:00:00,SENSOR_014,Temperatura,Medellin,Centro,15.4,°C,Normal,91.08,84.0,WiFi
7408,2024-07-12 04:54:00,SENSOR_089,Humedad,Cartagena,Centro,92.66,%,Critico,73.52,85.0,Ethernet
7409,2024-07-11 00:12:00,SENSOR_059,Temperatura,Cali,Sur,31.01,°C,Alerta,,53.0,4G
7410,2024-06-19 20:01:00,SENSOR_031,Temperatura,Cali,Centro,26.38,°C,Normal,75.68,100.0,LoRaWAN
7411,2024-04-30 08:52:00,SENSOR_067,Humedad,Cali,Occidente,48.4,%,Normal,72.25,31.0,WiFi
7412,2024-02-24 13:09:00,SENSOR_079,Temperatura,Cali,Oriente,31.24,°C,Alerta,19.06,92.0,Ethernet
7413,2024-06-11 03:44:00,SENSOR_082,Temperatura,Bogota,Occidente,26.7,°C,Normal,70.96,100.0,Ethernet
7414,2024-04-21 05:08:00,SENSOR_031,CO2,Bucaramanga,Occidente,991.98,ppm,Alerta,66.91,29.0,Ethernet
7415,2024-12-28 12:12:00,SENSOR_040,Humedad,Medellin,Centro,79.05,%,Normal,84.09,41.0,Ethernet
7416,2024-11-25 01:50:00,SENSOR_030,PM2.5,Cartagena,Sur,64.04,µg/m3,Alerta,54.41,72.0,LoRaWAN
7417,2024-03-31 23:39:00,SENSOR_017,Humedad,Bucaramanga,Oriente,,%,Sin_Dato,53.05,41.0,4G
7418,2024-06-19 11:32:00,SENSOR_029,Ruido,Bogota,Oriente,50.02,dB,Normal,76.32,50.0,4G
7419,2024-08-18 10:53:00,SENSOR_090,PM2.5,Cali,Oriente,78.91,µg/m3,Critico,67.19,99.0,LoRaWAN
7420,2024-12-29 00:39:00,SENSOR_084,Ruido,Cartagena,Centro,77.55,dB,Alerta,10.07,90.0,LoRaWAN
7421,2024-01-19 18:58:00,SENSOR_062,Ruido,Cali,Oriente,60.48,dB,Normal,23.54,29.0,WiFi
7422,2024-02-22 09:06:00,SENSOR_060,PM2.5,Cartagena,Sur,112.82,µg/m3,Critico,89.93,73.0,WiFi
7423,2024-06-07 18:24:00,SENSOR_041,Humedad,Bucaramanga,Norte,31.62,%,Alerta,35.7,90.0,WiFi
7424,2024-12-17 08:23:00,SENSOR_076,Humedad,Cali,Oriente,69.69,%,Normal,31.52,59.0,Ethernet
7425,2024-02-09 20:12:00,SENSOR_084,Ruido,Medellin,Norte,93.5,dB,Critico,92.62,25.0,LoRaWAN
7426,2024-05-13 19:29:00,SENSOR_036,Humedad,Cali,Oriente,79.29,%,Normal,13.58,83.0,LoRaWAN
7427,2024-12-02 09:45:00,SENSOR_036,PM2.5,Cartagena,Occidente,95.22,µg/m3,Critico,41.58,84.0,4G
7428,2024-03-22 16:07:00,SENSOR_066,Temperatura,Medellin,Centro,13.05,°C,Normal,40.42,33.0,Ethernet
7429,2024-11-06 07:51:00,SENSOR_032,Temperatura,Cali,Sur,10.93,°C,Normal,88.31,59.0,Ethernet
7430,2024-04-06 04:30:00,SENSOR_084,PM2.5,Medellin,Norte,66.21,µg/m3,Alerta,6.96,94.0,WiFi
7431,2024-11-20 23:19:00,SENSOR_074,PM2.5,Medellin,Norte,99.8,µg/m3,Critico,76.47,89.0,WiFi
7432,2024-09-13 05:57:00,SENSOR_097,Humedad,Cali,Norte,74.23,%,Normal,38.89,26.0,4G
7433,2024-12-04 14:05:00,SENSOR_012,PM2.5,Cartagena,Centro,40.39,µg/m3,Alerta,45.62,95.0,WiFi
7434,2024-09-03 10:41:00,SENSOR_026,Ruido,Cali,Occidente,63.52,dB,Normal,12.29,65.0,LoRaWAN
7435,2024-09-04 12:15:00,SENSOR_047,CO2,Cali,Sur,922.2,ppm,Alerta,83.96,32.0,LoRaWAN
7436,2024-01-10 12:36:00,SENSOR_014,CO2,Cartagena,Oriente,817.27,ppm,Alerta,43.6,38.0,Ethernet
7437,2024-05-10 05:01:00,SENSOR_064,Humedad,Medellin,Centro,53.34,%,Normal,32.39,80.0,4G
7438,2024-11-09 18:35:00,SENSOR_012,CO2,Cali,Norte,616.69,ppm,Normal,14.49,83.0,4G
7439,2024-06-06 05:55:00,SENSOR_007,Ruido,Cartagena,Occidente,44.07,dB,Normal,91.36,69.0,LoRaWAN
7440,2024-09-20 15:22:00,SENSOR_012,Ruido,Bucaramanga,Norte,53.47,dB,Normal,99.67,89.0,4G
7441,2024-08-30 22:11:00,SENSOR_053,CO2,Cali,Occidente,1531.38,ppm,Critico,86.57,72.0,4G
7442,2024-12-09 23:30:00,SENSOR_036,CO2,Barranquilla,Norte,719.99,ppm,Normal,28.32,34.0,WiFi
7443,2024-09-11 17:34:00,SENSOR_065,CO2,Bogota,Occidente,1315.17,ppm,Critico,88.09,100.0,Ethernet
7444,2024-04-27 17:49:00,SENSOR_062,Ruido,Medellin,Occidente,70.8,dB,Alerta,35.37,38.0,4G
7445,2024-03-22 13:56:00,SENSOR_053,Humedad,Cartagena,Norte,73.21,%,Normal,86.25,30.0,LoRaWAN
7446,2024-05-28 05:07:00,SENSOR_022,PM2.5,Bucaramanga,Occidente,58.95,µg/m3,Alerta,56.3,39.0,LoRaWAN
7447,2024-02-09 13:59:00,SENSOR_079,PM2.5,Barranquilla,Centro,35.55,µg/m3,Alerta,98.8,94.0,LoRaWAN
7448,2024-07-27 20:17:00,SENSOR_059,CO2,Bogota,Norte,1782.0,ppm,Critico,72.7,31.0,4G
7449,2024-10-18 09:24:00,SENSOR_089,PM2.5,Cali,Occidente,23.98,µg/m3,Normal,83.11,40.0,WiFi
7450,2024-11-27 02:29:00,SENSOR_033,CO2,Cali,Occidente,1265.3,ppm,Critico,42.63,93.0,4G
7451,2024-03-11 16:32:00,SENSOR_014,PM2.5,Medellin,Centro,64.86,µg/m3,Alerta,88.17,27.0,WiFi
7452,2024-01-10 20:09:00,SENSOR_018,Ruido,Cartagena,Norte,43.9,dB,Normal,63.76,,LoRaWAN
7453,2024-07-11 02:42:00,SENSOR_049,CO2,Barranquilla,Oriente,,ppm,Sin_Dato,7.72,54.0,Ethernet
7454,2024-02-22 01:49:00,SENSOR_091,CO2,Medellin,Norte,720.37,ppm,Normal,52.02,98.0,Ethernet
7455,2024-08-11 01:56:00,SENSOR_044,Ruido,Bogota,Oriente,40.22,dB,Normal,43.52,32.0,Ethernet
7456,2024-12-02 11:39:00,SENSOR_049,Ruido,Barranquilla,Occidente,75.49,dB,Alerta,63.01,96.0,4G
7457,2024-11-26 10:45:00,SENSOR_094,CO2,Medellin,Occidente,626.42,ppm,Normal,33.51,54.0,LoRaWAN
7458,2024-01-01 15:55:00,SENSOR_034,CO2,Bucaramanga,Sur,1607.78,ppm,Critico,54.82,50.0,WiFi
7459,2024-01-11 04:35:00,SENSOR_063,Ruido,Bogota,Norte,85.28,dB,Critico,15.87,27.0,Ethernet
7460,2024-03-17 08:22:00,SENSOR_068,CO2,Medellin,Sur,1766.58,ppm,Critico,72.04,34.0,WiFi
7461,2024-12-10 01:57:00,SENSOR_084,Humedad,Cartagena,Norte,53.33,%,Normal,16.31,62.0,LoRaWAN
7462,2024-09-27 15:27:00,SENSOR_059,Ruido,Bogota,Norte,74.19,dB,Alerta,61.15,59.0,Ethernet
7463,2024-10-04 00:08:00,SENSOR_017,PM2.5,Medellin,Occidente,70.58,µg/m3,Alerta,70.34,21.0,4G
7464,2024-03-13 06:45:00,SENSOR_083,CO2,Bogota,Occidente,1719.58,ppm,Critico,59.36,60.0,4G
7465,2024-11-22 04:48:00,SENSOR_082,PM2.5,Cartagena,Occidente,69.42,µg/m3,Alerta,70.95,35.0,Ethernet
7466,2024-10-06 05:06:00,SENSOR_059,Temperatura,Medellin,Oriente,33.65,°C,Critico,68.21,30.0,LoRaWAN
7467,2024-11-04 11:08:00,SENSOR_032,Temperatura,Cali,Occidente,10.37,°C,Normal,61.18,50.0,4G
7468,2024-04-30 00:48:00,SENSOR_079,Temperatura,Cartagena,Centro,14.3,°C,Normal,55.51,32.0,WiFi
7469,2024-02-06 20:34:00,SENSOR_092,PM2.5,Barranquilla,Norte,43.55,µg/m3,Alerta,8.41,68.0,Ethernet
7470,2024-09-01 20:53:00,SENSOR_084,CO2,Cali,Oriente,1696.32,ppm,Critico,17.59,30.0,LoRaWAN
7471,2024-01-17 17:21:00,SENSOR_002,Ruido,Bucaramanga,Oriente,84.0,dB,Alerta,39.87,75.0,WiFi
7472,2024-04-03 14:03:00,SENSOR_020,Ruido,Medellin,Oriente,72.82,dB,Alerta,10.51,52.0,LoRaWAN
7473,2024-05-01 07:24:00,SENSOR_091,CO2,Medellin,Norte,1415.17,ppm,Critico,88.15,79.0,LoRaWAN
7474,2024-04-26 11:32:00,SENSOR_019,PM2.5,Bogota,Sur,69.92,µg/m3,Alerta,51.71,64.0,WiFi
7475,2024-06-18 00:18:00,SENSOR_001,Humedad,Barranquilla,Occidente,92.18,%,Critico,82.72,41.0,WiFi
7476,2024-08-05 14:46:00,SENSOR_008,Ruido,Medellin,Norte,37.04,dB,Normal,81.34,51.0,LoRaWAN
7477,2024-08-28 05:47:00,SENSOR_100,Ruido,Bogota,Oriente,62.64,dB,Normal,65.5,81.0,WiFi
7478,2024-06-25 03:41:00,SENSOR_099,Temperatura,Barranquilla,Oriente,25.7,°C,Normal,99.59,41.0,Ethernet
7479,2024-05-01 11:42:00,SENSOR_030,Ruido,Cali,Oriente,56.19,dB,Normal,22.62,68.0,LoRaWAN
7480,2024-07-24 03:21:00,SENSOR_045,CO2,Bucaramanga,Sur,1458.2,ppm,Critico,21.27,46.0,Ethernet
7481,2024-03-17 23:44:00,SENSOR_090,Temperatura,Cartagena,Sur,10.8,°C,Normal,21.95,80.0,Ethernet
7482,2024-03-24 22:07:00,SENSOR_080,Temperatura,Bogota,Centro,26.27,°C,Normal,18.47,88.0,4G
7483,2024-03-22 08:07:00,SENSOR_087,Ruido,Cartagena,Norte,60.44,dB,Normal,48.78,66.0,4G
7484,2024-06-30 21:59:00,SENSOR_082,Ruido,Barranquilla,Norte,50.47,dB,Normal,8.8,92.0,4G
7485,2024-01-01 05:32:00,SENSOR_071,CO2,Cali,Occidente,1324.66,ppm,Critico,43.26,86.0,Ethernet
7486,2024-04-03 22:10:00,SENSOR_099,CO2,Bogota,Oriente,1450.01,ppm,Critico,,76.0,WiFi
7487,2024-06-09 17:38:00,SENSOR_024,CO2,Cali,Norte,1631.59,ppm,Critico,99.32,83.0,4G
7488,2024-11-06 19:23:00,SENSOR_071,CO2,Medellin,Centro,1644.6,ppm,Critico,43.87,31.0,4G
7489,2024-01-08 15:57:00,SENSOR_010,PM2.5,Medellin,Sur,103.04,µg/m3,Critico,11.07,56.0,LoRaWAN
7490,2024-05-17 04:50:00,SENSOR_076,PM2.5,Bucaramanga,Centro,61.25,µg/m3,Alerta,11.38,52.0,4G
7491,2024-12-22 14:22:00,SENSOR_093,PM2.5,Medellin,Oriente,16.37,µg/m3,Normal,67.4,44.0,4G
7492,2024-01-11 11:45:00,SENSOR_043,Humedad,Cartagena,Sur,61.93,%,Normal,89.21,26.0,LoRaWAN
7493,2024-05-10 08:03:00,SENSOR_097,Ruido,Barranquilla,Oriente,44.58,dB,Normal,23.17,92.0,WiFi
7494,2024-03-23 09:52:00,SENSOR_039,Humedad,Barranquilla,Oriente,,%,Sin_Dato,9.09,66.0,Ethernet
7495,2024-06-14 22:35:00,SENSOR_064,Humedad,Barranquilla,Occidente,51.43,%,Normal,96.63,47.0,WiFi
7496,2024-11-01 16:25:00,SENSOR_050,CO2,Cali,Norte,1006.36,ppm,Alerta,84.3,57.0,4G
7497,2024-08-16 11:34:00,SENSOR_032,CO2,Cali,Oriente,1435.69,ppm,Critico,35.24,60.0,LoRaWAN
7498,2024-12-16 00:36:00,SENSOR_094,CO2,Cali,Centro,1167.06,ppm,Alerta,12.91,85.0,4G
7499,2024-12-16 21:16:00,SENSOR_073,Ruido,Bogota,Occidente,79.38,dB,Alerta,58.12,28.0,Ethernet
7500,2024-09-22 10:02:00,SENSOR_055,PM2.5,Bucaramanga,Norte,102.17,µg/m3,Critico,33.55,86.0,WiFi
7501,2024-01-18 17:21:00,SENSOR_016,CO2,Barranquilla,Norte,1218.02,ppm,Critico,37.49,43.0,WiFi
7502,2024-09-16 02:30:00,SENSOR_092,Humedad,Cartagena,Oriente,31.87,%,Alerta,70.82,56.0,LoRaWAN
7503,2024-03-02 23:30:00,SENSOR_062,CO2,Bogota,Occidente,1725.12,ppm,Critico,52.69,29.0,LoRaWAN
7504,2024-06-15 15:24:00,SENSOR_031,Ruido,Cartagena,Occidente,,dB,Sin_Dato,8.07,36.0,4G
7505,2024-11-16 02:16:00,SENSOR_086,CO2,Cali,Norte,1336.78,ppm,Critico,54.21,73.0,Ethernet
7506,2024-08-12 21:55:00,SENSOR_092,Humedad,Barranquilla,Sur,43.52,%,Normal,22.11,22.0,4G
7507,2024-04-15 04:25:00,SENSOR_089,Ruido,Cali,Oriente,93.98,dB,Critico,64.76,48.0,4G
7508,2024-04-01 13:30:00,SENSOR_051,Temperatura,Cali,Oriente,17.39,°C,Normal,24.77,83.0,Ethernet
7509,2024-12-05 06:01:00,SENSOR_066,Ruido,Cali,Norte,65.0,dB,Normal,79.45,42.0,WiFi
7510,2024-02-20 05:37:00,SENSOR_062,Temperatura,Bogota,Centro,14.66,°C,Normal,76.43,49.0,Ethernet
7511,2024-04-15 21:23:00,SENSOR_099,Humedad,Bucaramanga,Centro,55.98,%,Normal,79.23,35.0,Ethernet
7512,2024-01-03 01:03:00,SENSOR_024,Ruido,Medellin,Oriente,73.46,dB,Alerta,81.18,94.0,Ethernet
7513,2024-03-29 22:49:00,SENSOR_093,Ruido,Bucaramanga,Occidente,36.12,dB,Normal,74.46,88.0,4G
7514,2024-04-06 00:48:00,SENSOR_020,Ruido,Bogota,Occidente,35.01,dB,Normal,18.86,54.0,4G
7515,2024-01-21 08:57:00,SENSOR_029,Temperatura,Cali,Occidente,11.79,°C,Normal,6.49,100.0,WiFi
7516,2024-09-11 11:08:00,SENSOR_008,Humedad,Medellin,Sur,40.73,%,Normal,85.18,100.0,Ethernet
7517,2024-09-15 03:33:00,SENSOR_082,Humedad,Cali,Occidente,75.26,%,Normal,29.7,41.0,WiFi
7518,2024-01-07 16:00:00,SENSOR_071,PM2.5,Barranquilla,Sur,99.42,µg/m3,Critico,27.42,28.0,4G
7519,2024-05-11 18:43:00,SENSOR_076,Ruido,Cali,Centro,95.05,dB,Critico,88.99,98.0,LoRaWAN
7520,2024-08-25 08:42:00,SENSOR_023,Ruido,Barranquilla,Oriente,83.13,dB,Alerta,72.24,42.0,LoRaWAN
7521,2024-04-22 20:17:00,SENSOR_062,CO2,Cali,Norte,1088.54,ppm,Alerta,89.62,61.0,WiFi
7522,2024-07-06 23:24:00,SENSOR_066,PM2.5,Bogota,Sur,73.95,µg/m3,Alerta,53.41,66.0,4G
7523,2024-07-22 15:05:00,SENSOR_080,CO2,Barranquilla,Norte,1669.88,ppm,Critico,35.35,76.0,4G
7524,2024-01-13 21:22:00,SENSOR_056,CO2,Medellin,Occidente,1371.34,ppm,Critico,60.82,27.0,Ethernet
7525,2024-06-19 17:45:00,SENSOR_081,CO2,Cali,Norte,1574.45,ppm,Critico,20.42,82.0,Ethernet
7526,2024-04-23 01:51:00,SENSOR_017,PM2.5,Cartagena,Oriente,37.1,µg/m3,Alerta,13.66,58.0,LoRaWAN
7527,2024-09-20 21:57:00,SENSOR_030,Humedad,Barranquilla,Oriente,40.01,%,Normal,62.88,96.0,Ethernet
7528,2024-09-08 02:42:00,SENSOR_020,Ruido,Cartagena,Centro,66.36,dB,Normal,48.52,31.0,LoRaWAN
7529,2024-08-17 12:04:00,SENSOR_070,Humedad,Barranquilla,Norte,68.19,%,Normal,42.83,65.0,WiFi
7530,2024-11-02 18:29:00,SENSOR_043,CO2,Cali,Norte,1638.02,ppm,Critico,10.47,82.0,4G
7531,2024-05-29 14:08:00,SENSOR_081,Temperatura,Cartagena,Centro,31.3,°C,Alerta,53.6,34.0,WiFi
7532,2024-03-04 00:46:00,SENSOR_030,Temperatura,Barranquilla,Occidente,13.56,°C,Normal,37.3,54.0,4G
7533,2024-08-01 19:26:00,SENSOR_035,PM2.5,Bogota,Sur,25.51,µg/m3,Normal,84.25,27.0,Ethernet
7534,2024-07-24 14:28:00,SENSOR_039,Humedad,Bucaramanga,Norte,72.6,%,Normal,11.24,41.0,4G
7535,2024-11-20 16:36:00,SENSOR_042,PM2.5,Bogota,Occidente,85.68,µg/m3,Critico,80.96,85.0,Ethernet
7536,2024-01-06 17:46:00,SENSOR_099,CO2,Cali,Occidente,1210.92,ppm,Critico,52.31,39.0,Ethernet
7537,2024-03-17 11:05:00,SENSOR_078,Ruido,Bucaramanga,Occidente,39.78,dB,Normal,90.68,64.0,LoRaWAN
7538,2024-03-27 05:58:00,SENSOR_011,Ruido,Cartagena,Sur,73.51,dB,Alerta,59.44,77.0,WiFi
7539,2024-10-22 19:36:00,SENSOR_093,Temperatura,Bogota,Oriente,10.0,°C,Normal,46.64,51.0,WiFi
7540,2024-02-06 15:00:00,SENSOR_015,Ruido,Barranquilla,Sur,35.66,dB,Normal,22.84,32.0,4G
7541,2024-07-05 14:22:00,SENSOR_085,CO2,Medellin,Oriente,1587.02,ppm,Critico,85.45,68.0,LoRaWAN
7542,2024-08-06 13:22:00,SENSOR_019,PM2.5,Bogota,Occidente,50.05,µg/m3,Alerta,96.11,24.0,Ethernet
7543,2024-05-23 02:46:00,SENSOR_015,CO2,Cartagena,Centro,1733.64,ppm,Critico,20.1,,WiFi
7544,2024-03-06 15:20:00,SENSOR_051,CO2,Bucaramanga,Sur,1348.67,ppm,Critico,35.89,85.0,4G
7545,2024-08-03 09:19:00,SENSOR_002,CO2,Bucaramanga,Occidente,1142.42,ppm,Alerta,70.75,31.0,4G
7546,2024-08-31 07:57:00,SENSOR_100,Ruido,Medellin,Sur,52.7,dB,Normal,8.88,81.0,Ethernet
7547,2024-02-12 04:11:00,SENSOR_017,PM2.5,Cali,Norte,85.5,µg/m3,Critico,83.05,94.0,Ethernet
7548,2024-11-24 14:19:00,SENSOR_076,PM2.5,Bogota,Centro,25.77,µg/m3,Normal,94.62,21.0,Ethernet
7549,2024-09-22 08:27:00,SENSOR_065,CO2,Barranquilla,Norte,1355.9,ppm,Critico,30.26,93.0,4G
7550,2024-09-17 00:50:00,SENSOR_025,Ruido,Barranquilla,Sur,,dB,Sin_Dato,96.14,32.0,LoRaWAN
7551,2024-04-10 21:56:00,SENSOR_029,Temperatura,Barranquilla,Oriente,28.88,°C,Alerta,33.33,98.0,WiFi
7552,2024-04-18 01:20:00,SENSOR_046,PM2.5,Medellin,Oriente,118.5,µg/m3,Critico,30.44,44.0,WiFi
7553,2024-03-27 14:56:00,SENSOR_035,Humedad,Cali,Occidente,39.23,%,Alerta,77.87,83.0,Ethernet
7554,2024-02-15 02:08:00,SENSOR_068,CO2,Medellin,Occidente,714.06,ppm,Normal,35.65,99.0,LoRaWAN
7555,2024-03-07 09:34:00,SENSOR_082,CO2,Cali,Sur,584.04,ppm,Normal,56.3,74.0,LoRaWAN
7556,2024-09-29 10:22:00,SENSOR_012,Temperatura,Medellin,Occidente,33.87,°C,Critico,10.48,83.0,4G
7557,2024-01-24 00:02:00,SENSOR_038,Ruido,Cartagena,Centro,95.02,dB,Critico,23.43,35.0,Ethernet
7558,2024-01-02 08:14:00,SENSOR_095,Temperatura,Bucaramanga,Norte,14.37,°C,Normal,27.62,68.0,4G
7559,2024-07-26 03:35:00,SENSOR_008,PM2.5,Bucaramanga,Norte,100.15,µg/m3,Critico,96.65,82.0,LoRaWAN
7560,2024-09-19 23:12:00,SENSOR_030,Ruido,Cartagena,Oriente,69.0,dB,Normal,61.46,58.0,LoRaWAN
7561,2024-05-30 18:08:00,SENSOR_030,CO2,Bogota,Norte,1311.85,ppm,Critico,57.41,,4G
7562,2024-12-08 05:25:00,SENSOR_051,CO2,Medellin,Norte,1668.85,ppm,Critico,56.21,26.0,4G
7563,2024-08-16 23:02:00,SENSOR_003,CO2,Bucaramanga,Occidente,622.26,ppm,Normal,65.15,43.0,WiFi
7564,2024-11-10 09:00:00,SENSOR_062,Humedad,Barranquilla,Norte,80.79,%,Alerta,55.25,96.0,Ethernet
7565,2024-12-21 18:54:00,SENSOR_049,CO2,Bucaramanga,Centro,667.58,ppm,Normal,97.81,80.0,Ethernet
7566,2024-05-22 17:43:00,SENSOR_065,PM2.5,Bogota,Norte,47.29,µg/m3,Alerta,86.53,24.0,4G
7567,2024-07-17 23:00:00,SENSOR_076,CO2,Bogota,Norte,1746.54,ppm,Critico,62.08,88.0,WiFi
7568,2024-11-12 02:56:00,SENSOR_055,Temperatura,Cali,Centro,23.69,°C,Normal,61.4,48.0,WiFi
7569,2024-05-14 06:38:00,SENSOR_072,Humedad,Bucaramanga,Occidente,40.46,%,Normal,45.49,76.0,WiFi
7570,2024-08-11 21:54:00,SENSOR_055,Temperatura,Barranquilla,Oriente,29.11,°C,Alerta,44.01,30.0,4G
7571,2024-04-13 06:00:00,SENSOR_016,CO2,Cali,Oriente,1795.07,ppm,Critico,53.66,88.0,Ethernet
7572,2024-05-22 03:40:00,SENSOR_024,Temperatura,Medellin,Norte,34.45,°C,Critico,96.24,62.0,Ethernet
7573,2024-01-06 17:32:00,SENSOR_035,PM2.5,Bucaramanga,Occidente,23.26,µg/m3,Normal,17.14,76.0,Ethernet
7574,2024-02-07 13:59:00,SENSOR_048,Humedad,Barranquilla,Norte,63.4,%,Normal,44.38,34.0,Ethernet
7575,2024-10-08 05:54:00,SENSOR_089,Temperatura,Bogota,Occidente,21.7,°C,Normal,18.09,53.0,Ethernet
7576,2024-02-27 09:52:00,SENSOR_014,CO2,Barranquilla,Occidente,1482.48,ppm,Critico,24.09,76.0,Ethernet
7577,2024-06-08 10:06:00,SENSOR_080,CO2,Barranquilla,Sur,1416.91,ppm,Critico,45.2,61.0,LoRaWAN
7578,2024-04-24 13:41:00,SENSOR_060,Temperatura,Barranquilla,Oriente,24.06,°C,Normal,34.76,79.0,Ethernet
7579,2024-01-30 11:32:00,SENSOR_003,CO2,Bogota,Occidente,836.46,ppm,Alerta,64.43,24.0,4G
7580,2024-09-25 23:45:00,SENSOR_052,Temperatura,Bucaramanga,Oriente,20.41,°C,Normal,35.1,59.0,4G
7581,2024-04-28 04:00:00,SENSOR_089,Humedad,Medellin,Sur,55.43,%,Normal,97.83,76.0,4G
7582,2024-03-29 14:51:00,SENSOR_033,PM2.5,Medellin,Centro,119.79,µg/m3,Critico,9.77,29.0,4G
7583,2024-11-07 13:23:00,SENSOR_078,CO2,Bogota,Norte,1312.29,ppm,Critico,68.61,47.0,Ethernet
7584,2024-04-21 21:27:00,SENSOR_033,Temperatura,Barranquilla,Centro,17.46,°C,Normal,29.42,24.0,LoRaWAN
7585,2024-03-03 21:48:00,SENSOR_013,Temperatura,Medellin,Occidente,23.56,°C,Normal,57.79,80.0,Ethernet
7586,2024-04-18 23:29:00,SENSOR_036,Ruido,Barranquilla,Centro,96.09,dB,Critico,44.33,60.0,LoRaWAN
7587,2024-09-07 02:55:00,SENSOR_015,Temperatura,Bogota,Centro,11.58,°C,Normal,15.81,45.0,LoRaWAN
7588,2024-01-30 14:34:00,SENSOR_058,CO2,Cartagena,Centro,944.48,ppm,Alerta,42.72,82.0,LoRaWAN
7589,2024-05-16 14:23:00,SENSOR_034,CO2,Cartagena,Oriente,659.19,ppm,Normal,37.59,83.0,Ethernet
7590,2024-11-13 07:41:00,SENSOR_032,PM2.5,Medellin,Norte,54.06,µg/m3,Alerta,59.26,53.0,4G
7591,2024-04-22 19:07:00,SENSOR_036,Ruido,Cali,Centro,48.46,dB,Normal,95.61,74.0,Ethernet
7592,2024-12-05 16:39:00,SENSOR_047,Humedad,Medellin,Oriente,78.86,%,Normal,91.79,62.0,WiFi
7593,2024-02-13 23:15:00,SENSOR_057,Temperatura,Barranquilla,Occidente,22.11,°C,Normal,50.33,20.0,Ethernet
7594,2024-12-18 05:03:00,SENSOR_005,CO2,Medellin,Centro,1520.45,ppm,Critico,85.78,30.0,LoRaWAN
7595,2024-04-12 02:34:00,SENSOR_027,PM2.5,Cali,Oriente,19.14,µg/m3,Normal,36.66,61.0,LoRaWAN
7596,2024-05-17 02:46:00,SENSOR_012,Ruido,Bucaramanga,Centro,71.12,dB,Alerta,51.09,22.0,Ethernet
7597,2024-11-08 08:04:00,SENSOR_067,PM2.5,Barranquilla,Oriente,91.35,µg/m3,Critico,54.09,26.0,4G
7598,2024-08-22 09:32:00,SENSOR_100,Temperatura,Medellin,Occidente,,°C,Sin_Dato,11.02,76.0,WiFi
7599,2024-07-15 04:37:00,SENSOR_007,Humedad,Cali,Occidente,40.68,%,Normal,91.91,75.0,Ethernet
7600,2024-11-01 23:32:00,SENSOR_003,Temperatura,Bucaramanga,Sur,16.6,°C,Normal,55.06,74.0,Ethernet
7601,2024-05-26 13:43:00,SENSOR_067,Humedad,Bogota,Centro,42.54,%,Normal,49.79,78.0,WiFi
7602,2024-12-01 18:38:00,SENSOR_058,Ruido,Bucaramanga,Oriente,70.09,dB,Alerta,24.44,31.0,4G
7603,2024-12-21 22:29:00,SENSOR_066,Humedad,Cali,Sur,94.58,%,Critico,63.55,90.0,Ethernet
7604,2024-04-01 00:24:00,SENSOR_091,PM2.5,Bogota,Norte,36.25,µg/m3,Alerta,35.85,30.0,Ethernet
7605,2024-05-14 11:06:00,SENSOR_042,Temperatura,Cali,Occidente,22.79,°C,Normal,98.76,84.0,Ethernet
7606,2024-12-19 11:12:00,SENSOR_062,PM2.5,Barranquilla,Norte,113.81,µg/m3,Critico,46.04,29.0,WiFi
7607,2024-05-26 00:44:00,SENSOR_046,PM2.5,Medellin,Sur,113.8,µg/m3,Critico,63.4,84.0,WiFi
7608,2024-02-08 02:34:00,SENSOR_004,Humedad,Cartagena,Oriente,32.68,%,Alerta,59.41,71.0,4G
7609,2024-05-23 19:35:00,SENSOR_094,Ruido,Bogota,Oriente,57.54,dB,Normal,48.0,60.0,WiFi
7610,2024-03-07 12:04:00,SENSOR_005,Temperatura,Medellin,Occidente,,°C,Sin_Dato,61.73,80.0,4G
7611,2024-01-06 07:31:00,SENSOR_016,CO2,Cartagena,Norte,1607.71,ppm,Critico,58.05,55.0,4G
7612,2024-04-20 16:47:00,SENSOR_023,Temperatura,Cali,Oriente,34.91,°C,Critico,35.28,40.0,LoRaWAN
7613,2024-07-25 20:12:00,SENSOR_072,PM2.5,Cartagena,Sur,88.56,µg/m3,Critico,97.3,97.0,WiFi
7614,2024-04-01 20:02:00,SENSOR_016,Ruido,Medellin,Occidente,87.31,dB,Critico,88.93,89.0,4G
7615,2024-08-10 22:58:00,SENSOR_093,CO2,Cartagena,Oriente,1035.46,ppm,Alerta,18.71,21.0,LoRaWAN
7616,2024-04-25 01:38:00,SENSOR_037,Humedad,Bogota,Occidente,54.84,%,Normal,16.6,58.0,4G
7617,2024-05-30 06:53:00,SENSOR_082,Temperatura,Bucaramanga,Norte,10.83,°C,Normal,21.53,30.0,4G
7618,2024-02-04 04:42:00,SENSOR_034,CO2,Bogota,Centro,1669.75,ppm,Critico,25.6,70.0,Ethernet
7619,2024-05-27 12:35:00,SENSOR_003,Temperatura,Bogota,Occidente,33.43,°C,Critico,63.6,29.0,LoRaWAN
7620,2024-09-15 22:11:00,SENSOR_028,PM2.5,Bogota,Occidente,119.34,µg/m3,Critico,42.16,93.0,LoRaWAN
7621,2024-09-07 01:03:00,SENSOR_099,Ruido,Medellin,Norte,41.81,dB,Normal,,29.0,Ethernet
7622,2024-08-31 21:25:00,SENSOR_035,CO2,Medellin,Occidente,1737.5,ppm,Critico,26.4,73.0,4G
7623,2024-06-16 23:48:00,SENSOR_062,Humedad,Barranquilla,Oriente,93.18,%,Critico,20.52,46.0,LoRaWAN
7624,2024-05-30 19:53:00,SENSOR_043,Ruido,Medellin,Norte,52.02,dB,Normal,8.55,72.0,WiFi
7625,2024-10-23 13:04:00,SENSOR_041,PM2.5,Cali,Sur,105.96,µg/m3,Critico,31.99,28.0,Ethernet
7626,2024-11-09 20:50:00,SENSOR_039,PM2.5,Medellin,Sur,60.24,µg/m3,Alerta,55.47,80.0,Ethernet
7627,2024-02-24 01:13:00,SENSOR_001,PM2.5,Bogota,Sur,66.87,µg/m3,Alerta,89.33,25.0,Ethernet
7628,2024-01-29 04:36:00,SENSOR_071,Humedad,Bucaramanga,Centro,69.94,%,Normal,96.98,26.0,4G
7629,2024-01-01 15:26:00,SENSOR_067,Ruido,Medellin,Centro,95.25,dB,Critico,96.58,86.0,4G
7630,2024-10-24 20:37:00,SENSOR_067,PM2.5,Cali,Oriente,88.35,µg/m3,Critico,76.7,,4G
7631,2024-06-05 16:42:00,SENSOR_097,PM2.5,Cartagena,Occidente,14.59,µg/m3,Normal,45.87,80.0,LoRaWAN
7632,2024-01-04 21:31:00,SENSOR_039,CO2,Cali,Oriente,614.07,ppm,Normal,52.23,79.0,WiFi
7633,2024-05-16 10:17:00,SENSOR_070,Humedad,Medellin,Oriente,32.98,%,Alerta,90.84,85.0,LoRaWAN
7634,2024-06-13 05:27:00,SENSOR_062,Ruido,Bucaramanga,Sur,60.36,dB,Normal,32.39,63.0,WiFi
7635,2024-01-27 19:30:00,SENSOR_092,Humedad,Cali,Occidente,85.61,%,Alerta,84.98,27.0,LoRaWAN
7636,2024-08-05 22:50:00,SENSOR_018,PM2.5,Cali,Centro,79.6,µg/m3,Critico,81.57,22.0,Ethernet
7637,2024-12-08 18:38:00,SENSOR_066,Humedad,Cartagena,Sur,94.44,%,Critico,77.42,,WiFi
7638,2024-02-28 00:57:00,SENSOR_038,Humedad,Cartagena,Occidente,32.89,%,Alerta,45.31,87.0,Ethernet
7639,2024-01-26 16:27:00,SENSOR_042,Humedad,Cartagena,Oriente,,%,Sin_Dato,71.22,82.0,WiFi
7640,2024-02-05 04:21:00,SENSOR_069,Temperatura,Barranquilla,Occidente,19.29,°C,Normal,88.16,21.0,4G
7641,2024-03-12 07:10:00,SENSOR_053,Ruido,Cartagena,Occidente,40.0,dB,Normal,73.96,45.0,WiFi
7642,2024-10-19 18:37:00,SENSOR_047,Humedad,Bogota,Sur,43.79,%,Normal,96.23,99.0,4G
7643,2024-08-11 08:33:00,SENSOR_002,CO2,Bucaramanga,Sur,1118.7,ppm,Alerta,20.4,97.0,LoRaWAN
7644,2024-03-18 19:54:00,SENSOR_078,CO2,Bucaramanga,Norte,461.67,ppm,Normal,91.53,86.0,LoRaWAN
7645,2024-05-29 16:56:00,SENSOR_031,Temperatura,Medellin,Norte,18.69,°C,Normal,97.86,87.0,Ethernet
7646,2024-12-20 01:53:00,SENSOR_006,CO2,Cartagena,Oriente,878.05,ppm,Alerta,10.63,68.0,WiFi
7647,2024-07-14 11:28:00,SENSOR_028,Humedad,Cali,Oriente,94.23,%,Critico,,43.0,WiFi
7648,2024-03-20 16:29:00,SENSOR_016,PM2.5,Cali,Centro,93.49,µg/m3,Critico,33.04,85.0,Ethernet
7649,2024-03-06 09:55:00,SENSOR_082,Temperatura,Bogota,Sur,18.98,°C,Normal,97.08,64.0,Ethernet
7650,2024-07-16 18:36:00,SENSOR_012,Ruido,Cali,Sur,50.72,dB,Normal,91.65,60.0,Ethernet
7651,2024-10-07 23:01:00,SENSOR_062,Humedad,Bogota,Oriente,84.66,%,Alerta,58.47,45.0,WiFi
7652,2024-03-01 03:32:00,SENSOR_074,Ruido,Bucaramanga,Sur,58.97,dB,Normal,66.72,61.0,4G
7653,2024-12-05 19:29:00,SENSOR_007,Ruido,Bucaramanga,Sur,48.81,dB,Normal,84.3,94.0,Ethernet
7654,2024-04-19 20:55:00,SENSOR_053,Humedad,Bogota,Occidente,80.04,%,Alerta,67.76,97.0,4G
7655,2024-01-28 10:31:00,SENSOR_057,Temperatura,Barranquilla,Sur,18.34,°C,Normal,79.17,59.0,WiFi
7656,2024-07-10 06:50:00,SENSOR_016,CO2,Bucaramanga,Sur,,ppm,Sin_Dato,66.41,32.0,LoRaWAN
7657,2024-09-16 21:57:00,SENSOR_098,Temperatura,Cartagena,Norte,19.29,°C,Normal,70.9,76.0,LoRaWAN
7658,2024-03-04 02:00:00,SENSOR_052,Ruido,Cali,Sur,91.69,dB,Critico,33.81,45.0,Ethernet
7659,2024-10-02 20:26:00,SENSOR_021,PM2.5,Bogota,Centro,85.15,µg/m3,Critico,51.37,65.0,LoRaWAN
7660,2024-05-01 18:48:00,SENSOR_006,PM2.5,Cartagena,Sur,31.92,µg/m3,Normal,71.56,62.0,WiFi
7661,2024-01-10 05:33:00,SENSOR_036,Temperatura,Bucaramanga,Oriente,27.47,°C,Normal,54.56,100.0,Ethernet
7662,2024-05-07 19:17:00,SENSOR_049,PM2.5,Medellin,Norte,35.76,µg/m3,Alerta,13.41,25.0,WiFi
7663,2024-12-03 00:27:00,SENSOR_036,Temperatura,Cartagena,Oriente,27.53,°C,Normal,17.18,54.0,WiFi
7664,2024-09-05 15:28:00,SENSOR_003,Ruido,Cartagena,Centro,66.2,dB,Normal,24.17,91.0,Ethernet
7665,2024-08-16 21:15:00,SENSOR_014,Humedad,Bucaramanga,Occidente,71.92,%,Normal,78.67,66.0,4G
7666,2024-11-30 23:15:00,SENSOR_038,Temperatura,Barranquilla,Oriente,17.02,°C,Normal,47.89,48.0,Ethernet
7667,2024-11-29 07:46:00,SENSOR_082,CO2,Barranquilla,Centro,1441.41,ppm,Critico,21.93,20.0,Ethernet
7668,2024-01-04 07:28:00,SENSOR_069,Temperatura,Cartagena,Occidente,10.44,°C,Normal,53.02,46.0,LoRaWAN
7669,2024-08-15 16:39:00,SENSOR_097,Humedad,Barranquilla,Norte,85.02,%,Alerta,91.1,83.0,WiFi
7670,2024-04-10 04:06:00,SENSOR_018,CO2,Bogota,Norte,1503.44,ppm,Critico,78.67,33.0,Ethernet
7671,2024-03-21 18:51:00,SENSOR_085,PM2.5,Bucaramanga,Oriente,35.8,µg/m3,Alerta,53.08,23.0,Ethernet
7672,2024-07-18 23:13:00,SENSOR_012,PM2.5,Medellin,Occidente,84.39,µg/m3,Critico,29.68,38.0,Ethernet
7673,2024-07-12 07:48:00,SENSOR_027,Ruido,Barranquilla,Sur,45.03,dB,Normal,11.82,76.0,WiFi
7674,2024-06-21 20:49:00,SENSOR_079,PM2.5,Bucaramanga,Centro,64.48,µg/m3,Alerta,46.33,36.0,LoRaWAN
7675,2024-02-22 19:19:00,SENSOR_049,Ruido,Cali,Oriente,68.01,dB,Normal,45.77,61.0,Ethernet
7676,2024-02-18 09:30:00,SENSOR_002,Temperatura,Bucaramanga,Norte,32.52,°C,Critico,45.55,46.0,4G
7677,2024-06-08 14:49:00,SENSOR_094,Humedad,Medellin,Centro,57.2,%,Normal,40.63,83.0,4G
7678,2024-11-15 00:31:00,SENSOR_074,PM2.5,Cartagena,Occidente,,µg/m3,Sin_Dato,,58.0,4G
7679,2024-07-21 16:14:00,SENSOR_072,CO2,Cali,Centro,866.46,ppm,Alerta,57.37,36.0,4G
7680,2024-02-16 19:33:00,SENSOR_022,CO2,Cali,Occidente,1692.78,ppm,Critico,58.92,62.0,4G
7681,2024-11-02 10:45:00,SENSOR_014,Humedad,Cali,Sur,73.5,%,Normal,90.92,95.0,LoRaWAN
7682,2024-05-12 08:00:00,SENSOR_058,Humedad,Bucaramanga,Occidente,34.0,%,Alerta,71.43,65.0,WiFi
7683,2024-07-27 12:09:00,SENSOR_056,PM2.5,Barranquilla,Norte,65.96,µg/m3,Alerta,44.23,90.0,Ethernet
7684,2024-10-12 01:53:00,SENSOR_026,CO2,Barranquilla,Centro,1029.16,ppm,Alerta,46.98,75.0,Ethernet
7685,2024-05-02 23:09:00,SENSOR_089,CO2,Bogota,Norte,868.86,ppm,Alerta,30.94,82.0,LoRaWAN
7686,2024-09-10 08:19:00,SENSOR_007,Ruido,Bogota,Sur,91.35,dB,Critico,39.69,98.0,Ethernet
7687,2024-10-23 07:57:00,SENSOR_016,PM2.5,Barranquilla,Oriente,51.66,µg/m3,Alerta,89.35,29.0,4G
7688,2024-02-18 15:28:00,SENSOR_001,Temperatura,Cartagena,Oriente,19.92,°C,Normal,89.15,70.0,LoRaWAN
7689,2024-10-02 16:32:00,SENSOR_071,Humedad,Bogota,Norte,44.84,%,Normal,15.06,34.0,WiFi
7690,2024-06-19 06:11:00,SENSOR_051,Ruido,Medellin,Centro,46.74,dB,Normal,5.47,49.0,LoRaWAN
7691,2024-12-12 12:54:00,SENSOR_072,Ruido,Cali,Centro,,dB,Sin_Dato,50.74,66.0,WiFi
7692,2024-10-25 03:19:00,SENSOR_047,CO2,Cartagena,Centro,1148.03,ppm,Alerta,49.96,67.0,LoRaWAN
7693,2024-05-10 09:45:00,SENSOR_049,Ruido,Barranquilla,Oriente,80.26,dB,Alerta,94.18,21.0,WiFi
7694,2024-02-07 13:58:00,SENSOR_059,CO2,Cartagena,Occidente,416.08,ppm,Normal,68.53,86.0,WiFi
7695,2024-01-23 06:06:00,SENSOR_033,Temperatura,Barranquilla,Centro,19.99,°C,Normal,80.84,58.0,LoRaWAN
7696,2024-08-29 11:50:00,SENSOR_029,Temperatura,Medellin,Norte,30.93,°C,Alerta,85.87,71.0,Ethernet
7697,2024-03-09 22:50:00,SENSOR_097,PM2.5,Bucaramanga,Sur,26.61,µg/m3,Normal,67.72,55.0,4G
7698,2024-10-15 13:04:00,SENSOR_093,PM2.5,Medellin,Centro,48.65,µg/m3,Alerta,62.46,49.0,4G
7699,2024-12-06 10:41:00,SENSOR_089,CO2,Medellin,Oriente,725.89,ppm,Normal,14.03,56.0,Ethernet
7700,2024-02-16 14:20:00,SENSOR_055,Ruido,Cartagena,Occidente,57.73,dB,Normal,42.42,68.0,Ethernet
7701,2024-07-15 04:02:00,SENSOR_018,Temperatura,Bogota,Oriente,,°C,Sin_Dato,80.11,92.0,LoRaWAN
7702,2024-12-02 05:22:00,SENSOR_091,PM2.5,Cali,Oriente,12.25,µg/m3,Normal,67.31,72.0,4G
7703,2024-10-13 01:14:00,SENSOR_005,PM2.5,Medellin,Centro,19.4,µg/m3,Normal,57.62,26.0,LoRaWAN
7704,2024-07-18 09:28:00,SENSOR_001,PM2.5,Barranquilla,Occidente,115.24,µg/m3,Critico,38.24,27.0,Ethernet
7705,2024-03-26 01:19:00,SENSOR_072,Ruido,Cali,Centro,75.74,dB,Alerta,9.49,77.0,WiFi
7706,2024-08-18 12:49:00,SENSOR_068,Temperatura,Bogota,Sur,23.47,°C,Normal,95.34,38.0,LoRaWAN
7707,2024-11-20 13:59:00,SENSOR_046,PM2.5,Barranquilla,Oriente,,µg/m3,Sin_Dato,21.22,53.0,LoRaWAN
7708,2024-02-04 13:30:00,SENSOR_082,PM2.5,Barranquilla,Sur,36.35,µg/m3,Alerta,87.85,28.0,Ethernet
7709,2024-09-05 12:22:00,SENSOR_059,PM2.5,Cali,Norte,51.27,µg/m3,Alerta,11.03,90.0,4G
7710,2024-09-22 03:11:00,SENSOR_066,PM2.5,Bogota,Norte,43.08,µg/m3,Alerta,95.11,41.0,WiFi
7711,2024-10-14 06:48:00,SENSOR_059,Ruido,Barranquilla,Norte,59.44,dB,Normal,85.1,20.0,WiFi
7712,2024-02-22 13:00:00,SENSOR_018,CO2,Cartagena,Norte,1227.52,ppm,Critico,67.77,28.0,WiFi
7713,2024-06-07 06:18:00,SENSOR_089,PM2.5,Bucaramanga,Centro,5.76,µg/m3,Normal,52.08,93.0,LoRaWAN
7714,2024-02-17 06:50:00,SENSOR_079,Humedad,Bucaramanga,Sur,50.16,%,Normal,10.79,98.0,Ethernet
7715,2024-12-07 00:14:00,SENSOR_056,Ruido,Cartagena,Occidente,91.19,dB,Critico,10.55,48.0,LoRaWAN
7716,2024-03-24 17:39:00,SENSOR_075,Temperatura,Cali,Centro,,°C,Sin_Dato,71.3,69.0,4G
7717,2024-09-14 05:56:00,SENSOR_035,PM2.5,Bogota,Occidente,25.13,µg/m3,Normal,61.96,96.0,4G
7718,2024-11-06 11:15:00,SENSOR_098,CO2,Cali,Occidente,651.17,ppm,Normal,43.66,45.0,Ethernet
7719,2024-11-25 21:18:00,SENSOR_010,PM2.5,Cali,Oriente,31.51,µg/m3,Normal,23.52,37.0,Ethernet
7720,2024-04-07 11:01:00,SENSOR_096,PM2.5,Bogota,Oriente,24.25,µg/m3,Normal,68.97,54.0,LoRaWAN
7721,2024-11-23 10:17:00,SENSOR_093,CO2,Barranquilla,Occidente,885.7,ppm,Alerta,27.78,80.0,4G
7722,2024-10-02 16:40:00,SENSOR_007,PM2.5,Cali,Sur,76.83,µg/m3,Critico,19.21,87.0,WiFi
7723,2024-06-15 21:25:00,SENSOR_075,PM2.5,Barranquilla,Centro,94.84,µg/m3,Critico,,50.0,LoRaWAN
7724,2024-04-14 18:32:00,SENSOR_032,CO2,Cali,Occidente,1427.89,ppm,Critico,29.77,81.0,Ethernet
7725,2024-12-27 23:14:00,SENSOR_081,PM2.5,Medellin,Oriente,41.37,µg/m3,Alerta,83.18,65.0,4G
7726,2024-07-22 16:16:00,SENSOR_031,CO2,Bogota,Sur,1531.48,ppm,Critico,44.77,40.0,4G
7727,2024-01-29 18:10:00,SENSOR_030,PM2.5,Cartagena,Sur,45.6,µg/m3,Alerta,79.43,88.0,LoRaWAN
7728,2024-08-02 07:44:00,SENSOR_032,Humedad,Bucaramanga,Occidente,57.62,%,Normal,79.83,63.0,4G
7729,2024-08-30 17:58:00,SENSOR_024,PM2.5,Bogota,Sur,85.05,µg/m3,Critico,36.72,83.0,Ethernet
7730,2024-01-18 16:54:00,SENSOR_023,Temperatura,Cali,Sur,11.91,°C,Normal,32.42,26.0,LoRaWAN
7731,2024-07-16 10:18:00,SENSOR_068,Humedad,Cartagena,Centro,40.67,%,Normal,51.75,76.0,LoRaWAN
7732,2024-08-04 08:49:00,SENSOR_010,Temperatura,Barranquilla,Sur,23.94,°C,Normal,57.89,26.0,Ethernet
7733,2024-07-02 01:08:00,SENSOR_069,PM2.5,Cali,Norte,57.96,µg/m3,Alerta,32.11,89.0,4G
7734,2024-05-04 05:13:00,SENSOR_040,Temperatura,Bucaramanga,Norte,12.28,°C,Normal,85.64,37.0,LoRaWAN
7735,2024-06-11 05:11:00,SENSOR_076,CO2,Cali,Norte,574.28,ppm,Normal,47.46,30.0,WiFi
7736,2024-05-11 14:39:00,SENSOR_014,CO2,Medellin,Occidente,475.53,ppm,Normal,24.15,97.0,Ethernet
7737,2024-11-09 20:20:00,SENSOR_023,Temperatura,Barranquilla,Norte,18.3,°C,Normal,34.04,98.0,4G
7738,2024-07-13 10:26:00,SENSOR_088,PM2.5,Bucaramanga,Sur,28.69,µg/m3,Normal,16.92,89.0,WiFi
7739,2024-10-03 11:47:00,SENSOR_082,PM2.5,Medellin,Centro,23.89,µg/m3,Normal,39.4,65.0,4G
7740,2024-06-08 02:22:00,SENSOR_007,Temperatura,Cali,Sur,14.03,°C,Normal,46.39,24.0,Ethernet
7741,2024-07-17 06:59:00,SENSOR_012,PM2.5,Medellin,Sur,49.69,µg/m3,Alerta,70.15,28.0,WiFi
7742,2024-03-18 16:50:00,SENSOR_100,Temperatura,Medellin,Occidente,30.58,°C,Alerta,18.79,34.0,WiFi
7743,2024-03-05 13:25:00,SENSOR_058,Humedad,Barranquilla,Norte,72.58,%,Normal,27.16,,WiFi
7744,2024-03-30 02:03:00,SENSOR_031,Temperatura,Bogota,Oriente,21.96,°C,Normal,26.95,29.0,4G
7745,2024-07-11 18:33:00,SENSOR_058,Temperatura,Cartagena,Norte,24.31,°C,Normal,18.8,83.0,WiFi
7746,2024-12-16 08:27:00,SENSOR_011,Ruido,Cartagena,Sur,,dB,Sin_Dato,49.76,99.0,WiFi
7747,2024-09-22 15:06:00,SENSOR_091,Temperatura,Medellin,Norte,10.74,°C,Normal,26.79,66.0,LoRaWAN
7748,2024-05-22 05:30:00,SENSOR_098,Ruido,Bogota,Centro,40.52,dB,Normal,52.65,72.0,LoRaWAN
7749,2024-01-27 08:47:00,SENSOR_033,Humedad,Cartagena,Oriente,51.63,%,Normal,56.33,84.0,4G
7750,2024-01-05 18:14:00,SENSOR_027,PM2.5,Bogota,Centro,107.28,µg/m3,Critico,60.18,69.0,Ethernet
7751,2024-11-11 16:30:00,SENSOR_044,PM2.5,Barranquilla,Centro,106.24,µg/m3,Critico,95.94,86.0,WiFi
7752,2024-02-07 09:02:00,SENSOR_079,Humedad,Bogota,Sur,62.97,%,Normal,57.16,51.0,Ethernet
7753,2024-12-18 20:42:00,SENSOR_021,CO2,Bucaramanga,Sur,1086.75,ppm,Alerta,26.84,38.0,4G
7754,2024-07-27 19:11:00,SENSOR_045,PM2.5,Cartagena,Occidente,22.9,µg/m3,Normal,80.92,74.0,4G
7755,2024-03-16 21:41:00,SENSOR_053,PM2.5,Barranquilla,Oriente,45.77,µg/m3,Alerta,85.07,,Ethernet
7756,2024-03-24 23:41:00,SENSOR_058,PM2.5,Bucaramanga,Norte,,µg/m3,Sin_Dato,31.14,36.0,WiFi
7757,2024-07-22 16:25:00,SENSOR_074,Temperatura,Cali,Occidente,31.01,°C,Alerta,95.07,94.0,Ethernet
7758,2024-06-17 18:31:00,SENSOR_012,Ruido,Cartagena,Occidente,75.69,dB,Alerta,61.62,42.0,4G
7759,2024-09-10 03:20:00,SENSOR_015,Temperatura,Cartagena,Oriente,19.28,°C,Normal,10.77,22.0,LoRaWAN
7760,2024-09-15 02:09:00,SENSOR_065,Ruido,Bogota,Sur,79.23,dB,Alerta,40.09,63.0,4G
7761,2024-01-31 04:26:00,SENSOR_075,PM2.5,Bogota,Sur,36.0,µg/m3,Alerta,17.58,32.0,WiFi
7762,2024-07-06 00:44:00,SENSOR_013,Temperatura,Barranquilla,Centro,25.23,°C,Normal,98.74,70.0,4G
7763,2024-08-20 19:22:00,SENSOR_072,CO2,Cali,Centro,,ppm,Sin_Dato,24.25,76.0,4G
7764,2024-05-07 02:04:00,SENSOR_050,Temperatura,Bogota,Occidente,23.39,°C,Normal,78.13,67.0,Ethernet
7765,2024-08-28 06:43:00,SENSOR_052,CO2,Bucaramanga,Sur,936.26,ppm,Alerta,17.29,68.0,4G
7766,2024-10-03 14:50:00,SENSOR_097,PM2.5,Cartagena,Sur,,µg/m3,Sin_Dato,,90.0,WiFi
7767,2024-10-23 04:01:00,SENSOR_072,CO2,Cali,Occidente,923.57,ppm,Alerta,66.9,75.0,4G
7768,2024-05-26 17:54:00,SENSOR_014,Humedad,Cartagena,Oriente,44.72,%,Normal,72.59,85.0,4G
7769,2024-12-17 14:38:00,SENSOR_064,CO2,Bucaramanga,Centro,824.83,ppm,Alerta,67.12,63.0,4G
7770,2024-02-08 13:16:00,SENSOR_031,PM2.5,Bogota,Oriente,53.42,µg/m3,Alerta,40.03,34.0,LoRaWAN
7771,2024-08-23 16:11:00,SENSOR_014,Humedad,Cartagena,Oriente,36.97,%,Alerta,97.41,56.0,4G
7772,2024-07-31 11:09:00,SENSOR_044,Temperatura,Cartagena,Norte,27.87,°C,Normal,32.84,27.0,4G
7773,2024-07-23 02:28:00,SENSOR_054,PM2.5,Medellin,Norte,25.79,µg/m3,Normal,57.48,47.0,LoRaWAN
7774,2024-06-17 23:47:00,SENSOR_084,Temperatura,Cartagena,Sur,15.88,°C,Normal,12.0,66.0,Ethernet
7775,2024-09-06 23:22:00,SENSOR_071,PM2.5,Bucaramanga,Norte,116.21,µg/m3,Critico,14.05,55.0,Ethernet
7776,2024-10-17 20:13:00,SENSOR_009,Humedad,Bogota,Sur,86.53,%,Alerta,51.45,50.0,WiFi
7777,2024-01-04 22:23:00,SENSOR_060,CO2,Cali,Centro,1391.72,ppm,Critico,75.63,93.0,Ethernet
7778,2024-01-05 09:40:00,SENSOR_035,PM2.5,Bucaramanga,Norte,74.39,µg/m3,Alerta,77.83,84.0,4G
7779,2024-02-03 03:22:00,SENSOR_015,Ruido,Barranquilla,Centro,96.15,dB,Critico,41.51,30.0,4G
7780,2024-09-07 04:26:00,SENSOR_094,Ruido,Barranquilla,Oriente,87.38,dB,Critico,58.96,95.0,4G
7781,2024-03-28 05:34:00,SENSOR_065,Ruido,Medellin,Centro,,dB,Sin_Dato,33.53,64.0,WiFi
7782,2024-11-23 22:27:00,SENSOR_071,PM2.5,Bucaramanga,Norte,66.58,µg/m3,Alerta,48.86,71.0,Ethernet
7783,2024-09-08 01:32:00,SENSOR_006,CO2,Medellin,Sur,1140.76,ppm,Alerta,66.13,40.0,LoRaWAN
7784,2024-08-30 22:57:00,SENSOR_064,Ruido,Cali,Occidente,84.43,dB,Alerta,83.48,70.0,Ethernet
7785,2024-02-01 10:40:00,SENSOR_040,Temperatura,Medellin,Norte,17.01,°C,Normal,54.64,48.0,Ethernet
7786,2024-01-25 16:06:00,SENSOR_091,Temperatura,Medellin,Sur,16.49,°C,Normal,15.68,93.0,Ethernet
7787,2024-08-24 18:22:00,SENSOR_076,Ruido,Medellin,Occidente,63.25,dB,Normal,15.92,30.0,Ethernet
7788,2024-10-14 06:52:00,SENSOR_072,Temperatura,Barranquilla,Centro,26.19,°C,Normal,36.0,,WiFi
7789,2024-03-15 07:16:00,SENSOR_069,CO2,Cali,Norte,936.04,ppm,Alerta,,82.0,LoRaWAN
7790,2024-04-08 13:41:00,SENSOR_009,Ruido,Cartagena,Centro,58.28,dB,Normal,31.75,26.0,Ethernet
7791,2024-09-06 20:32:00,SENSOR_081,Ruido,Cartagena,Centro,61.55,dB,Normal,34.53,26.0,Ethernet
7792,2024-04-04 18:15:00,SENSOR_004,Humedad,Medellin,Norte,80.55,%,Alerta,72.49,77.0,4G
7793,2024-04-24 03:54:00,SENSOR_066,Ruido,Cali,Occidente,42.48,dB,Normal,38.5,59.0,Ethernet
7794,2024-02-08 08:08:00,SENSOR_038,Ruido,Cartagena,Occidente,80.78,dB,Alerta,,36.0,WiFi
7795,2024-10-07 15:10:00,SENSOR_089,Temperatura,Cartagena,Norte,33.32,°C,Critico,62.25,81.0,LoRaWAN
7796,2024-06-21 09:31:00,SENSOR_005,Ruido,Barranquilla,Centro,64.63,dB,Normal,62.92,52.0,LoRaWAN
7797,2024-03-04 13:13:00,SENSOR_085,Temperatura,Barranquilla,Oriente,15.06,°C,Normal,53.47,51.0,WiFi
7798,2024-03-18 18:56:00,SENSOR_043,Humedad,Cartagena,Sur,32.83,%,Alerta,10.97,90.0,Ethernet
7799,2024-07-26 18:58:00,SENSOR_024,CO2,Medellin,Oriente,1656.96,ppm,Critico,36.08,34.0,LoRaWAN
7800,2024-06-14 19:18:00,SENSOR_076,Temperatura,Cartagena,Sur,17.63,°C,Normal,54.45,54.0,WiFi
7801,2024-03-22 10:24:00,SENSOR_079,Ruido,Medellin,Oriente,98.08,dB,Critico,42.12,40.0,LoRaWAN
7802,2024-01-22 05:04:00,SENSOR_082,CO2,Cartagena,Occidente,1391.85,ppm,Critico,34.04,94.0,WiFi
7803,2024-07-04 11:39:00,SENSOR_025,CO2,Bogota,Centro,911.46,ppm,Alerta,73.27,95.0,LoRaWAN
7804,2024-11-17 08:50:00,SENSOR_042,Temperatura,Cartagena,Sur,18.48,°C,Normal,15.43,,4G
7805,2024-08-25 14:00:00,SENSOR_035,Temperatura,Barranquilla,Sur,33.96,°C,Critico,6.96,43.0,LoRaWAN
7806,2024-12-08 02:55:00,SENSOR_038,PM2.5,Cartagena,Oriente,23.63,µg/m3,Normal,,87.0,4G
7807,2024-09-25 12:32:00,SENSOR_060,PM2.5,Bucaramanga,Norte,108.2,µg/m3,Critico,25.0,43.0,Ethernet
7808,2024-02-07 23:05:00,SENSOR_067,CO2,Barranquilla,Norte,1574.21,ppm,Critico,,27.0,4G
7809,2024-08-26 15:43:00,SENSOR_094,PM2.5,Barranquilla,Norte,56.72,µg/m3,Alerta,47.53,45.0,LoRaWAN
7810,2024-02-22 16:42:00,SENSOR_058,Temperatura,Barranquilla,Norte,16.37,°C,Normal,41.1,54.0,Ethernet
7811,2024-10-12 18:17:00,SENSOR_096,Ruido,Bucaramanga,Norte,39.14,dB,Normal,9.5,43.0,Ethernet
7812,2024-09-07 17:13:00,SENSOR_032,Humedad,Bucaramanga,Norte,85.75,%,Alerta,9.83,66.0,4G
7813,2024-06-24 17:46:00,SENSOR_032,CO2,Cali,Sur,1288.77,ppm,Critico,41.1,24.0,WiFi
7814,2024-06-22 18:39:00,SENSOR_026,CO2,Barranquilla,Sur,945.35,ppm,Alerta,97.01,48.0,4G
7815,2024-12-27 21:37:00,SENSOR_054,CO2,Medellin,Occidente,1074.09,ppm,Alerta,30.88,47.0,Ethernet
7816,2024-02-08 18:09:00,SENSOR_036,CO2,Barranquilla,Occidente,585.66,ppm,Normal,96.92,52.0,4G
7817,2024-10-24 14:55:00,SENSOR_049,Humedad,Bogota,Centro,63.1,%,Normal,88.42,55.0,LoRaWAN
7818,2024-12-25 05:45:00,SENSOR_060,Temperatura,Barranquilla,Sur,25.74,°C,Normal,38.38,98.0,WiFi
7819,2024-02-14 20:38:00,SENSOR_010,PM2.5,Bogota,Centro,43.48,µg/m3,Alerta,,62.0,4G
7820,2024-02-01 19:28:00,SENSOR_069,Temperatura,Medellin,Centro,11.75,°C,Normal,92.97,83.0,WiFi
7821,2024-12-30 01:19:00,SENSOR_039,Humedad,Cali,Oriente,71.06,%,Normal,47.28,90.0,4G
7822,2024-02-14 06:37:00,SENSOR_005,Temperatura,Cartagena,Norte,15.75,°C,Normal,64.69,39.0,4G
7823,2024-04-16 17:17:00,SENSOR_058,Temperatura,Cali,Norte,32.38,°C,Critico,71.12,29.0,WiFi
7824,2024-09-16 00:53:00,SENSOR_089,PM2.5,Bogota,Centro,24.43,µg/m3,Normal,13.61,89.0,4G
7825,2024-02-04 17:21:00,SENSOR_065,PM2.5,Medellin,Norte,29.69,µg/m3,Normal,18.69,52.0,4G
7826,2024-07-03 04:47:00,SENSOR_002,Ruido,Bogota,Centro,46.0,dB,Normal,31.75,81.0,4G
7827,2024-05-26 00:21:00,SENSOR_099,Ruido,Medellin,Norte,37.61,dB,Normal,74.73,22.0,LoRaWAN
7828,2024-10-23 20:58:00,SENSOR_003,CO2,Cali,Norte,768.52,ppm,Normal,33.03,76.0,WiFi
7829,2024-01-13 21:55:00,SENSOR_005,CO2,Medellin,Oriente,1136.88,ppm,Alerta,44.3,83.0,WiFi
7830,2024-03-28 19:02:00,SENSOR_056,Temperatura,Cali,Occidente,33.07,°C,Critico,56.47,92.0,Ethernet
7831,2024-10-03 04:58:00,SENSOR_043,Ruido,Medellin,Oriente,98.27,dB,Critico,9.72,89.0,Ethernet
7832,2024-04-04 03:19:00,SENSOR_060,Humedad,Cali,Oriente,92.43,%,Critico,69.13,45.0,WiFi
7833,2024-06-12 00:42:00,SENSOR_032,Temperatura,Cartagena,Oriente,13.93,°C,Normal,31.92,37.0,4G
7834,2024-04-29 13:55:00,SENSOR_018,CO2,Cali,Sur,1504.52,ppm,Critico,63.79,45.0,4G
7835,2024-10-03 03:30:00,SENSOR_053,PM2.5,Cartagena,Centro,105.0,µg/m3,Critico,96.93,,LoRaWAN
7836,2024-03-08 01:08:00,SENSOR_041,PM2.5,Barranquilla,Occidente,36.07,µg/m3,Alerta,70.52,59.0,Ethernet
7837,2024-03-18 13:01:00,SENSOR_093,CO2,Bucaramanga,Oriente,1158.43,ppm,Alerta,53.48,59.0,4G
7838,2024-01-15 03:43:00,SENSOR_077,PM2.5,Cartagena,Occidente,68.28,µg/m3,Alerta,9.95,57.0,WiFi
7839,2024-05-26 13:26:00,SENSOR_028,Ruido,Barranquilla,Sur,62.8,dB,Normal,31.77,88.0,LoRaWAN
7840,2024-09-04 13:07:00,SENSOR_041,PM2.5,Bogota,Sur,20.89,µg/m3,Normal,20.09,24.0,LoRaWAN
7841,2024-11-01 10:16:00,SENSOR_006,Ruido,Cali,Norte,92.47,dB,Critico,48.53,29.0,Ethernet
7842,2024-10-11 00:22:00,SENSOR_059,Temperatura,Barranquilla,Norte,12.32,°C,Normal,51.47,95.0,LoRaWAN
7843,2024-11-06 05:08:00,SENSOR_006,Humedad,Cali,Centro,55.76,%,Normal,34.94,23.0,4G
7844,2024-07-02 04:07:00,SENSOR_083,PM2.5,Barranquilla,Centro,45.32,µg/m3,Alerta,46.08,69.0,4G
7845,2024-08-25 01:42:00,SENSOR_094,Temperatura,Bucaramanga,Occidente,15.28,°C,Normal,44.27,56.0,WiFi
7846,2024-02-09 11:28:00,SENSOR_014,Ruido,Barranquilla,Centro,96.96,dB,Critico,16.92,33.0,Ethernet
7847,2024-11-02 03:10:00,SENSOR_035,PM2.5,Medellin,Occidente,50.55,µg/m3,Alerta,30.09,66.0,WiFi
7848,2024-12-15 23:48:00,SENSOR_084,PM2.5,Bogota,Norte,100.61,µg/m3,Critico,75.06,51.0,4G
7849,2024-05-06 14:30:00,SENSOR_066,CO2,Bucaramanga,Sur,1277.73,ppm,Critico,7.52,79.0,LoRaWAN
7850,2024-02-19 22:03:00,SENSOR_067,CO2,Medellin,Occidente,358.76,ppm,Normal,30.78,28.0,Ethernet
7851,2024-05-18 09:19:00,SENSOR_095,PM2.5,Bogota,Centro,42.23,µg/m3,Alerta,56.89,26.0,LoRaWAN
7852,2024-03-11 11:09:00,SENSOR_098,CO2,Cali,Oriente,1235.83,ppm,Critico,24.49,97.0,Ethernet
7853,2024-11-01 05:11:00,SENSOR_082,PM2.5,Cartagena,Norte,60.61,µg/m3,Alerta,88.16,99.0,4G
7854,2024-11-22 09:55:00,SENSOR_005,CO2,Bucaramanga,Norte,1478.19,ppm,Critico,50.84,92.0,WiFi
7855,2024-02-11 01:25:00,SENSOR_091,Ruido,Barranquilla,Occidente,73.42,dB,Alerta,47.49,82.0,WiFi
7856,2024-09-29 06:22:00,SENSOR_048,Ruido,Medellin,Centro,90.13,dB,Critico,90.74,54.0,LoRaWAN
7857,2024-10-18 18:40:00,SENSOR_056,Temperatura,Barranquilla,Centro,30.16,°C,Alerta,19.38,55.0,4G
7858,2024-03-08 15:14:00,SENSOR_028,Temperatura,Barranquilla,Norte,22.34,°C,Normal,85.86,63.0,4G
7859,2024-05-12 01:37:00,SENSOR_053,CO2,Medellin,Sur,634.6,ppm,Normal,79.48,37.0,4G
7860,2024-01-28 05:57:00,SENSOR_015,PM2.5,Bogota,Oriente,93.55,µg/m3,Critico,33.43,90.0,LoRaWAN
7861,2024-07-11 10:10:00,SENSOR_080,Humedad,Barranquilla,Centro,48.84,%,Normal,46.14,27.0,WiFi
7862,2024-09-04 06:14:00,SENSOR_052,CO2,Medellin,Centro,992.56,ppm,Alerta,34.19,95.0,4G
7863,2024-01-11 12:07:00,SENSOR_093,Ruido,Cali,Sur,69.82,dB,Normal,79.54,26.0,WiFi
7864,2024-12-25 21:46:00,SENSOR_077,Humedad,Barranquilla,Occidente,61.12,%,Normal,51.45,38.0,Ethernet
7865,2024-09-29 09:12:00,SENSOR_025,CO2,Medellin,Norte,976.81,ppm,Alerta,60.86,35.0,4G
7866,2024-07-08 14:05:00,SENSOR_044,Ruido,Medellin,Occidente,91.03,dB,Critico,26.51,83.0,4G
7867,2024-11-06 16:22:00,SENSOR_076,Temperatura,Barranquilla,Oriente,30.64,°C,Alerta,91.72,89.0,Ethernet
7868,2024-06-24 17:16:00,SENSOR_027,PM2.5,Barranquilla,Norte,87.17,µg/m3,Critico,69.42,91.0,4G
7869,2024-10-31 11:26:00,SENSOR_095,PM2.5,Cali,Sur,92.02,µg/m3,Critico,85.04,71.0,LoRaWAN
7870,2024-04-17 10:47:00,SENSOR_018,Ruido,Cartagena,Occidente,94.0,dB,Critico,63.14,71.0,Ethernet
7871,2024-02-14 21:06:00,SENSOR_009,CO2,Bogota,Norte,1275.86,ppm,Critico,20.85,76.0,Ethernet
7872,2024-11-19 03:02:00,SENSOR_100,Ruido,Bogota,Sur,72.32,dB,Alerta,86.54,45.0,4G
7873,2024-12-05 20:10:00,SENSOR_060,Temperatura,Cali,Sur,19.22,°C,Normal,99.25,44.0,LoRaWAN
7874,2024-07-19 14:33:00,SENSOR_001,Humedad,Medellin,Oriente,70.25,%,Normal,34.52,92.0,4G
7875,2024-12-16 15:07:00,SENSOR_001,Ruido,Cartagena,Norte,95.34,dB,Critico,18.59,89.0,LoRaWAN
7876,2024-08-30 16:00:00,SENSOR_029,Humedad,Medellin,Occidente,54.04,%,Normal,94.96,64.0,WiFi
7877,2024-09-08 05:17:00,SENSOR_085,CO2,Barranquilla,Norte,1643.37,ppm,Critico,55.25,24.0,WiFi
7878,2024-06-22 09:10:00,SENSOR_089,Temperatura,Cartagena,Centro,21.31,°C,Normal,21.52,26.0,WiFi
7879,2024-03-06 04:24:00,SENSOR_007,Humedad,Medellin,Centro,59.0,%,Normal,61.46,58.0,LoRaWAN
7880,2024-11-24 19:34:00,SENSOR_033,Humedad,Bucaramanga,Norte,80.91,%,Alerta,8.34,89.0,Ethernet
7881,2024-06-11 08:46:00,SENSOR_081,Ruido,Bogota,Occidente,51.59,dB,Normal,34.85,80.0,WiFi
7882,2024-10-29 20:21:00,SENSOR_005,PM2.5,Barranquilla,Oriente,40.74,µg/m3,Alerta,94.38,86.0,Ethernet
7883,2024-01-07 09:18:00,SENSOR_014,Ruido,Bogota,Oriente,93.5,dB,Critico,53.82,55.0,LoRaWAN
7884,2024-01-30 09:15:00,SENSOR_085,Temperatura,Medellin,Norte,15.27,°C,Normal,69.65,43.0,4G
7885,2024-01-26 03:14:00,SENSOR_071,Humedad,Barranquilla,Centro,88.98,%,Alerta,34.63,96.0,WiFi
7886,2024-02-07 23:03:00,SENSOR_001,Temperatura,Barranquilla,Centro,16.73,°C,Normal,14.35,37.0,4G
7887,2024-07-08 12:34:00,SENSOR_091,Ruido,Cali,Oriente,95.16,dB,Critico,59.54,70.0,WiFi
7888,2024-04-24 01:02:00,SENSOR_052,CO2,Cartagena,Centro,656.1,ppm,Normal,12.58,85.0,WiFi
7889,2024-07-22 18:22:00,SENSOR_074,PM2.5,Barranquilla,Centro,115.79,µg/m3,Critico,83.32,34.0,LoRaWAN
7890,2024-03-24 02:58:00,SENSOR_074,Ruido,Barranquilla,Oriente,,dB,Sin_Dato,76.14,100.0,LoRaWAN
7891,2024-12-10 12:19:00,SENSOR_081,Humedad,Barranquilla,Occidente,88.56,%,Alerta,74.34,92.0,WiFi
7892,2024-07-25 13:13:00,SENSOR_047,CO2,Cali,Centro,1362.87,ppm,Critico,70.01,22.0,4G
7893,2024-07-22 16:40:00,SENSOR_035,Humedad,Bucaramanga,Sur,88.69,%,Alerta,40.13,41.0,4G
7894,2024-07-27 09:48:00,SENSOR_018,PM2.5,Barranquilla,Centro,,µg/m3,Sin_Dato,65.48,57.0,4G
7895,2024-05-08 05:42:00,SENSOR_082,Temperatura,Cartagena,Occidente,32.67,°C,Critico,57.7,37.0,4G
7896,2024-07-19 11:10:00,SENSOR_033,Ruido,Bogota,Sur,47.23,dB,Normal,54.31,56.0,LoRaWAN
7897,2024-06-08 13:13:00,SENSOR_004,Ruido,Cali,Centro,73.24,dB,Alerta,55.29,64.0,Ethernet
7898,2024-05-01 19:02:00,SENSOR_035,CO2,Cartagena,Norte,1056.08,ppm,Alerta,98.11,25.0,Ethernet
7899,2024-11-05 20:09:00,SENSOR_033,Temperatura,Bucaramanga,Occidente,29.76,°C,Alerta,68.2,77.0,WiFi
7900,2024-02-27 18:55:00,SENSOR_099,Temperatura,Barranquilla,Sur,32.59,°C,Critico,9.18,34.0,Ethernet
7901,2024-12-21 01:01:00,SENSOR_043,Ruido,Bucaramanga,Occidente,44.92,dB,Normal,83.95,84.0,Ethernet
7902,2024-10-02 18:03:00,SENSOR_049,PM2.5,Medellin,Oriente,72.24,µg/m3,Alerta,63.27,41.0,4G
7903,2024-10-09 12:06:00,SENSOR_099,Humedad,Medellin,Sur,58.23,%,Normal,47.97,100.0,4G
7904,2024-03-31 07:01:00,SENSOR_087,PM2.5,Bucaramanga,Occidente,56.29,µg/m3,Alerta,28.27,37.0,4G
7905,2024-03-12 20:30:00,SENSOR_055,CO2,Cali,Occidente,682.98,ppm,Normal,12.39,83.0,WiFi
7906,2024-08-22 09:12:00,SENSOR_071,Temperatura,Bogota,Norte,12.36,°C,Normal,87.9,24.0,LoRaWAN
7907,2024-12-10 19:37:00,SENSOR_022,Temperatura,Cali,Sur,25.71,°C,Normal,94.98,49.0,WiFi
7908,2024-06-03 04:36:00,SENSOR_010,Temperatura,Bogota,Sur,19.64,°C,Normal,79.06,74.0,WiFi
7909,2024-01-07 20:48:00,SENSOR_057,CO2,Barranquilla,Oriente,1721.14,ppm,Critico,19.04,33.0,LoRaWAN
7910,2024-05-15 06:51:00,SENSOR_034,Humedad,Medellin,Occidente,46.75,%,Normal,22.8,33.0,LoRaWAN
7911,2024-06-24 00:03:00,SENSOR_070,Temperatura,Cali,Centro,14.41,°C,Normal,,43.0,Ethernet
7912,2024-01-19 23:07:00,SENSOR_089,CO2,Bucaramanga,Oriente,1407.92,ppm,Critico,88.67,20.0,Ethernet
7913,2024-06-22 23:40:00,SENSOR_057,Temperatura,Bucaramanga,Sur,25.67,°C,Normal,96.78,53.0,4G
7914,2024-04-27 00:03:00,SENSOR_066,Humedad,Cali,Norte,,%,Sin_Dato,27.2,,WiFi
7915,2024-10-09 11:54:00,SENSOR_023,CO2,Medellin,Centro,,ppm,Sin_Dato,46.76,80.0,Ethernet
7916,2024-05-22 18:14:00,SENSOR_040,Ruido,Barranquilla,Sur,90.5,dB,Critico,31.92,38.0,Ethernet
7917,2024-12-16 02:18:00,SENSOR_095,PM2.5,Barranquilla,Sur,64.41,µg/m3,Alerta,37.14,99.0,WiFi
7918,2024-11-23 15:31:00,SENSOR_057,Ruido,Medellin,Oriente,62.85,dB,Normal,24.47,40.0,LoRaWAN
7919,2024-08-20 00:09:00,SENSOR_058,Temperatura,Cali,Sur,18.74,°C,Normal,91.8,87.0,Ethernet
7920,2024-02-02 03:47:00,SENSOR_040,PM2.5,Cartagena,Occidente,78.24,µg/m3,Critico,13.36,57.0,Ethernet
7921,2024-11-30 18:32:00,SENSOR_025,PM2.5,Bucaramanga,Occidente,48.93,µg/m3,Alerta,68.51,50.0,LoRaWAN
7922,2024-05-23 22:20:00,SENSOR_092,Ruido,Bogota,Oriente,80.33,dB,Alerta,89.76,33.0,WiFi
7923,2024-05-25 06:09:00,SENSOR_068,Humedad,Cartagena,Occidente,54.59,%,Normal,93.85,71.0,Ethernet
7924,2024-01-15 18:07:00,SENSOR_013,Humedad,Cartagena,Oriente,36.18,%,Alerta,96.37,42.0,LoRaWAN
7925,2024-06-25 00:08:00,SENSOR_035,CO2,Bogota,Sur,740.35,ppm,Normal,89.18,29.0,WiFi
7926,2024-05-07 19:10:00,SENSOR_041,Ruido,Cartagena,Oriente,87.07,dB,Critico,78.87,32.0,WiFi
7927,2024-06-03 02:04:00,SENSOR_079,Humedad,Medellin,Sur,67.84,%,Normal,92.1,94.0,LoRaWAN
7928,2024-12-20 17:39:00,SENSOR_097,Ruido,Cali,Oriente,83.76,dB,Alerta,51.82,33.0,4G
7929,2024-11-14 17:02:00,SENSOR_100,Temperatura,Bucaramanga,Sur,16.42,°C,Normal,34.55,33.0,WiFi
7930,2024-02-13 22:39:00,SENSOR_074,Temperatura,Bucaramanga,Occidente,,°C,Sin_Dato,53.63,100.0,4G
7931,2024-10-27 17:27:00,SENSOR_053,Ruido,Medellin,Centro,62.71,dB,Normal,,25.0,WiFi
7932,2024-03-07 22:27:00,SENSOR_090,CO2,Bucaramanga,Sur,1484.75,ppm,Critico,55.46,94.0,4G
7933,2024-07-11 02:42:00,SENSOR_058,Temperatura,Bucaramanga,Norte,11.98,°C,Normal,9.87,87.0,LoRaWAN
7934,2024-12-10 19:02:00,SENSOR_029,Ruido,Bucaramanga,Centro,89.52,dB,Critico,38.5,28.0,4G
7935,2024-04-02 18:39:00,SENSOR_021,Ruido,Barranquilla,Norte,89.9,dB,Critico,89.79,,Ethernet
7936,2024-02-08 22:57:00,SENSOR_081,Ruido,Barranquilla,Sur,83.67,dB,Alerta,74.44,76.0,LoRaWAN
7937,2024-12-24 05:15:00,SENSOR_016,CO2,Cali,Norte,320.1,ppm,Normal,72.82,35.0,LoRaWAN
7938,2024-05-08 09:38:00,SENSOR_096,Humedad,Cartagena,Sur,51.44,%,Normal,73.81,69.0,Ethernet
7939,2024-07-05 23:26:00,SENSOR_034,Humedad,Medellin,Centro,70.03,%,Normal,48.64,62.0,Ethernet
7940,2024-03-19 15:58:00,SENSOR_081,Temperatura,Cartagena,Sur,19.34,°C,Normal,53.26,64.0,Ethernet
7941,2024-11-05 12:57:00,SENSOR_097,CO2,Cartagena,Norte,635.4,ppm,Normal,90.77,29.0,LoRaWAN
7942,2024-11-07 17:56:00,SENSOR_005,PM2.5,Bucaramanga,Oriente,13.75,µg/m3,Normal,74.71,97.0,4G
7943,2024-09-25 10:01:00,SENSOR_083,CO2,Bucaramanga,Occidente,1600.48,ppm,Critico,,68.0,Ethernet
7944,2024-07-11 09:25:00,SENSOR_035,Humedad,Barranquilla,Sur,89.39,%,Alerta,44.63,45.0,Ethernet
7945,2024-05-09 15:00:00,SENSOR_088,CO2,Bucaramanga,Occidente,1695.24,ppm,Critico,83.01,25.0,LoRaWAN
7946,2024-03-06 19:40:00,SENSOR_061,Ruido,Barranquilla,Centro,98.72,dB,Critico,19.86,75.0,WiFi
7947,2024-05-23 18:36:00,SENSOR_067,Humedad,Bogota,Sur,,%,Sin_Dato,17.45,51.0,LoRaWAN
7948,2024-01-04 21:17:00,SENSOR_026,Ruido,Bucaramanga,Norte,60.34,dB,Normal,19.36,57.0,4G
7949,2024-06-10 12:03:00,SENSOR_019,CO2,Bucaramanga,Oriente,1498.75,ppm,Critico,9.85,23.0,Ethernet
7950,2024-09-10 09:39:00,SENSOR_077,Ruido,Cartagena,Centro,49.17,dB,Normal,46.51,36.0,LoRaWAN
7951,2024-01-11 09:59:00,SENSOR_098,Temperatura,Medellin,Oriente,10.2,°C,Normal,54.16,76.0,LoRaWAN
7952,2024-07-20 16:43:00,SENSOR_075,CO2,Cartagena,Oriente,1485.2,ppm,Critico,20.16,25.0,4G
7953,2024-03-19 22:29:00,SENSOR_079,PM2.5,Cartagena,Norte,31.04,µg/m3,Normal,26.9,62.0,Ethernet
7954,2024-05-08 04:02:00,SENSOR_052,Temperatura,Cartagena,Sur,23.45,°C,Normal,5.84,54.0,Ethernet
7955,2024-02-05 14:28:00,SENSOR_014,Ruido,Bogota,Centro,44.61,dB,Normal,9.55,41.0,WiFi
7956,2024-06-07 18:06:00,SENSOR_077,Ruido,Bucaramanga,Centro,42.34,dB,Normal,71.09,53.0,4G
7957,2024-02-01 08:13:00,SENSOR_050,CO2,Medellin,Centro,531.62,ppm,Normal,68.05,92.0,4G
7958,2024-07-31 22:00:00,SENSOR_088,Ruido,Medellin,Centro,42.39,dB,Normal,17.01,43.0,LoRaWAN
7959,2024-03-06 15:38:00,SENSOR_047,Ruido,Barranquilla,Norte,59.44,dB,Normal,39.12,43.0,LoRaWAN
7960,2024-06-29 22:39:00,SENSOR_097,Humedad,Medellin,Sur,83.16,%,Alerta,47.23,80.0,Ethernet
7961,2024-05-06 01:20:00,SENSOR_039,PM2.5,Cartagena,Norte,67.52,µg/m3,Alerta,15.04,61.0,4G
7962,2024-05-10 23:52:00,SENSOR_067,Temperatura,Bogota,Oriente,20.67,°C,Normal,56.59,57.0,4G
7963,2024-02-28 16:20:00,SENSOR_056,Temperatura,Bucaramanga,Norte,28.07,°C,Alerta,54.21,74.0,WiFi
7964,2024-01-15 18:58:00,SENSOR_067,Humedad,Bucaramanga,Norte,72.55,%,Normal,12.52,73.0,Ethernet
7965,2024-07-06 08:20:00,SENSOR_018,CO2,Cali,Centro,1286.78,ppm,Critico,96.71,49.0,4G
7966,2024-07-04 08:29:00,SENSOR_015,Humedad,Cartagena,Oriente,69.52,%,Normal,70.21,35.0,LoRaWAN
7967,2024-09-28 14:43:00,SENSOR_081,PM2.5,Barranquilla,Norte,38.13,µg/m3,Alerta,67.25,50.0,LoRaWAN
7968,2024-12-04 00:51:00,SENSOR_028,PM2.5,Bucaramanga,Sur,61.8,µg/m3,Alerta,94.55,45.0,WiFi
7969,2024-12-14 11:48:00,SENSOR_050,PM2.5,Bogota,Sur,47.08,µg/m3,Alerta,89.5,84.0,Ethernet
7970,2024-02-11 16:13:00,SENSOR_072,PM2.5,Bucaramanga,Norte,9.9,µg/m3,Normal,99.5,70.0,LoRaWAN
7971,2024-09-12 11:27:00,SENSOR_085,CO2,Cali,Centro,1699.54,ppm,Critico,10.54,28.0,Ethernet
7972,2024-05-30 06:15:00,SENSOR_020,Ruido,Cartagena,Sur,71.23,dB,Alerta,92.04,27.0,LoRaWAN
7973,2024-06-21 09:05:00,SENSOR_066,Humedad,Bogota,Sur,51.55,%,Normal,91.13,23.0,4G
7974,2024-01-19 19:09:00,SENSOR_061,Temperatura,Bogota,Norte,30.07,°C,Alerta,31.02,49.0,LoRaWAN
7975,2024-06-05 13:37:00,SENSOR_098,Humedad,Bucaramanga,Oriente,51.35,%,Normal,54.0,82.0,4G
7976,2024-10-16 06:57:00,SENSOR_044,Ruido,Cali,Oriente,83.54,dB,Alerta,13.0,54.0,4G
7977,2024-02-08 21:50:00,SENSOR_011,CO2,Bucaramanga,Norte,828.81,ppm,Alerta,6.91,37.0,LoRaWAN
7978,2024-05-27 10:37:00,SENSOR_003,CO2,Bogota,Occidente,1252.62,ppm,Critico,8.77,54.0,LoRaWAN
7979,2024-02-19 15:29:00,SENSOR_093,CO2,Cartagena,Sur,,ppm,Sin_Dato,48.79,65.0,WiFi
7980,2024-05-19 10:37:00,SENSOR_041,PM2.5,Cali,Sur,19.41,µg/m3,Normal,26.24,86.0,WiFi
7981,2024-05-18 14:16:00,SENSOR_042,Humedad,Cali,Centro,56.92,%,Normal,5.67,45.0,Ethernet
7982,2024-09-12 14:56:00,SENSOR_042,Ruido,Cartagena,Occidente,89.8,dB,Critico,43.56,45.0,WiFi
7983,2024-11-04 09:01:00,SENSOR_058,Ruido,Medellin,Occidente,44.66,dB,Normal,56.89,44.0,Ethernet
7984,2024-04-29 01:55:00,SENSOR_098,CO2,Bogota,Occidente,972.87,ppm,Alerta,29.43,87.0,LoRaWAN
7985,2024-03-27 13:04:00,SENSOR_011,Temperatura,Bucaramanga,Oriente,26.25,°C,Normal,51.82,29.0,WiFi
7986,2024-07-29 02:50:00,SENSOR_026,Temperatura,Bogota,Sur,20.99,°C,Normal,50.74,25.0,4G
7987,2024-01-29 18:01:00,SENSOR_098,CO2,Medellin,Norte,846.28,ppm,Alerta,70.87,49.0,WiFi
7988,2024-06-17 01:21:00,SENSOR_066,PM2.5,Bucaramanga,Norte,18.67,µg/m3,Normal,63.37,49.0,4G
7989,2024-07-05 22:04:00,SENSOR_006,PM2.5,Bogota,Oriente,52.67,µg/m3,Alerta,62.62,47.0,4G
7990,2024-07-07 02:07:00,SENSOR_014,Temperatura,Cartagena,Centro,27.02,°C,Normal,86.14,32.0,Ethernet
7991,2024-06-12 12:33:00,SENSOR_028,CO2,Barranquilla,Sur,1730.11,ppm,Critico,15.47,89.0,WiFi
7992,2024-02-21 13:38:00,SENSOR_079,Temperatura,Cartagena,Norte,33.44,°C,Critico,10.12,39.0,Ethernet
7993,2024-01-15 21:47:00,SENSOR_026,Temperatura,Cali,Sur,16.84,°C,Normal,72.26,20.0,Ethernet
7994,2024-09-15 08:21:00,SENSOR_046,CO2,Cali,Centro,1468.78,ppm,Critico,39.39,91.0,Ethernet
7995,2024-08-09 15:30:00,SENSOR_034,Ruido,Cali,Norte,58.73,dB,Normal,76.97,51.0,LoRaWAN
7996,2024-03-19 12:50:00,SENSOR_079,Humedad,Bogota,Oriente,63.46,%,Normal,25.91,82.0,LoRaWAN
7997,2024-06-09 05:12:00,SENSOR_090,PM2.5,Bogota,Sur,119.83,µg/m3,Critico,,40.0,Ethernet
7998,2024-04-04 07:00:00,SENSOR_030,Humedad,Barranquilla,Norte,84.78,%,Alerta,61.36,22.0,WiFi
7999,2024-04-05 23:46:00,SENSOR_006,Temperatura,Bucaramanga,Occidente,17.34,°C,Normal,62.4,87.0,WiFi
8000,2024-01-18 00:35:00,SENSOR_095,Ruido,Cartagena,Centro,39.6,dB,Normal,8.95,50.0,WiFi
8001,2024-08-02 19:43:00,SENSOR_052,Humedad,Bucaramanga,Oriente,34.73,%,Alerta,48.81,64.0,LoRaWAN
8002,2024-05-19 12:12:00,SENSOR_036,Ruido,Barranquilla,Centro,57.32,dB,Normal,6.49,97.0,4G
8003,2024-01-16 12:22:00,SENSOR_045,Humedad,Barranquilla,Centro,69.11,%,Normal,93.34,85.0,LoRaWAN
8004,2024-07-11 15:59:00,SENSOR_053,CO2,Cali,Norte,1092.65,ppm,Alerta,38.65,47.0,WiFi
8005,2024-08-11 04:28:00,SENSOR_006,Humedad,Bucaramanga,Norte,73.91,%,Normal,41.53,21.0,4G
8006,2024-09-25 12:36:00,SENSOR_021,CO2,Cali,Centro,980.4,ppm,Alerta,59.59,29.0,LoRaWAN
8007,2024-01-05 11:40:00,SENSOR_015,PM2.5,Medellin,Centro,71.31,µg/m3,Alerta,94.9,44.0,LoRaWAN
8008,2024-12-26 05:07:00,SENSOR_002,CO2,Bogota,Oriente,1085.97,ppm,Alerta,69.41,98.0,4G
8009,2024-10-31 10:21:00,SENSOR_028,Ruido,Bogota,Oriente,98.71,dB,Critico,25.66,28.0,WiFi
8010,2024-03-10 12:45:00,SENSOR_006,PM2.5,Cartagena,Sur,75.93,µg/m3,Critico,44.12,90.0,LoRaWAN
8011,2024-10-26 07:10:00,SENSOR_034,Temperatura,Barranquilla,Occidente,19.76,°C,Normal,77.75,43.0,WiFi
8012,2024-03-08 03:14:00,SENSOR_054,Humedad,Barranquilla,Norte,33.82,%,Alerta,28.57,49.0,4G
8013,2024-06-09 09:30:00,SENSOR_099,Ruido,Bucaramanga,Norte,98.18,dB,Critico,29.89,97.0,4G
8014,2024-09-27 15:11:00,SENSOR_070,CO2,Bucaramanga,Sur,601.7,ppm,Normal,30.46,67.0,WiFi
8015,2024-10-31 07:19:00,SENSOR_038,Ruido,Cartagena,Occidente,53.43,dB,Normal,33.89,,WiFi
8016,2024-03-24 20:06:00,SENSOR_099,PM2.5,Barranquilla,Sur,33.69,µg/m3,Normal,65.41,41.0,Ethernet
8017,2024-04-11 11:57:00,SENSOR_015,Temperatura,Bucaramanga,Norte,21.55,°C,Normal,38.46,48.0,LoRaWAN
8018,2024-08-26 09:05:00,SENSOR_083,Ruido,Bogota,Norte,73.92,dB,Alerta,95.25,69.0,LoRaWAN
8019,2024-09-27 14:35:00,SENSOR_018,Ruido,Cartagena,Oriente,55.07,dB,Normal,67.27,24.0,WiFi
8020,2024-08-13 09:12:00,SENSOR_079,PM2.5,Medellin,Oriente,10.79,µg/m3,Normal,75.58,83.0,LoRaWAN
8021,2024-04-17 09:14:00,SENSOR_065,Ruido,Cartagena,Centro,71.93,dB,Alerta,27.8,56.0,4G
8022,2024-02-14 16:40:00,SENSOR_033,Ruido,Cali,Occidente,74.54,dB,Alerta,64.22,78.0,WiFi
8023,2024-08-18 01:39:00,SENSOR_057,Ruido,Bucaramanga,Centro,77.89,dB,Alerta,,31.0,4G
8024,2024-01-16 02:43:00,SENSOR_003,Humedad,Medellin,Sur,85.53,%,Alerta,94.32,,4G
8025,2024-09-22 16:27:00,SENSOR_090,CO2,Medellin,Norte,808.29,ppm,Alerta,63.2,21.0,4G
8026,2024-03-30 18:20:00,SENSOR_083,Humedad,Bucaramanga,Norte,84.26,%,Alerta,45.4,93.0,Ethernet
8027,2024-02-16 01:41:00,SENSOR_036,PM2.5,Barranquilla,Oriente,88.98,µg/m3,Critico,80.39,63.0,4G
8028,2024-04-25 12:03:00,SENSOR_041,Humedad,Bogota,Occidente,92.52,%,Critico,42.74,92.0,4G
8029,2024-04-30 08:47:00,SENSOR_060,CO2,Medellin,Sur,1172.99,ppm,Alerta,94.02,98.0,Ethernet
8030,2024-04-19 16:25:00,SENSOR_044,Humedad,Bucaramanga,Occidente,75.67,%,Normal,56.25,94.0,LoRaWAN
8031,2024-01-27 08:28:00,SENSOR_047,Ruido,Cali,Norte,59.2,dB,Normal,27.75,47.0,LoRaWAN
8032,2024-01-01 11:40:00,SENSOR_032,Temperatura,Barranquilla,Oriente,14.99,°C,Normal,12.52,69.0,WiFi
8033,2024-06-25 08:36:00,SENSOR_083,Ruido,Cartagena,Centro,52.56,dB,Normal,76.75,85.0,WiFi
8034,2024-12-24 23:04:00,SENSOR_026,Humedad,Medellin,Occidente,86.49,%,Alerta,9.6,58.0,WiFi
8035,2024-11-03 06:39:00,SENSOR_015,Ruido,Medellin,Norte,70.08,dB,Alerta,63.22,61.0,Ethernet
8036,2024-08-20 06:37:00,SENSOR_096,CO2,Bucaramanga,Sur,1109.19,ppm,Alerta,66.34,41.0,4G
8037,2024-12-26 23:01:00,SENSOR_058,CO2,Medellin,Centro,1155.0,ppm,Alerta,36.33,,LoRaWAN
8038,2024-03-15 02:27:00,SENSOR_074,PM2.5,Cali,Oriente,108.06,µg/m3,Critico,99.11,23.0,4G
8039,2024-09-23 14:19:00,SENSOR_035,Ruido,Medellin,Norte,94.96,dB,Critico,65.72,51.0,4G
8040,2024-01-01 20:26:00,SENSOR_078,Ruido,Bucaramanga,Oriente,46.73,dB,Normal,21.17,90.0,LoRaWAN
8041,2024-11-21 10:57:00,SENSOR_069,Humedad,Cartagena,Sur,51.36,%,Normal,57.08,74.0,WiFi
8042,2024-01-29 03:39:00,SENSOR_041,Humedad,Barranquilla,Oriente,75.28,%,Normal,90.48,52.0,Ethernet
8043,2024-02-28 00:15:00,SENSOR_042,CO2,Cartagena,Oriente,1161.96,ppm,Alerta,38.54,,LoRaWAN
8044,2024-10-30 07:11:00,SENSOR_083,Ruido,Cartagena,Occidente,94.3,dB,Critico,54.58,37.0,4G
8045,2024-10-08 08:42:00,SENSOR_043,PM2.5,Cali,Occidente,81.32,µg/m3,Critico,90.97,33.0,4G
8046,2024-06-28 05:02:00,SENSOR_016,Humedad,Barranquilla,Sur,79.07,%,Normal,,,WiFi
8047,2024-11-05 04:48:00,SENSOR_053,Humedad,Barranquilla,Sur,90.4,%,Critico,11.44,63.0,Ethernet
8048,2024-07-31 16:51:00,SENSOR_080,Temperatura,Cartagena,Occidente,17.28,°C,Normal,83.55,43.0,LoRaWAN
8049,2024-06-08 23:50:00,SENSOR_090,Humedad,Bogota,Sur,30.92,%,Alerta,11.64,43.0,LoRaWAN
8050,2024-08-30 01:18:00,SENSOR_097,Humedad,Cali,Centro,31.73,%,Alerta,31.2,21.0,LoRaWAN
8051,2024-08-20 16:38:00,SENSOR_028,Temperatura,Cali,Centro,20.3,°C,Normal,6.51,31.0,LoRaWAN
8052,2024-08-19 21:36:00,SENSOR_059,Humedad,Cali,Norte,73.75,%,Normal,48.23,22.0,Ethernet
8053,2024-12-03 21:06:00,SENSOR_065,Humedad,Bogota,Occidente,46.68,%,Normal,67.2,20.0,Ethernet
8054,2024-04-22 02:18:00,SENSOR_095,PM2.5,Medellin,Occidente,43.59,µg/m3,Alerta,34.85,49.0,WiFi
8055,2024-07-07 07:52:00,SENSOR_072,Ruido,Cartagena,Occidente,58.73,dB,Normal,59.09,35.0,4G
8056,2024-04-04 13:16:00,SENSOR_068,Ruido,Cartagena,Occidente,93.6,dB,Critico,62.97,60.0,Ethernet
8057,2024-04-02 20:20:00,SENSOR_007,Humedad,Medellin,Occidente,79.75,%,Normal,82.47,62.0,Ethernet
8058,2024-11-10 23:00:00,SENSOR_061,CO2,Medellin,Centro,1114.94,ppm,Alerta,49.28,79.0,Ethernet
8059,2024-08-21 13:00:00,SENSOR_011,Temperatura,Cartagena,Occidente,27.79,°C,Normal,94.47,47.0,LoRaWAN
8060,2024-01-24 16:20:00,SENSOR_065,PM2.5,Medellin,Oriente,54.94,µg/m3,Alerta,55.09,73.0,LoRaWAN
8061,2024-03-03 09:08:00,SENSOR_016,PM2.5,Medellin,Sur,97.04,µg/m3,Critico,95.46,20.0,WiFi
8062,2024-10-03 19:40:00,SENSOR_077,Temperatura,Cartagena,Norte,25.18,°C,Normal,97.55,76.0,Ethernet
8063,2024-05-11 02:19:00,SENSOR_038,CO2,Cartagena,Oriente,1449.42,ppm,Critico,56.31,95.0,LoRaWAN
8064,2024-03-12 12:17:00,SENSOR_082,CO2,Bucaramanga,Oriente,377.56,ppm,Normal,51.78,41.0,WiFi
8065,2024-10-29 02:52:00,SENSOR_029,Humedad,Cali,Occidente,49.88,%,Normal,45.26,31.0,LoRaWAN
8066,2024-04-28 12:37:00,SENSOR_013,Ruido,Medellin,Occidente,55.29,dB,Normal,86.49,85.0,LoRaWAN
8067,2024-01-06 17:15:00,SENSOR_060,PM2.5,Bogota,Norte,97.07,µg/m3,Critico,39.3,75.0,4G
8068,2024-07-22 08:58:00,SENSOR_065,PM2.5,Cali,Norte,76.45,µg/m3,Critico,27.04,52.0,LoRaWAN
8069,2024-02-19 05:52:00,SENSOR_093,CO2,Cartagena,Occidente,468.93,ppm,Normal,25.28,100.0,Ethernet
8070,2024-11-27 05:58:00,SENSOR_029,PM2.5,Cartagena,Oriente,8.05,µg/m3,Normal,5.03,24.0,LoRaWAN
8071,2024-01-27 04:31:00,SENSOR_028,Ruido,Medellin,Norte,46.59,dB,Normal,77.26,33.0,Ethernet
8072,2024-11-14 19:24:00,SENSOR_055,Humedad,Cartagena,Occidente,86.08,%,Alerta,93.1,22.0,LoRaWAN
8073,2024-02-10 19:19:00,SENSOR_067,Humedad,Cali,Sur,37.8,%,Alerta,52.98,31.0,LoRaWAN
8074,2024-08-01 04:31:00,SENSOR_020,CO2,Bogota,Norte,1000.42,ppm,Alerta,89.77,43.0,LoRaWAN
8075,2024-07-13 03:36:00,SENSOR_093,Temperatura,Cali,Norte,23.19,°C,Normal,16.12,67.0,LoRaWAN
8076,2024-02-05 21:25:00,SENSOR_084,Temperatura,Cali,Centro,25.46,°C,Normal,13.79,67.0,WiFi
8077,2024-08-19 16:26:00,SENSOR_018,CO2,Cartagena,Norte,487.17,ppm,Normal,86.83,39.0,WiFi
8078,2024-04-02 15:52:00,SENSOR_024,CO2,Cali,Oriente,770.1,ppm,Normal,65.68,75.0,4G
8079,2024-07-10 15:21:00,SENSOR_038,PM2.5,Barranquilla,Oriente,32.4,µg/m3,Normal,,,Ethernet
8080,2024-11-14 23:58:00,SENSOR_093,Temperatura,Medellin,Oriente,31.56,°C,Alerta,5.88,34.0,LoRaWAN
8081,2024-08-17 20:24:00,SENSOR_080,Ruido,Bogota,Occidente,,dB,Sin_Dato,18.73,90.0,WiFi
8082,2024-08-03 12:06:00,SENSOR_074,Temperatura,Cali,Sur,19.94,°C,Normal,58.69,100.0,LoRaWAN
8083,2024-12-07 11:26:00,SENSOR_086,Ruido,Bogota,Occidente,72.43,dB,Alerta,40.47,22.0,WiFi
8084,2024-12-22 05:20:00,SENSOR_032,Temperatura,Cali,Centro,31.99,°C,Alerta,31.98,91.0,WiFi
8085,2024-08-10 07:26:00,SENSOR_072,PM2.5,Cartagena,Oriente,72.58,µg/m3,Alerta,60.26,77.0,WiFi
8086,2024-04-02 00:51:00,SENSOR_077,PM2.5,Bogota,Norte,,µg/m3,Sin_Dato,26.25,37.0,Ethernet
8087,2024-01-11 20:25:00,SENSOR_078,PM2.5,Bogota,Centro,103.07,µg/m3,Critico,22.91,46.0,LoRaWAN
8088,2024-11-05 05:10:00,SENSOR_090,PM2.5,Bucaramanga,Centro,74.56,µg/m3,Alerta,93.8,43.0,WiFi
8089,2024-01-01 16:06:00,SENSOR_053,PM2.5,Cartagena,Centro,106.84,µg/m3,Critico,,60.0,4G
8090,2024-09-21 05:42:00,SENSOR_074,Humedad,Bucaramanga,Oriente,50.51,%,Normal,47.34,98.0,LoRaWAN
8091,2024-06-08 10:23:00,SENSOR_099,Ruido,Cartagena,Norte,43.47,dB,Normal,49.99,61.0,Ethernet
8092,2024-05-18 22:18:00,SENSOR_059,Humedad,Bucaramanga,Centro,54.29,%,Normal,60.98,85.0,WiFi
8093,2024-01-30 05:59:00,SENSOR_017,Temperatura,Cali,Oriente,13.66,°C,Normal,95.27,,LoRaWAN
8094,2024-09-18 18:25:00,SENSOR_095,Temperatura,Bogota,Centro,24.57,°C,Normal,96.6,86.0,Ethernet
8095,2024-07-07 06:27:00,SENSOR_010,Ruido,Cartagena,Sur,79.37,dB,Alerta,43.52,33.0,Ethernet
8096,2024-05-02 04:23:00,SENSOR_028,Ruido,Cartagena,Norte,90.9,dB,Critico,77.34,52.0,LoRaWAN
8097,2024-05-18 02:40:00,SENSOR_066,Ruido,Bogota,Oriente,51.96,dB,Normal,61.75,25.0,LoRaWAN
8098,2024-11-24 05:47:00,SENSOR_078,Ruido,Cali,Oriente,77.23,dB,Alerta,10.11,99.0,LoRaWAN
8099,2024-08-23 23:08:00,SENSOR_026,Ruido,Medellin,Oriente,57.71,dB,Normal,85.79,31.0,Ethernet
8100,2024-07-29 19:05:00,SENSOR_034,CO2,Cali,Norte,1025.09,ppm,Alerta,99.58,86.0,LoRaWAN
8101,2024-10-06 09:38:00,SENSOR_009,PM2.5,Bogota,Norte,105.21,µg/m3,Critico,22.95,20.0,4G
8102,2024-01-21 12:34:00,SENSOR_031,Ruido,Bogota,Norte,96.83,dB,Critico,87.93,23.0,LoRaWAN
8103,2024-12-28 12:49:00,SENSOR_047,Temperatura,Barranquilla,Norte,21.97,°C,Normal,17.99,26.0,Ethernet
8104,2024-11-06 03:05:00,SENSOR_036,Ruido,Bucaramanga,Oriente,89.03,dB,Critico,97.1,22.0,Ethernet
8105,2024-08-01 06:21:00,SENSOR_018,Humedad,Bogota,Norte,81.96,%,Alerta,37.76,67.0,4G
8106,2024-06-17 05:16:00,SENSOR_072,Ruido,Cali,Centro,71.62,dB,Alerta,57.41,52.0,WiFi
8107,2024-03-24 07:08:00,SENSOR_072,Ruido,Bogota,Oriente,42.43,dB,Normal,70.84,20.0,4G
8108,2024-08-25 19:31:00,SENSOR_050,CO2,Barranquilla,Centro,1407.77,ppm,Critico,69.44,97.0,4G
8109,2024-05-18 07:59:00,SENSOR_052,Ruido,Bogota,Centro,86.02,dB,Critico,81.96,48.0,4G
8110,2024-07-13 23:34:00,SENSOR_092,Ruido,Bogota,Centro,37.98,dB,Normal,17.76,51.0,LoRaWAN
8111,2024-09-12 01:02:00,SENSOR_074,Humedad,Bucaramanga,Norte,62.93,%,Normal,85.35,83.0,LoRaWAN
8112,2024-02-11 15:29:00,SENSOR_024,Humedad,Cali,Occidente,37.49,%,Alerta,42.98,63.0,LoRaWAN
8113,2024-05-16 05:44:00,SENSOR_068,Ruido,Medellin,Oriente,99.19,dB,Critico,19.21,64.0,Ethernet
8114,2024-09-17 05:17:00,SENSOR_045,Temperatura,Bogota,Sur,22.39,°C,Normal,70.89,20.0,Ethernet
8115,2024-12-18 20:54:00,SENSOR_046,PM2.5,Cartagena,Sur,66.05,µg/m3,Alerta,41.13,88.0,WiFi
8116,2024-07-31 22:40:00,SENSOR_015,Temperatura,Cartagena,Centro,20.04,°C,Normal,5.13,34.0,4G
8117,2024-08-27 03:27:00,SENSOR_075,Humedad,Cali,Sur,47.71,%,Normal,32.98,36.0,WiFi
8118,2024-07-17 13:48:00,SENSOR_064,PM2.5,Bogota,Sur,8.77,µg/m3,Normal,85.56,78.0,LoRaWAN
8119,2024-05-26 08:43:00,SENSOR_039,Temperatura,Medellin,Norte,20.56,°C,Normal,37.21,49.0,Ethernet
8120,2024-04-08 01:07:00,SENSOR_028,Humedad,Cartagena,Norte,,%,Sin_Dato,6.11,88.0,WiFi
8121,2024-04-19 12:25:00,SENSOR_072,Ruido,Cartagena,Sur,70.7,dB,Alerta,7.96,49.0,Ethernet
8122,2024-08-13 16:35:00,SENSOR_003,Ruido,Cartagena,Occidente,42.62,dB,Normal,41.87,74.0,LoRaWAN
8123,2024-11-10 12:51:00,SENSOR_056,Humedad,Cali,Occidente,90.45,%,Critico,50.82,40.0,WiFi
8124,2024-04-23 05:29:00,SENSOR_021,Temperatura,Barranquilla,Oriente,12.51,°C,Normal,65.63,76.0,4G
8125,2024-12-19 09:22:00,SENSOR_085,PM2.5,Barranquilla,Norte,26.48,µg/m3,Normal,8.7,97.0,4G
8126,2024-04-24 19:21:00,SENSOR_061,PM2.5,Barranquilla,Centro,90.95,µg/m3,Critico,66.42,48.0,WiFi
8127,2024-01-10 00:48:00,SENSOR_042,Temperatura,Medellin,Oriente,10.87,°C,Normal,19.01,51.0,4G
8128,2024-11-28 23:57:00,SENSOR_087,Humedad,Bucaramanga,Sur,64.33,%,Normal,74.89,48.0,WiFi
8129,2024-09-22 20:45:00,SENSOR_096,Temperatura,Barranquilla,Norte,16.43,°C,Normal,32.16,21.0,Ethernet
8130,2024-07-06 06:09:00,SENSOR_024,PM2.5,Bogota,Oriente,88.45,µg/m3,Critico,,80.0,LoRaWAN
8131,2024-05-04 18:32:00,SENSOR_043,PM2.5,Bucaramanga,Sur,112.55,µg/m3,Critico,80.76,97.0,Ethernet
8132,2024-10-20 06:56:00,SENSOR_097,Temperatura,Cartagena,Centro,26.36,°C,Normal,,41.0,WiFi
8133,2024-05-04 05:23:00,SENSOR_098,Humedad,Bucaramanga,Sur,51.82,%,Normal,56.54,86.0,WiFi
8134,2024-01-21 12:49:00,SENSOR_070,CO2,Cartagena,Oriente,1226.28,ppm,Critico,81.57,53.0,Ethernet
8135,2024-07-31 11:53:00,SENSOR_075,CO2,Medellin,Sur,474.19,ppm,Normal,75.55,80.0,Ethernet
8136,2024-11-12 15:56:00,SENSOR_084,Ruido,Cartagena,Occidente,87.57,dB,Critico,89.89,99.0,4G
8137,2024-09-24 00:55:00,SENSOR_035,Ruido,Barranquilla,Norte,93.2,dB,Critico,12.92,80.0,WiFi
8138,2024-12-22 19:31:00,SENSOR_058,Temperatura,Medellin,Norte,25.53,°C,Normal,45.81,33.0,Ethernet
8139,2024-05-15 10:03:00,SENSOR_005,CO2,Medellin,Centro,485.85,ppm,Normal,23.58,44.0,WiFi
8140,2024-09-15 21:36:00,SENSOR_078,Ruido,Bucaramanga,Centro,,dB,Sin_Dato,39.33,,LoRaWAN
8141,2024-03-08 09:36:00,SENSOR_098,PM2.5,Cartagena,Norte,9.78,µg/m3,Normal,6.7,92.0,4G
8142,2024-04-29 15:47:00,SENSOR_084,Humedad,Medellin,Occidente,89.63,%,Alerta,68.37,,LoRaWAN
8143,2024-09-12 09:51:00,SENSOR_050,CO2,Cali,Norte,1754.51,ppm,Critico,61.7,50.0,Ethernet
8144,2024-03-15 06:16:00,SENSOR_098,Humedad,Medellin,Sur,38.38,%,Alerta,46.56,50.0,4G
8145,2024-10-15 22:02:00,SENSOR_099,CO2,Bucaramanga,Centro,1451.23,ppm,Critico,29.18,57.0,WiFi
8146,2024-08-23 07:21:00,SENSOR_038,Humedad,Barranquilla,Centro,59.23,%,Normal,39.95,96.0,LoRaWAN
8147,2024-06-16 14:33:00,SENSOR_078,CO2,Barranquilla,Sur,847.62,ppm,Alerta,56.96,61.0,WiFi
8148,2024-08-19 20:47:00,SENSOR_040,Ruido,Bucaramanga,Norte,47.39,dB,Normal,23.63,38.0,WiFi
8149,2024-06-23 09:20:00,SENSOR_041,Temperatura,Cali,Oriente,10.27,°C,Normal,84.43,32.0,4G
8150,2024-04-08 01:30:00,SENSOR_021,Ruido,Cali,Sur,86.39,dB,Critico,9.65,57.0,LoRaWAN
8151,2024-08-11 02:23:00,SENSOR_062,Ruido,Cartagena,Norte,91.01,dB,Critico,53.31,71.0,4G
8152,2024-06-06 14:33:00,SENSOR_019,Ruido,Cartagena,Occidente,96.73,dB,Critico,52.82,84.0,Ethernet
8153,2024-05-23 18:15:00,SENSOR_046,Humedad,Cartagena,Centro,58.5,%,Normal,23.26,52.0,WiFi
8154,2024-04-04 23:31:00,SENSOR_082,Temperatura,Bogota,Sur,12.42,°C,Normal,60.84,31.0,LoRaWAN
8155,2024-03-08 03:23:00,SENSOR_057,Temperatura,Bogota,Centro,29.73,°C,Alerta,32.0,39.0,LoRaWAN
8156,2024-02-14 09:53:00,SENSOR_054,Temperatura,Cali,Norte,27.2,°C,Normal,73.45,41.0,WiFi
8157,2024-02-15 06:55:00,SENSOR_092,PM2.5,Medellin,Oriente,58.13,µg/m3,Alerta,48.78,92.0,LoRaWAN
8158,2024-05-19 16:26:00,SENSOR_069,Temperatura,Barranquilla,Centro,16.09,°C,Normal,45.34,30.0,LoRaWAN
8159,2024-01-30 00:48:00,SENSOR_096,Ruido,Bucaramanga,Sur,59.72,dB,Normal,13.96,73.0,WiFi
8160,2024-02-27 18:52:00,SENSOR_007,CO2,Bucaramanga,Oriente,736.56,ppm,Normal,45.78,87.0,LoRaWAN
8161,2024-01-26 14:42:00,SENSOR_052,PM2.5,Bogota,Sur,41.43,µg/m3,Alerta,46.29,26.0,WiFi
8162,2024-02-19 22:42:00,SENSOR_065,CO2,Cali,Oriente,,ppm,Sin_Dato,95.3,77.0,Ethernet
8163,2024-05-10 12:49:00,SENSOR_052,CO2,Barranquilla,Centro,1119.2,ppm,Alerta,69.47,56.0,Ethernet
8164,2024-10-21 10:30:00,SENSOR_068,Ruido,Barranquilla,Sur,85.91,dB,Critico,32.66,73.0,4G
8165,2024-01-21 11:01:00,SENSOR_010,CO2,Cartagena,Occidente,1567.52,ppm,Critico,69.68,,4G
8166,2024-09-23 09:19:00,SENSOR_020,Humedad,Cartagena,Sur,80.46,%,Alerta,30.88,24.0,4G
8167,2024-09-28 21:44:00,SENSOR_023,Ruido,Cartagena,Sur,89.04,dB,Critico,5.93,77.0,4G
8168,2024-04-25 03:39:00,SENSOR_042,CO2,Medellin,Sur,1651.22,ppm,Critico,97.89,31.0,4G
8169,2024-05-16 08:58:00,SENSOR_058,CO2,Bucaramanga,Norte,1726.22,ppm,Critico,92.67,92.0,Ethernet
8170,2024-02-07 05:45:00,SENSOR_098,PM2.5,Cartagena,Occidente,46.94,µg/m3,Alerta,18.27,81.0,LoRaWAN
8171,2024-09-24 08:51:00,SENSOR_041,Ruido,Cali,Norte,35.25,dB,Normal,44.05,100.0,WiFi
8172,2024-02-24 23:03:00,SENSOR_082,Humedad,Cartagena,Norte,37.65,%,Alerta,48.55,74.0,Ethernet
8173,2024-12-04 08:57:00,SENSOR_052,PM2.5,Bogota,Sur,20.55,µg/m3,Normal,82.08,84.0,4G
8174,2024-07-03 20:39:00,SENSOR_055,PM2.5,Medellin,Sur,44.7,µg/m3,Alerta,25.76,99.0,LoRaWAN
8175,2024-09-12 11:31:00,SENSOR_050,Ruido,Cali,Oriente,42.51,dB,Normal,94.45,41.0,Ethernet
8176,2024-09-25 04:28:00,SENSOR_011,Temperatura,Cali,Sur,18.3,°C,Normal,77.09,98.0,WiFi
8177,2024-12-06 03:56:00,SENSOR_020,CO2,Medellin,Centro,697.11,ppm,Normal,38.23,32.0,4G
8178,2024-12-08 02:08:00,SENSOR_006,PM2.5,Medellin,Oriente,71.89,µg/m3,Alerta,10.38,63.0,4G
8179,2024-02-06 16:26:00,SENSOR_079,Ruido,Medellin,Sur,97.68,dB,Critico,55.18,72.0,LoRaWAN
8180,2024-02-03 02:17:00,SENSOR_061,CO2,Barranquilla,Centro,859.74,ppm,Alerta,83.17,64.0,Ethernet
8181,2024-04-05 12:35:00,SENSOR_010,Ruido,Bogota,Occidente,44.64,dB,Normal,55.77,62.0,Ethernet
8182,2024-02-04 08:54:00,SENSOR_025,CO2,Cali,Oriente,929.51,ppm,Alerta,52.6,,Ethernet
8183,2024-08-05 21:12:00,SENSOR_097,Temperatura,Bogota,Norte,32.96,°C,Critico,62.41,51.0,4G
8184,2024-09-20 16:09:00,SENSOR_090,CO2,Bogota,Occidente,694.66,ppm,Normal,81.65,95.0,Ethernet
8185,2024-10-09 10:44:00,SENSOR_072,PM2.5,Medellin,Sur,118.67,µg/m3,Critico,30.57,61.0,Ethernet
8186,2024-10-30 04:37:00,SENSOR_073,Ruido,Medellin,Sur,69.39,dB,Normal,24.92,72.0,4G
8187,2024-02-22 22:07:00,SENSOR_022,Temperatura,Bogota,Sur,17.66,°C,Normal,15.62,,4G
8188,2024-03-09 04:21:00,SENSOR_041,Temperatura,Medellin,Occidente,30.99,°C,Alerta,8.18,71.0,4G
8189,2024-11-22 19:30:00,SENSOR_051,CO2,Medellin,Centro,1761.64,ppm,Critico,7.13,66.0,WiFi
8190,2024-06-23 00:46:00,SENSOR_021,Temperatura,Cartagena,Norte,16.11,°C,Normal,58.02,90.0,4G
8191,2024-01-27 02:49:00,SENSOR_066,Ruido,Bucaramanga,Norte,92.21,dB,Critico,88.53,100.0,Ethernet
8192,2024-01-14 09:50:00,SENSOR_057,Temperatura,Cartagena,Sur,13.21,°C,Normal,29.59,31.0,LoRaWAN
8193,2024-07-18 16:17:00,SENSOR_088,Humedad,Bucaramanga,Occidente,89.0,%,Alerta,97.66,54.0,WiFi
8194,2024-02-29 07:31:00,SENSOR_070,PM2.5,Bogota,Oriente,73.51,µg/m3,Alerta,,72.0,LoRaWAN
8195,2024-09-29 14:26:00,SENSOR_029,PM2.5,Cali,Oriente,84.46,µg/m3,Critico,36.05,97.0,Ethernet
8196,2024-02-07 05:41:00,SENSOR_013,Humedad,Medellin,Centro,31.89,%,Alerta,75.21,41.0,LoRaWAN
8197,2024-12-01 15:00:00,SENSOR_018,Humedad,Bucaramanga,Centro,90.72,%,Critico,80.04,95.0,LoRaWAN
8198,2024-07-10 00:56:00,SENSOR_011,PM2.5,Cartagena,Sur,112.1,µg/m3,Critico,34.89,66.0,WiFi
8199,2024-03-15 10:00:00,SENSOR_034,PM2.5,Bucaramanga,Occidente,104.76,µg/m3,Critico,70.1,85.0,Ethernet
8200,2024-10-03 19:28:00,SENSOR_056,Ruido,Barranquilla,Occidente,75.81,dB,Alerta,49.99,64.0,WiFi
8201,2024-03-04 07:05:00,SENSOR_003,CO2,Bucaramanga,Norte,621.2,ppm,Normal,72.65,81.0,WiFi
8202,2024-03-17 14:14:00,SENSOR_004,Ruido,Medellin,Oriente,62.22,dB,Normal,45.93,60.0,LoRaWAN
8203,2024-10-18 18:40:00,SENSOR_062,PM2.5,Barranquilla,Norte,79.21,µg/m3,Critico,22.64,94.0,Ethernet
8204,2024-11-04 16:09:00,SENSOR_052,PM2.5,Cali,Sur,58.76,µg/m3,Alerta,98.9,27.0,Ethernet
8205,2024-07-23 01:09:00,SENSOR_043,Temperatura,Bucaramanga,Centro,16.95,°C,Normal,60.43,68.0,Ethernet
8206,2024-01-19 02:28:00,SENSOR_047,PM2.5,Bogota,Centro,22.23,µg/m3,Normal,61.35,85.0,Ethernet
8207,2024-12-17 16:07:00,SENSOR_093,Humedad,Bucaramanga,Centro,90.76,%,Critico,11.89,20.0,WiFi
8208,2024-01-24 02:14:00,SENSOR_024,Ruido,Medellin,Oriente,63.21,dB,Normal,47.23,69.0,LoRaWAN
8209,2024-07-20 11:45:00,SENSOR_044,Humedad,Cartagena,Norte,82.66,%,Alerta,74.02,30.0,4G
8210,2024-08-04 14:53:00,SENSOR_052,CO2,Bogota,Norte,774.78,ppm,Normal,61.63,51.0,WiFi
8211,2024-06-14 02:01:00,SENSOR_015,Humedad,Barranquilla,Sur,54.88,%,Normal,14.23,80.0,4G
8212,2024-06-25 23:21:00,SENSOR_080,CO2,Bogota,Occidente,1309.15,ppm,Critico,89.79,62.0,WiFi
8213,2024-07-19 12:55:00,SENSOR_068,PM2.5,Cali,Sur,103.58,µg/m3,Critico,97.2,40.0,WiFi
8214,2024-03-18 13:08:00,SENSOR_034,Ruido,Bogota,Occidente,59.48,dB,Normal,58.47,89.0,4G
8215,2024-12-12 21:55:00,SENSOR_042,Temperatura,Cali,Norte,33.55,°C,Critico,64.83,83.0,WiFi
8216,2024-09-23 03:38:00,SENSOR_060,PM2.5,Cali,Occidente,105.73,µg/m3,Critico,30.16,47.0,Ethernet
8217,2024-10-12 09:24:00,SENSOR_011,Ruido,Barranquilla,Centro,52.65,dB,Normal,,77.0,LoRaWAN
8218,2024-02-15 06:58:00,SENSOR_033,Ruido,Cartagena,Occidente,41.76,dB,Normal,80.5,90.0,WiFi
8219,2024-07-05 06:24:00,SENSOR_086,Humedad,Bucaramanga,Sur,89.65,%,Alerta,64.32,52.0,WiFi
8220,2024-01-02 19:53:00,SENSOR_012,Temperatura,Barranquilla,Norte,22.57,°C,Normal,39.02,87.0,WiFi
8221,2024-12-01 04:59:00,SENSOR_023,Humedad,Bucaramanga,Oriente,39.32,%,Alerta,31.97,41.0,WiFi
8222,2024-02-22 20:00:00,SENSOR_061,Ruido,Cali,Sur,44.42,dB,Normal,49.87,24.0,Ethernet
8223,2024-04-18 21:56:00,SENSOR_004,Ruido,Barranquilla,Occidente,39.11,dB,Normal,95.86,52.0,Ethernet
8224,2024-03-11 09:21:00,SENSOR_033,Ruido,Medellin,Occidente,93.78,dB,Critico,8.7,93.0,Ethernet
8225,2024-11-24 08:52:00,SENSOR_069,Temperatura,Bogota,Centro,29.57,°C,Alerta,8.73,98.0,WiFi
8226,2024-05-09 17:18:00,SENSOR_046,Temperatura,Bucaramanga,Sur,23.98,°C,Normal,60.58,97.0,WiFi
8227,2024-03-30 15:21:00,SENSOR_086,Temperatura,Cali,Sur,33.99,°C,Critico,43.87,95.0,LoRaWAN
8228,2024-03-14 20:48:00,SENSOR_073,Humedad,Bucaramanga,Sur,65.19,%,Normal,97.38,73.0,WiFi
8229,2024-07-13 17:30:00,SENSOR_012,Ruido,Cali,Occidente,41.8,dB,Normal,59.29,83.0,WiFi
8230,2024-10-23 03:19:00,SENSOR_024,CO2,Barranquilla,Norte,416.86,ppm,Normal,88.46,95.0,LoRaWAN
8231,2024-05-15 09:39:00,SENSOR_100,Ruido,Barranquilla,Occidente,66.95,dB,Normal,98.66,58.0,WiFi
8232,2024-04-27 01:33:00,SENSOR_006,Humedad,Bogota,Oriente,31.55,%,Alerta,20.59,71.0,Ethernet
8233,2024-11-07 15:44:00,SENSOR_031,Ruido,Cartagena,Centro,36.85,dB,Normal,29.02,24.0,Ethernet
8234,2024-04-05 13:57:00,SENSOR_065,Ruido,Bucaramanga,Sur,46.61,dB,Normal,99.35,69.0,WiFi
8235,2024-03-12 17:07:00,SENSOR_034,PM2.5,Bucaramanga,Occidente,105.51,µg/m3,Critico,84.4,75.0,LoRaWAN
8236,2024-04-06 07:46:00,SENSOR_052,PM2.5,Cali,Norte,75.47,µg/m3,Critico,61.95,29.0,Ethernet
8237,2024-03-03 17:04:00,SENSOR_032,PM2.5,Bogota,Sur,55.59,µg/m3,Alerta,75.61,34.0,LoRaWAN
8238,2024-10-04 18:11:00,SENSOR_024,Temperatura,Medellin,Centro,30.16,°C,Alerta,51.83,34.0,4G
8239,2024-04-17 19:21:00,SENSOR_060,CO2,Bucaramanga,Oriente,1378.62,ppm,Critico,28.53,57.0,LoRaWAN
8240,2024-02-03 12:07:00,SENSOR_013,Humedad,Barranquilla,Sur,73.26,%,Normal,74.42,21.0,4G
8241,2024-07-18 13:58:00,SENSOR_081,Ruido,Bucaramanga,Oriente,82.79,dB,Alerta,9.42,78.0,WiFi
8242,2024-06-14 09:57:00,SENSOR_032,CO2,Bogota,Occidente,1279.93,ppm,Critico,82.49,52.0,WiFi
8243,2024-12-13 21:55:00,SENSOR_083,Ruido,Bogota,Occidente,54.74,dB,Normal,55.35,85.0,Ethernet
8244,2024-04-22 18:48:00,SENSOR_015,Humedad,Medellin,Sur,71.23,%,Normal,62.6,44.0,4G
8245,2024-07-14 06:56:00,SENSOR_072,Temperatura,Barranquilla,Norte,18.03,°C,Normal,29.6,70.0,LoRaWAN
8246,2024-09-17 04:10:00,SENSOR_064,PM2.5,Medellin,Occidente,55.88,µg/m3,Alerta,43.48,86.0,Ethernet
8247,2024-01-16 06:07:00,SENSOR_077,Humedad,Bucaramanga,Sur,90.44,%,Critico,76.37,98.0,WiFi
8248,2024-12-03 23:21:00,SENSOR_015,Humedad,Medellin,Oriente,48.2,%,Normal,92.66,52.0,4G
8249,2024-08-21 21:45:00,SENSOR_072,Ruido,Cali,Occidente,46.41,dB,Normal,51.0,47.0,LoRaWAN
8250,2024-09-16 11:59:00,SENSOR_007,PM2.5,Cartagena,Sur,49.46,µg/m3,Alerta,41.0,88.0,Ethernet
8251,2024-08-10 13:23:00,SENSOR_051,Ruido,Cartagena,Sur,88.24,dB,Critico,42.57,54.0,WiFi
8252,2024-09-13 18:01:00,SENSOR_069,Temperatura,Medellin,Occidente,29.98,°C,Alerta,49.47,58.0,Ethernet
8253,2024-05-31 17:00:00,SENSOR_024,Humedad,Medellin,Oriente,53.38,%,Normal,52.04,65.0,LoRaWAN
8254,2024-06-23 06:00:00,SENSOR_082,Temperatura,Cali,Centro,24.39,°C,Normal,72.89,53.0,Ethernet
8255,2024-01-10 02:37:00,SENSOR_059,Ruido,Barranquilla,Norte,,dB,Sin_Dato,76.25,45.0,LoRaWAN
8256,2024-11-18 12:18:00,SENSOR_045,Temperatura,Barranquilla,Centro,31.94,°C,Alerta,9.94,72.0,LoRaWAN
8257,2024-09-03 08:54:00,SENSOR_073,Humedad,Bogota,Sur,74.34,%,Normal,53.71,75.0,4G
8258,2024-09-11 03:22:00,SENSOR_063,Temperatura,Bucaramanga,Norte,21.57,°C,Normal,66.55,51.0,Ethernet
8259,2024-02-28 05:51:00,SENSOR_056,Ruido,Cali,Sur,49.6,dB,Normal,80.58,70.0,WiFi
8260,2024-03-29 22:31:00,SENSOR_077,PM2.5,Cartagena,Sur,92.49,µg/m3,Critico,31.32,76.0,WiFi
8261,2024-01-25 20:30:00,SENSOR_069,Temperatura,Medellin,Centro,21.96,°C,Normal,95.31,31.0,LoRaWAN
8262,2024-05-01 18:11:00,SENSOR_021,PM2.5,Bucaramanga,Oriente,89.05,µg/m3,Critico,42.15,55.0,4G
8263,2024-06-16 04:26:00,SENSOR_017,PM2.5,Bucaramanga,Occidente,60.67,µg/m3,Alerta,60.75,38.0,Ethernet
8264,2024-11-29 13:16:00,SENSOR_094,Temperatura,Bucaramanga,Norte,15.04,°C,Normal,27.81,24.0,Ethernet
8265,2024-09-27 15:23:00,SENSOR_045,Humedad,Bogota,Oriente,69.3,%,Normal,8.42,29.0,Ethernet
8266,2024-12-06 03:46:00,SENSOR_011,PM2.5,Cartagena,Occidente,57.51,µg/m3,Alerta,29.66,47.0,WiFi
8267,2024-03-29 08:40:00,SENSOR_009,Ruido,Cali,Centro,41.31,dB,Normal,71.84,76.0,LoRaWAN
8268,2024-10-29 08:52:00,SENSOR_096,Humedad,Cartagena,Norte,82.68,%,Alerta,,75.0,Ethernet
8269,2024-11-01 22:37:00,SENSOR_028,Ruido,Cali,Occidente,65.09,dB,Normal,80.63,46.0,WiFi
8270,2024-05-20 00:56:00,SENSOR_004,PM2.5,Cartagena,Sur,107.57,µg/m3,Critico,8.46,82.0,Ethernet
8271,2024-02-11 23:51:00,SENSOR_021,CO2,Bogota,Norte,1311.58,ppm,Critico,81.24,31.0,4G
8272,2024-04-28 16:52:00,SENSOR_057,PM2.5,Cartagena,Centro,6.19,µg/m3,Normal,98.7,27.0,4G
8273,2024-08-11 18:51:00,SENSOR_036,Temperatura,Cali,Occidente,21.61,°C,Normal,77.23,48.0,LoRaWAN
8274,2024-09-11 01:33:00,SENSOR_025,Humedad,Bucaramanga,Sur,56.32,%,Normal,72.14,44.0,WiFi
8275,2024-09-10 10:15:00,SENSOR_006,Ruido,Cali,Norte,61.77,dB,Normal,41.2,23.0,Ethernet
8276,2024-01-05 23:52:00,SENSOR_002,Temperatura,Cartagena,Norte,17.74,°C,Normal,9.17,100.0,Ethernet
8277,2024-06-11 19:27:00,SENSOR_079,PM2.5,Medellin,Sur,100.66,µg/m3,Critico,10.26,49.0,4G
8278,2024-05-17 14:13:00,SENSOR_061,CO2,Barranquilla,Oriente,1737.22,ppm,Critico,79.89,31.0,Ethernet
8279,2024-12-26 04:41:00,SENSOR_047,Ruido,Bucaramanga,Sur,69.96,dB,Normal,43.96,89.0,WiFi
8280,2024-10-09 19:45:00,SENSOR_043,Humedad,Cali,Oriente,77.3,%,Normal,29.34,97.0,LoRaWAN
8281,2024-03-07 03:21:00,SENSOR_057,CO2,Bogota,Oriente,526.47,ppm,Normal,40.97,64.0,4G
8282,2024-04-11 09:00:00,SENSOR_095,Ruido,Medellin,Oriente,62.67,dB,Normal,36.48,79.0,Ethernet
8283,2024-04-11 00:10:00,SENSOR_013,Ruido,Barranquilla,Norte,50.55,dB,Normal,35.35,81.0,WiFi
8284,2024-08-29 02:59:00,SENSOR_074,PM2.5,Bogota,Oriente,51.99,µg/m3,Alerta,33.43,48.0,4G
8285,2024-04-11 17:10:00,SENSOR_027,Humedad,Barranquilla,Occidente,40.52,%,Normal,25.06,92.0,WiFi
8286,2024-04-21 15:37:00,SENSOR_001,Temperatura,Barranquilla,Oriente,17.47,°C,Normal,,100.0,4G
8287,2024-05-29 01:30:00,SENSOR_084,Temperatura,Barranquilla,Centro,15.19,°C,Normal,21.27,62.0,WiFi
8288,2024-04-08 23:52:00,SENSOR_069,PM2.5,Barranquilla,Oriente,27.16,µg/m3,Normal,75.78,63.0,Ethernet
8289,2024-03-13 21:42:00,SENSOR_040,Humedad,Barranquilla,Oriente,31.81,%,Alerta,,64.0,4G
8290,2024-11-26 04:12:00,SENSOR_007,CO2,Cartagena,Oriente,,ppm,Sin_Dato,19.29,87.0,4G
8291,2024-05-03 07:54:00,SENSOR_075,Ruido,Barranquilla,Oriente,84.47,dB,Alerta,96.05,87.0,4G
8292,2024-06-14 16:38:00,SENSOR_049,PM2.5,Cali,Occidente,110.61,µg/m3,Critico,86.6,50.0,WiFi
8293,2024-11-02 23:37:00,SENSOR_039,Ruido,Cali,Norte,42.11,dB,Normal,86.11,50.0,Ethernet
8294,2024-08-08 08:12:00,SENSOR_024,Ruido,Cali,Occidente,61.81,dB,Normal,34.0,77.0,LoRaWAN
8295,2024-08-06 00:44:00,SENSOR_013,CO2,Bogota,Occidente,977.49,ppm,Alerta,36.78,38.0,WiFi
8296,2024-10-24 23:54:00,SENSOR_049,Humedad,Bucaramanga,Centro,47.6,%,Normal,53.33,53.0,4G
8297,2024-01-20 22:19:00,SENSOR_092,PM2.5,Barranquilla,Occidente,53.95,µg/m3,Alerta,,84.0,LoRaWAN
8298,2024-05-20 05:44:00,SENSOR_068,PM2.5,Cartagena,Norte,39.93,µg/m3,Alerta,79.71,31.0,4G
8299,2024-05-16 12:59:00,SENSOR_081,PM2.5,Bucaramanga,Norte,29.93,µg/m3,Normal,96.68,78.0,Ethernet
8300,2024-12-21 11:16:00,SENSOR_070,Humedad,Barranquilla,Oriente,44.66,%,Normal,26.9,53.0,4G
8301,2024-06-26 14:48:00,SENSOR_075,Temperatura,Barranquilla,Sur,26.24,°C,Normal,87.99,85.0,Ethernet
8302,2024-06-13 22:16:00,SENSOR_001,Ruido,Cali,Centro,73.63,dB,Alerta,54.81,71.0,4G
8303,2024-03-14 12:22:00,SENSOR_093,Ruido,Cartagena,Norte,61.66,dB,Normal,68.73,51.0,LoRaWAN
8304,2024-07-16 04:59:00,SENSOR_050,Humedad,Bucaramanga,Centro,89.25,%,Alerta,57.83,80.0,WiFi
8305,2024-07-10 13:32:00,SENSOR_072,PM2.5,Bogota,Norte,99.91,µg/m3,Critico,75.93,23.0,4G
8306,2024-08-18 14:46:00,SENSOR_095,CO2,Cali,Oriente,879.12,ppm,Alerta,9.87,,WiFi
8307,2024-04-17 14:50:00,SENSOR_022,PM2.5,Bogota,Occidente,29.49,µg/m3,Normal,25.67,,4G
8308,2024-02-05 19:02:00,SENSOR_072,Humedad,Barranquilla,Oriente,78.55,%,Normal,43.87,44.0,WiFi
8309,2024-03-17 06:13:00,SENSOR_082,Ruido,Medellin,Norte,57.97,dB,Normal,93.51,46.0,LoRaWAN
8310,2024-12-13 01:59:00,SENSOR_077,PM2.5,Barranquilla,Occidente,105.58,µg/m3,Critico,33.41,88.0,4G
8311,2024-03-12 03:41:00,SENSOR_071,Temperatura,Cali,Norte,29.4,°C,Alerta,48.22,97.0,4G
8312,2024-11-01 21:24:00,SENSOR_076,Humedad,Medellin,Occidente,32.33,%,Alerta,96.11,53.0,Ethernet
8313,2024-04-22 13:36:00,SENSOR_067,PM2.5,Cartagena,Sur,33.96,µg/m3,Normal,16.8,63.0,LoRaWAN
8314,2024-10-01 20:46:00,SENSOR_016,PM2.5,Cartagena,Oriente,,µg/m3,Sin_Dato,88.72,91.0,WiFi
8315,2024-01-08 11:27:00,SENSOR_020,Temperatura,Cartagena,Centro,31.9,°C,Alerta,86.13,24.0,Ethernet
8316,2024-04-09 05:33:00,SENSOR_073,PM2.5,Cali,Occidente,28.58,µg/m3,Normal,5.4,82.0,WiFi
8317,2024-09-19 06:24:00,SENSOR_088,Ruido,Bucaramanga,Norte,88.52,dB,Critico,67.25,77.0,WiFi
8318,2024-07-22 18:18:00,SENSOR_006,Temperatura,Cartagena,Oriente,17.18,°C,Normal,79.15,23.0,4G
8319,2024-04-26 20:28:00,SENSOR_047,Temperatura,Cali,Sur,13.02,°C,Normal,20.74,80.0,Ethernet
8320,2024-06-28 09:18:00,SENSOR_013,Temperatura,Bogota,Sur,31.93,°C,Alerta,42.4,50.0,WiFi
8321,2024-11-11 06:11:00,SENSOR_061,Humedad,Cartagena,Centro,46.71,%,Normal,31.97,29.0,LoRaWAN
8322,2024-11-18 14:06:00,SENSOR_050,CO2,Bogota,Norte,,ppm,Sin_Dato,91.92,46.0,Ethernet
8323,2024-08-27 18:01:00,SENSOR_088,CO2,Cali,Centro,1603.42,ppm,Critico,50.72,41.0,WiFi
8324,2024-04-06 00:21:00,SENSOR_070,Temperatura,Barranquilla,Sur,23.96,°C,Normal,88.41,90.0,LoRaWAN
8325,2024-12-25 06:36:00,SENSOR_016,PM2.5,Medellin,Oriente,98.66,µg/m3,Critico,58.23,28.0,WiFi
8326,2024-12-17 20:33:00,SENSOR_028,Temperatura,Barranquilla,Centro,27.04,°C,Normal,36.29,91.0,4G
8327,2024-02-21 12:40:00,SENSOR_017,Humedad,Medellin,Sur,83.3,%,Alerta,41.47,69.0,Ethernet
8328,2024-08-21 08:15:00,SENSOR_007,Temperatura,Medellin,Centro,18.43,°C,Normal,51.15,67.0,LoRaWAN
8329,2024-12-24 15:11:00,SENSOR_058,CO2,Barranquilla,Centro,1695.02,ppm,Critico,90.93,32.0,Ethernet
8330,2024-02-18 19:48:00,SENSOR_042,Humedad,Cartagena,Centro,92.1,%,Critico,32.96,53.0,WiFi
8331,2024-06-03 12:54:00,SENSOR_087,CO2,Cartagena,Oriente,908.65,ppm,Alerta,26.91,58.0,WiFi
8332,2024-09-16 02:43:00,SENSOR_089,Humedad,Bucaramanga,Sur,,%,Sin_Dato,77.05,73.0,4G
8333,2024-03-18 18:43:00,SENSOR_085,CO2,Bogota,Norte,1557.96,ppm,Critico,22.92,,WiFi
8334,2024-11-09 07:12:00,SENSOR_003,Humedad,Bucaramanga,Oriente,31.95,%,Alerta,80.88,23.0,4G
8335,2024-10-23 08:28:00,SENSOR_070,Ruido,Cali,Centro,64.25,dB,Normal,69.48,28.0,4G
8336,2024-03-19 21:02:00,SENSOR_005,Ruido,Bucaramanga,Norte,88.7,dB,Critico,96.5,28.0,Ethernet
8337,2024-01-28 19:59:00,SENSOR_099,Ruido,Barranquilla,Occidente,66.75,dB,Normal,93.18,55.0,4G
8338,2024-07-01 23:24:00,SENSOR_056,CO2,Cartagena,Occidente,323.17,ppm,Normal,10.96,91.0,Ethernet
8339,2024-02-29 04:59:00,SENSOR_062,PM2.5,Bucaramanga,Centro,27.14,µg/m3,Normal,73.65,44.0,4G
8340,2024-05-29 13:13:00,SENSOR_045,Humedad,Bogota,Sur,78.56,%,Normal,80.06,57.0,4G
8341,2024-05-13 14:26:00,SENSOR_037,Ruido,Bogota,Occidente,68.56,dB,Normal,56.96,68.0,4G
8342,2024-12-10 20:39:00,SENSOR_099,Ruido,Bogota,Occidente,88.11,dB,Critico,8.95,48.0,Ethernet
8343,2024-02-05 07:08:00,SENSOR_065,Temperatura,Bogota,Oriente,15.57,°C,Normal,74.6,37.0,Ethernet
8344,2024-07-07 15:52:00,SENSOR_037,PM2.5,Cartagena,Occidente,18.68,µg/m3,Normal,58.13,59.0,LoRaWAN
8345,2024-05-02 23:47:00,SENSOR_054,Temperatura,Medellin,Sur,13.11,°C,Normal,81.72,71.0,LoRaWAN
8346,2024-12-13 20:13:00,SENSOR_055,PM2.5,Bogota,Centro,64.87,µg/m3,Alerta,29.61,97.0,WiFi
8347,2024-10-01 03:05:00,SENSOR_078,CO2,Cali,Sur,1284.59,ppm,Critico,23.99,39.0,LoRaWAN
8348,2024-05-12 18:03:00,SENSOR_054,PM2.5,Bogota,Sur,26.44,µg/m3,Normal,14.11,60.0,Ethernet
8349,2024-04-07 12:11:00,SENSOR_044,Ruido,Bogota,Oriente,47.61,dB,Normal,9.91,35.0,Ethernet
8350,2024-06-15 14:56:00,SENSOR_041,Ruido,Barranquilla,Norte,94.21,dB,Critico,32.81,27.0,WiFi
8351,2024-01-02 20:15:00,SENSOR_089,Ruido,Cali,Oriente,97.56,dB,Critico,95.76,40.0,Ethernet
8352,2024-01-20 02:30:00,SENSOR_070,Temperatura,Bucaramanga,Norte,24.27,°C,Normal,35.99,48.0,Ethernet
8353,2024-05-17 22:13:00,SENSOR_015,CO2,Cali,Sur,1679.7,ppm,Critico,22.15,67.0,LoRaWAN
8354,2024-03-15 08:34:00,SENSOR_075,Ruido,Barranquilla,Oriente,67.08,dB,Normal,30.35,84.0,WiFi
8355,2024-07-19 04:55:00,SENSOR_021,Temperatura,Barranquilla,Centro,,°C,Sin_Dato,91.04,35.0,4G
8356,2024-06-02 07:15:00,SENSOR_100,Ruido,Cali,Occidente,50.53,dB,Normal,47.23,31.0,LoRaWAN
8357,2024-02-14 00:07:00,SENSOR_039,CO2,Cali,Occidente,916.29,ppm,Alerta,85.61,27.0,4G
8358,2024-10-24 15:08:00,SENSOR_085,CO2,Cartagena,Centro,1064.54,ppm,Alerta,,53.0,WiFi
8359,2024-04-20 17:09:00,SENSOR_063,CO2,Medellin,Norte,370.75,ppm,Normal,39.44,44.0,LoRaWAN
8360,2024-06-07 03:36:00,SENSOR_100,CO2,Barranquilla,Occidente,1615.84,ppm,Critico,25.24,86.0,4G
8361,2024-10-01 03:14:00,SENSOR_084,Temperatura,Bogota,Oriente,30.67,°C,Alerta,85.65,98.0,LoRaWAN
8362,2024-06-28 04:01:00,SENSOR_042,CO2,Bucaramanga,Occidente,1334.66,ppm,Critico,80.54,79.0,LoRaWAN
8363,2024-08-10 09:54:00,SENSOR_030,Ruido,Cali,Occidente,64.88,dB,Normal,66.05,66.0,4G
8364,2024-12-29 22:44:00,SENSOR_026,Temperatura,Medellin,Centro,20.7,°C,Normal,50.4,78.0,WiFi
8365,2024-02-16 05:33:00,SENSOR_081,Ruido,Medellin,Sur,53.01,dB,Normal,71.49,75.0,Ethernet
8366,2024-06-11 23:23:00,SENSOR_054,Ruido,Cali,Centro,92.29,dB,Critico,29.02,,LoRaWAN
8367,2024-01-06 18:14:00,SENSOR_001,Humedad,Bucaramanga,Occidente,58.35,%,Normal,21.79,41.0,4G
8368,2024-01-17 08:57:00,SENSOR_075,Ruido,Bogota,Occidente,36.08,dB,Normal,58.32,62.0,Ethernet
8369,2024-06-21 11:25:00,SENSOR_030,Humedad,Barranquilla,Sur,64.32,%,Normal,23.91,37.0,LoRaWAN
8370,2024-02-25 20:44:00,SENSOR_090,Ruido,Barranquilla,Occidente,66.97,dB,Normal,46.0,45.0,WiFi
8371,2024-10-06 11:33:00,SENSOR_063,PM2.5,Cali,Centro,116.36,µg/m3,Critico,99.08,77.0,LoRaWAN
8372,2024-08-19 21:11:00,SENSOR_041,PM2.5,Barranquilla,Sur,6.71,µg/m3,Normal,78.42,95.0,WiFi
8373,2024-09-18 16:01:00,SENSOR_089,Humedad,Bucaramanga,Sur,88.13,%,Alerta,23.55,55.0,4G
8374,2024-07-18 10:02:00,SENSOR_017,CO2,Bogota,Oriente,1618.01,ppm,Critico,28.36,72.0,WiFi
8375,2024-03-18 06:26:00,SENSOR_076,Ruido,Cali,Oriente,40.98,dB,Normal,31.48,54.0,Ethernet
8376,2024-05-23 20:15:00,SENSOR_008,Humedad,Bucaramanga,Occidente,70.02,%,Normal,90.09,45.0,WiFi
8377,2024-04-24 03:31:00,SENSOR_072,PM2.5,Barranquilla,Sur,36.0,µg/m3,Alerta,8.57,,LoRaWAN
8378,2024-03-10 18:54:00,SENSOR_091,Temperatura,Medellin,Oriente,32.36,°C,Critico,35.6,91.0,LoRaWAN
8379,2024-08-16 07:49:00,SENSOR_066,Humedad,Bogota,Centro,47.73,%,Normal,96.63,90.0,LoRaWAN
8380,2024-12-16 02:39:00,SENSOR_004,CO2,Cartagena,Oriente,1351.71,ppm,Critico,71.68,32.0,4G
8381,2024-09-25 15:06:00,SENSOR_048,PM2.5,Medellin,Oriente,103.79,µg/m3,Critico,41.32,58.0,WiFi
8382,2024-03-25 05:43:00,SENSOR_081,Humedad,Barranquilla,Centro,94.68,%,Critico,96.39,82.0,WiFi
8383,2024-07-26 01:35:00,SENSOR_012,Ruido,Cartagena,Oriente,59.78,dB,Normal,6.73,87.0,WiFi
8384,2024-10-05 12:15:00,SENSOR_044,Humedad,Cartagena,Oriente,64.42,%,Normal,67.74,96.0,Ethernet
8385,2024-05-26 09:42:00,SENSOR_090,CO2,Barranquilla,Norte,422.66,ppm,Normal,39.77,31.0,LoRaWAN
8386,2024-12-17 04:44:00,SENSOR_058,CO2,Cartagena,Norte,1359.88,ppm,Critico,83.3,38.0,4G
8387,2024-11-13 13:18:00,SENSOR_049,Humedad,Cali,Occidente,71.12,%,Normal,67.48,34.0,LoRaWAN
8388,2024-07-26 14:49:00,SENSOR_099,Humedad,Cartagena,Norte,80.77,%,Alerta,62.22,27.0,LoRaWAN
8389,2024-05-17 16:39:00,SENSOR_096,PM2.5,Medellin,Oriente,79.52,µg/m3,Critico,82.23,93.0,LoRaWAN
8390,2024-06-06 23:11:00,SENSOR_043,CO2,Barranquilla,Oriente,319.86,ppm,Normal,85.3,31.0,WiFi
8391,2024-07-13 08:49:00,SENSOR_072,PM2.5,Cartagena,Oriente,44.46,µg/m3,Alerta,30.04,55.0,Ethernet
8392,2024-05-12 04:34:00,SENSOR_065,Humedad,Cartagena,Oriente,,%,Sin_Dato,75.87,95.0,Ethernet
8393,2024-11-23 21:03:00,SENSOR_082,Ruido,Medellin,Occidente,86.99,dB,Critico,64.7,76.0,4G
8394,2024-12-15 15:37:00,SENSOR_026,CO2,Bogota,Centro,,ppm,Sin_Dato,66.57,63.0,WiFi
8395,2024-11-27 23:32:00,SENSOR_052,Temperatura,Bucaramanga,Sur,32.6,°C,Critico,94.52,76.0,LoRaWAN
8396,2024-06-25 02:27:00,SENSOR_029,Ruido,Barranquilla,Occidente,48.02,dB,Normal,13.08,90.0,4G
8397,2024-06-25 21:23:00,SENSOR_053,Ruido,Bucaramanga,Occidente,42.26,dB,Normal,5.84,82.0,LoRaWAN
8398,2024-12-23 18:41:00,SENSOR_003,Humedad,Cartagena,Norte,37.34,%,Alerta,69.12,97.0,Ethernet
8399,2024-02-07 02:11:00,SENSOR_013,Temperatura,Bucaramanga,Sur,31.63,°C,Alerta,98.32,51.0,LoRaWAN
8400,2024-05-05 23:16:00,SENSOR_086,CO2,Barranquilla,Centro,1114.29,ppm,Alerta,,92.0,4G
8401,2024-06-01 13:37:00,SENSOR_054,PM2.5,Cali,Oriente,16.93,µg/m3,Normal,37.08,96.0,4G
8402,2024-04-22 08:20:00,SENSOR_055,Humedad,Bogota,Sur,39.93,%,Alerta,74.98,52.0,Ethernet
8403,2024-03-13 10:34:00,SENSOR_019,Humedad,Bucaramanga,Centro,80.99,%,Alerta,,36.0,Ethernet
8404,2024-02-21 10:31:00,SENSOR_057,Humedad,Bucaramanga,Centro,43.39,%,Normal,60.33,69.0,LoRaWAN
8405,2024-07-31 02:38:00,SENSOR_083,Ruido,Bucaramanga,Occidente,45.11,dB,Normal,35.76,26.0,Ethernet
8406,2024-06-24 10:55:00,SENSOR_055,Temperatura,Cali,Oriente,26.09,°C,Normal,76.83,81.0,LoRaWAN
8407,2024-02-22 17:53:00,SENSOR_098,CO2,Bogota,Sur,343.2,ppm,Normal,59.82,76.0,4G
8408,2024-10-18 06:26:00,SENSOR_038,Temperatura,Medellin,Sur,11.17,°C,Normal,81.81,94.0,LoRaWAN
8409,2024-01-03 01:05:00,SENSOR_082,PM2.5,Cali,Centro,95.82,µg/m3,Critico,89.46,75.0,LoRaWAN
8410,2024-01-28 15:22:00,SENSOR_037,Humedad,Barranquilla,Occidente,75.5,%,Normal,38.0,59.0,4G
8411,2024-03-04 12:17:00,SENSOR_068,Humedad,Cali,Centro,92.68,%,Critico,18.86,48.0,4G
8412,2024-10-01 06:26:00,SENSOR_043,Humedad,Bucaramanga,Sur,46.31,%,Normal,99.78,56.0,4G
8413,2024-08-22 08:27:00,SENSOR_045,CO2,Medellin,Norte,1149.91,ppm,Alerta,75.2,55.0,WiFi
8414,2024-08-24 05:06:00,SENSOR_087,PM2.5,Bucaramanga,Occidente,9.6,µg/m3,Normal,73.34,62.0,Ethernet
8415,2024-01-06 10:50:00,SENSOR_004,PM2.5,Bucaramanga,Norte,98.14,µg/m3,Critico,,90.0,WiFi
8416,2024-08-29 17:07:00,SENSOR_011,Temperatura,Bogota,Sur,28.01,°C,Alerta,82.28,56.0,LoRaWAN
8417,2024-01-11 17:52:00,SENSOR_040,CO2,Bogota,Centro,491.35,ppm,Normal,34.75,77.0,WiFi
8418,2024-05-02 04:18:00,SENSOR_073,Ruido,Cartagena,Centro,42.6,dB,Normal,39.98,,4G
8419,2024-09-19 18:57:00,SENSOR_083,Humedad,Barranquilla,Oriente,71.71,%,Normal,76.35,73.0,Ethernet
8420,2024-10-24 12:19:00,SENSOR_011,Temperatura,Cartagena,Occidente,26.38,°C,Normal,19.75,97.0,LoRaWAN
8421,2024-08-24 12:52:00,SENSOR_019,Humedad,Bogota,Norte,51.38,%,Normal,23.23,53.0,WiFi
8422,2024-07-14 09:53:00,SENSOR_042,PM2.5,Barranquilla,Oriente,35.18,µg/m3,Alerta,88.79,75.0,4G
8423,2024-10-04 06:07:00,SENSOR_080,Humedad,Bogota,Sur,71.95,%,Normal,48.37,,Ethernet
8424,2024-10-22 14:27:00,SENSOR_058,PM2.5,Cali,Sur,16.08,µg/m3,Normal,84.19,54.0,4G
8425,2024-05-15 11:14:00,SENSOR_028,CO2,Bucaramanga,Sur,1723.18,ppm,Critico,46.08,31.0,Ethernet
8426,2024-11-09 20:02:00,SENSOR_001,Ruido,Cartagena,Centro,89.3,dB,Critico,99.12,48.0,WiFi
8427,2024-05-26 16:09:00,SENSOR_004,CO2,Barranquilla,Norte,1764.5,ppm,Critico,23.02,71.0,LoRaWAN
8428,2024-12-08 17:20:00,SENSOR_018,PM2.5,Barranquilla,Centro,58.93,µg/m3,Alerta,,40.0,WiFi
8429,2024-06-21 10:28:00,SENSOR_089,CO2,Medellin,Centro,430.58,ppm,Normal,93.32,66.0,4G
8430,2024-05-25 22:39:00,SENSOR_062,Temperatura,Medellin,Sur,15.65,°C,Normal,76.98,77.0,LoRaWAN
8431,2024-07-29 10:31:00,SENSOR_056,Humedad,Cartagena,Norte,60.81,%,Normal,40.05,54.0,WiFi
8432,2024-08-16 10:05:00,SENSOR_025,PM2.5,Medellin,Occidente,5.95,µg/m3,Normal,44.99,75.0,Ethernet
8433,2024-08-29 16:03:00,SENSOR_003,Ruido,Cartagena,Norte,87.51,dB,Critico,44.21,29.0,Ethernet
8434,2024-12-22 01:37:00,SENSOR_017,Temperatura,Barranquilla,Norte,12.18,°C,Normal,92.8,42.0,4G
8435,2024-03-03 10:17:00,SENSOR_011,Humedad,Bogota,Centro,60.03,%,Normal,96.54,96.0,LoRaWAN
8436,2024-11-12 22:58:00,SENSOR_090,PM2.5,Cali,Oriente,39.07,µg/m3,Alerta,11.98,78.0,4G
8437,2024-01-14 20:29:00,SENSOR_054,Humedad,Bogota,Centro,45.7,%,Normal,65.67,100.0,WiFi
8438,2024-10-09 17:29:00,SENSOR_096,Humedad,Cali,Occidente,43.08,%,Normal,12.05,84.0,Ethernet
8439,2024-03-23 03:54:00,SENSOR_083,Temperatura,Barranquilla,Centro,18.59,°C,Normal,89.35,32.0,4G
8440,2024-04-12 08:40:00,SENSOR_050,Temperatura,Bogota,Oriente,14.33,°C,Normal,46.15,63.0,4G
8441,2024-06-13 21:56:00,SENSOR_009,CO2,Medellin,Occidente,1712.97,ppm,Critico,23.87,76.0,Ethernet
8442,2024-05-28 01:11:00,SENSOR_060,CO2,Cali,Norte,998.54,ppm,Alerta,33.24,21.0,LoRaWAN
8443,2024-09-15 07:38:00,SENSOR_083,Humedad,Cali,Centro,50.05,%,Normal,90.56,96.0,LoRaWAN
8444,2024-10-13 15:32:00,SENSOR_009,Temperatura,Bogota,Oriente,34.79,°C,Critico,31.69,69.0,Ethernet
8445,2024-11-06 23:17:00,SENSOR_076,Humedad,Barranquilla,Centro,73.92,%,Normal,15.0,,4G
8446,2024-05-22 20:22:00,SENSOR_013,CO2,Bucaramanga,Oriente,1440.67,ppm,Critico,42.52,21.0,Ethernet
8447,2024-11-23 09:29:00,SENSOR_088,Temperatura,Cartagena,Sur,27.81,°C,Normal,99.54,67.0,LoRaWAN
8448,2024-08-18 15:23:00,SENSOR_095,CO2,Bucaramanga,Oriente,1492.28,ppm,Critico,16.57,68.0,WiFi
8449,2024-11-14 17:36:00,SENSOR_012,Temperatura,Bucaramanga,Norte,20.22,°C,Normal,45.65,66.0,LoRaWAN
8450,2024-05-25 02:15:00,SENSOR_008,Ruido,Cali,Centro,53.59,dB,Normal,47.5,,Ethernet
8451,2024-01-01 00:06:00,SENSOR_035,PM2.5,Cartagena,Norte,97.5,µg/m3,Critico,14.67,53.0,LoRaWAN
8452,2024-07-23 05:37:00,SENSOR_005,Ruido,Bogota,Norte,89.54,dB,Critico,58.57,23.0,WiFi
8453,2024-01-18 00:15:00,SENSOR_009,Humedad,Medellin,Occidente,32.53,%,Alerta,43.76,38.0,4G
8454,2024-09-21 23:36:00,SENSOR_052,CO2,Medellin,Centro,1057.5,ppm,Alerta,10.02,28.0,4G
8455,2024-02-19 09:13:00,SENSOR_050,Ruido,Cali,Occidente,44.84,dB,Normal,15.42,46.0,4G
8456,2024-12-17 16:28:00,SENSOR_011,Humedad,Barranquilla,Norte,,%,Sin_Dato,94.08,69.0,WiFi
8457,2024-04-11 02:20:00,SENSOR_080,Temperatura,Bucaramanga,Norte,33.24,°C,Critico,93.37,80.0,WiFi
8458,2024-10-29 12:30:00,SENSOR_017,PM2.5,Bucaramanga,Oriente,118.07,µg/m3,Critico,30.75,79.0,LoRaWAN
8459,2024-11-24 16:36:00,SENSOR_042,Ruido,Bogota,Norte,77.87,dB,Alerta,15.26,29.0,4G
8460,2024-08-10 09:12:00,SENSOR_058,Ruido,Bogota,Oriente,77.89,dB,Alerta,90.71,89.0,Ethernet
8461,2024-12-04 09:19:00,SENSOR_038,CO2,Cali,Occidente,1017.97,ppm,Alerta,45.46,65.0,WiFi
8462,2024-03-30 07:35:00,SENSOR_062,Ruido,Cartagena,Occidente,40.34,dB,Normal,21.37,89.0,4G
8463,2024-07-18 12:48:00,SENSOR_003,CO2,Barranquilla,Norte,545.75,ppm,Normal,7.75,97.0,4G
8464,2024-11-28 10:03:00,SENSOR_031,Temperatura,Medellin,Centro,23.14,°C,Normal,47.83,57.0,LoRaWAN
8465,2024-06-27 02:54:00,SENSOR_041,PM2.5,Bucaramanga,Sur,,µg/m3,Sin_Dato,29.19,76.0,4G
8466,2024-02-02 16:51:00,SENSOR_044,Ruido,Bucaramanga,Occidente,70.7,dB,Alerta,23.22,68.0,4G
8467,2024-04-29 05:24:00,SENSOR_037,CO2,Barranquilla,Oriente,1105.37,ppm,Alerta,20.6,32.0,4G
8468,2024-01-06 15:41:00,SENSOR_036,CO2,Bogota,Centro,544.27,ppm,Normal,96.01,98.0,4G
8469,2024-08-27 16:05:00,SENSOR_003,CO2,Cali,Occidente,1273.37,ppm,Critico,76.83,24.0,4G
8470,2024-05-02 17:24:00,SENSOR_001,Temperatura,Medellin,Oriente,30.88,°C,Alerta,59.65,84.0,LoRaWAN
8471,2024-05-15 11:27:00,SENSOR_038,Humedad,Cartagena,Centro,66.56,%,Normal,94.53,38.0,Ethernet
8472,2024-04-01 16:09:00,SENSOR_021,PM2.5,Cartagena,Occidente,68.06,µg/m3,Alerta,95.53,96.0,WiFi
8473,2024-12-21 11:58:00,SENSOR_051,PM2.5,Cali,Oriente,10.93,µg/m3,Normal,22.87,30.0,WiFi
8474,2024-03-25 21:55:00,SENSOR_096,PM2.5,Bucaramanga,Centro,112.13,µg/m3,Critico,19.55,62.0,LoRaWAN
8475,2024-08-04 00:50:00,SENSOR_064,CO2,Bucaramanga,Occidente,869.65,ppm,Alerta,97.63,69.0,4G
8476,2024-07-22 21:09:00,SENSOR_033,PM2.5,Bucaramanga,Centro,38.1,µg/m3,Alerta,29.93,73.0,LoRaWAN
8477,2024-08-04 18:13:00,SENSOR_037,Ruido,Bogota,Centro,45.79,dB,Normal,79.26,28.0,4G
8478,2024-04-13 05:52:00,SENSOR_019,PM2.5,Bogota,Norte,117.94,µg/m3,Critico,69.67,37.0,WiFi
8479,2024-08-11 18:42:00,SENSOR_049,Humedad,Bogota,Norte,37.06,%,Alerta,33.43,32.0,LoRaWAN
8480,2024-01-25 15:07:00,SENSOR_095,Humedad,Bucaramanga,Sur,40.76,%,Normal,42.31,47.0,WiFi
8481,2024-11-03 23:54:00,SENSOR_058,Temperatura,Cartagena,Sur,22.37,°C,Normal,30.1,96.0,Ethernet
8482,2024-09-22 00:49:00,SENSOR_034,PM2.5,Medellin,Norte,22.91,µg/m3,Normal,,91.0,Ethernet
8483,2024-01-17 13:55:00,SENSOR_044,PM2.5,Barranquilla,Norte,31.92,µg/m3,Normal,38.86,25.0,Ethernet
8484,2024-02-27 10:24:00,SENSOR_085,PM2.5,Barranquilla,Sur,84.85,µg/m3,Critico,99.44,40.0,WiFi
8485,2024-01-05 16:43:00,SENSOR_094,Temperatura,Cartagena,Oriente,25.75,°C,Normal,92.96,87.0,LoRaWAN
8486,2024-02-08 16:59:00,SENSOR_076,PM2.5,Cartagena,Centro,72.25,µg/m3,Alerta,44.43,66.0,4G
8487,2024-06-24 05:53:00,SENSOR_094,CO2,Bucaramanga,Centro,1004.68,ppm,Alerta,96.85,58.0,4G
8488,2024-07-17 10:08:00,SENSOR_010,Humedad,Bogota,Occidente,78.14,%,Normal,66.19,55.0,Ethernet
8489,2024-07-01 07:38:00,SENSOR_004,PM2.5,Medellin,Norte,62.71,µg/m3,Alerta,76.48,38.0,WiFi
8490,2024-08-08 07:51:00,SENSOR_067,PM2.5,Bucaramanga,Norte,81.58,µg/m3,Critico,92.79,64.0,Ethernet
8491,2024-04-08 05:39:00,SENSOR_016,PM2.5,Medellin,Centro,14.18,µg/m3,Normal,86.24,34.0,Ethernet
8492,2024-02-06 18:48:00,SENSOR_073,Ruido,Cartagena,Occidente,72.49,dB,Alerta,33.62,46.0,4G
8493,2024-05-21 03:35:00,SENSOR_038,CO2,Barranquilla,Norte,1788.99,ppm,Critico,97.95,60.0,LoRaWAN
8494,2024-10-31 11:39:00,SENSOR_042,Humedad,Bogota,Oriente,74.13,%,Normal,93.15,24.0,Ethernet
8495,2024-03-15 05:02:00,SENSOR_074,CO2,Cali,Norte,861.89,ppm,Alerta,,53.0,Ethernet
8496,2024-01-01 02:31:00,SENSOR_070,Temperatura,Cali,Sur,13.23,°C,Normal,51.35,56.0,4G
8497,2024-02-09 08:47:00,SENSOR_003,Temperatura,Barranquilla,Sur,30.01,°C,Alerta,36.15,59.0,LoRaWAN
8498,2024-04-19 12:21:00,SENSOR_075,Ruido,Barranquilla,Sur,73.6,dB,Alerta,65.53,37.0,Ethernet
8499,2024-01-06 15:55:00,SENSOR_008,Humedad,Medellin,Sur,85.91,%,Alerta,41.67,71.0,Ethernet
8500,2024-12-11 04:11:00,SENSOR_042,Ruido,Bogota,Oriente,96.92,dB,Critico,28.1,39.0,WiFi
8501,2024-03-14 08:01:00,SENSOR_055,CO2,Medellin,Sur,922.58,ppm,Alerta,41.36,76.0,Ethernet
8502,2024-01-30 06:21:00,SENSOR_001,Temperatura,Bogota,Sur,28.11,°C,Alerta,93.37,75.0,Ethernet
8503,2024-10-23 04:36:00,SENSOR_050,Ruido,Bucaramanga,Norte,68.0,dB,Normal,37.06,84.0,4G
8504,2024-12-10 11:04:00,SENSOR_016,CO2,Bogota,Norte,1140.5,ppm,Alerta,95.46,92.0,Ethernet
8505,2024-06-20 19:35:00,SENSOR_037,CO2,Bogota,Oriente,,ppm,Sin_Dato,93.18,37.0,WiFi
8506,2024-04-11 14:41:00,SENSOR_090,CO2,Bogota,Norte,1055.18,ppm,Alerta,97.12,,LoRaWAN
8507,2024-05-29 23:03:00,SENSOR_019,Temperatura,Bogota,Occidente,34.3,°C,Critico,44.97,92.0,WiFi
8508,2024-02-07 15:28:00,SENSOR_075,Ruido,Cartagena,Occidente,66.13,dB,Normal,23.64,67.0,LoRaWAN
8509,2024-02-01 01:17:00,SENSOR_096,Temperatura,Barranquilla,Oriente,21.57,°C,Normal,33.07,74.0,4G
8510,2024-08-28 02:51:00,SENSOR_003,Temperatura,Medellin,Centro,34.58,°C,Critico,37.34,55.0,4G
8511,2024-10-12 01:36:00,SENSOR_084,CO2,Medellin,Sur,475.51,ppm,Normal,41.16,57.0,WiFi
8512,2024-01-01 20:19:00,SENSOR_014,PM2.5,Medellin,Occidente,,µg/m3,Sin_Dato,33.85,42.0,LoRaWAN
8513,2024-09-17 17:30:00,SENSOR_025,Temperatura,Cartagena,Occidente,30.74,°C,Alerta,20.01,93.0,WiFi
8514,2024-10-15 07:42:00,SENSOR_073,Humedad,Cali,Sur,36.12,%,Alerta,21.53,60.0,WiFi
8515,2024-04-01 07:27:00,SENSOR_071,Ruido,Medellin,Norte,80.73,dB,Alerta,10.63,40.0,4G
8516,2024-07-21 11:14:00,SENSOR_081,PM2.5,Medellin,Oriente,16.13,µg/m3,Normal,73.97,55.0,WiFi
8517,2024-01-14 22:37:00,SENSOR_066,Ruido,Bogota,Sur,78.91,dB,Alerta,81.16,28.0,LoRaWAN
8518,2024-04-10 08:14:00,SENSOR_031,PM2.5,Cali,Occidente,62.66,µg/m3,Alerta,84.21,45.0,WiFi
8519,2024-04-04 12:10:00,SENSOR_095,PM2.5,Cali,Norte,11.32,µg/m3,Normal,62.63,23.0,4G
8520,2024-12-04 11:12:00,SENSOR_069,Temperatura,Cali,Occidente,24.81,°C,Normal,21.02,77.0,LoRaWAN
8521,2024-09-15 19:39:00,SENSOR_087,CO2,Cartagena,Norte,1359.17,ppm,Critico,45.83,95.0,LoRaWAN
8522,2024-04-06 16:42:00,SENSOR_095,Ruido,Bogota,Sur,50.2,dB,Normal,13.47,23.0,LoRaWAN
8523,2024-03-30 17:22:00,SENSOR_036,PM2.5,Cali,Occidente,58.46,µg/m3,Alerta,58.42,23.0,WiFi
8524,2024-04-02 19:59:00,SENSOR_058,Ruido,Medellin,Occidente,61.78,dB,Normal,16.49,90.0,LoRaWAN
8525,2024-01-14 17:58:00,SENSOR_048,PM2.5,Barranquilla,Centro,,µg/m3,Sin_Dato,88.35,48.0,WiFi
8526,2024-09-27 15:14:00,SENSOR_004,Temperatura,Barranquilla,Occidente,14.05,°C,Normal,21.19,58.0,WiFi
8527,2024-04-26 19:21:00,SENSOR_062,Humedad,Barranquilla,Occidente,40.93,%,Normal,22.22,38.0,4G
8528,2024-01-26 17:12:00,SENSOR_075,Temperatura,Barranquilla,Oriente,27.7,°C,Normal,76.44,33.0,4G
8529,2024-05-26 04:17:00,SENSOR_035,Ruido,Medellin,Norte,80.97,dB,Alerta,44.44,37.0,4G
8530,2024-05-15 22:32:00,SENSOR_062,Ruido,Bogota,Centro,74.96,dB,Alerta,59.36,53.0,4G
8531,2024-05-13 03:44:00,SENSOR_057,CO2,Cartagena,Norte,535.98,ppm,Normal,50.09,39.0,4G
8532,2024-11-16 16:05:00,SENSOR_062,PM2.5,Cali,Occidente,56.9,µg/m3,Alerta,70.34,94.0,4G
8533,2024-07-10 00:37:00,SENSOR_060,Temperatura,Cartagena,Oriente,23.04,°C,Normal,9.63,75.0,LoRaWAN
8534,2024-11-11 05:05:00,SENSOR_044,PM2.5,Cartagena,Sur,115.7,µg/m3,Critico,99.1,27.0,LoRaWAN
8535,2024-09-18 10:40:00,SENSOR_052,Temperatura,Bogota,Norte,21.86,°C,Normal,81.73,91.0,4G
8536,2024-11-04 19:09:00,SENSOR_055,Ruido,Barranquilla,Centro,76.39,dB,Alerta,27.29,23.0,WiFi
8537,2024-07-06 19:20:00,SENSOR_083,Humedad,Bucaramanga,Sur,80.25,%,Alerta,21.37,,LoRaWAN
8538,2024-06-17 04:06:00,SENSOR_046,CO2,Barranquilla,Occidente,1775.72,ppm,Critico,78.79,68.0,4G
8539,2024-02-16 02:09:00,SENSOR_030,CO2,Medellin,Occidente,872.29,ppm,Alerta,15.54,91.0,4G
8540,2024-07-27 00:27:00,SENSOR_016,CO2,Medellin,Sur,1021.9,ppm,Alerta,58.42,83.0,Ethernet
8541,2024-08-18 03:46:00,SENSOR_088,CO2,Barranquilla,Norte,1010.06,ppm,Alerta,91.24,94.0,LoRaWAN
8542,2024-08-19 20:19:00,SENSOR_047,PM2.5,Medellin,Centro,77.58,µg/m3,Critico,70.06,27.0,LoRaWAN
8543,2024-10-24 17:16:00,SENSOR_031,CO2,Cali,Oriente,1482.1,ppm,Critico,87.14,84.0,4G
8544,2024-08-30 14:25:00,SENSOR_073,PM2.5,Cartagena,Oriente,45.44,µg/m3,Alerta,6.71,33.0,LoRaWAN
8545,2024-12-19 23:48:00,SENSOR_083,CO2,Cartagena,Centro,378.31,ppm,Normal,78.74,96.0,4G
8546,2024-07-22 23:01:00,SENSOR_091,Humedad,Cali,Occidente,38.35,%,Alerta,17.75,96.0,WiFi
8547,2024-08-06 06:01:00,SENSOR_051,Temperatura,Cartagena,Sur,22.65,°C,Normal,59.82,99.0,LoRaWAN
8548,2024-05-23 19:08:00,SENSOR_034,Ruido,Bucaramanga,Sur,82.91,dB,Alerta,53.99,74.0,4G
8549,2024-08-03 08:19:00,SENSOR_042,Temperatura,Cartagena,Norte,10.88,°C,Normal,65.75,81.0,4G
8550,2024-11-16 15:13:00,SENSOR_005,Humedad,Medellin,Occidente,47.27,%,Normal,74.33,51.0,LoRaWAN
8551,2024-05-27 00:25:00,SENSOR_030,Humedad,Bucaramanga,Norte,61.84,%,Normal,46.47,81.0,4G
8552,2024-05-06 15:12:00,SENSOR_091,CO2,Barranquilla,Sur,1722.74,ppm,Critico,15.4,89.0,LoRaWAN
8553,2024-09-19 03:06:00,SENSOR_065,Humedad,Barranquilla,Oriente,35.01,%,Alerta,51.89,52.0,WiFi
8554,2024-07-13 22:40:00,SENSOR_049,Ruido,Bucaramanga,Centro,39.44,dB,Normal,35.7,81.0,4G
8555,2024-09-11 08:10:00,SENSOR_019,Temperatura,Barranquilla,Occidente,15.18,°C,Normal,26.56,58.0,Ethernet
8556,2024-07-29 07:23:00,SENSOR_045,CO2,Cartagena,Sur,307.15,ppm,Normal,,73.0,Ethernet
8557,2024-09-29 05:09:00,SENSOR_018,Humedad,Bogota,Centro,69.18,%,Normal,70.11,34.0,LoRaWAN
8558,2024-04-03 01:00:00,SENSOR_078,Ruido,Cartagena,Norte,38.27,dB,Normal,14.08,89.0,Ethernet
8559,2024-12-10 02:02:00,SENSOR_020,Humedad,Cali,Centro,,%,Sin_Dato,66.75,90.0,Ethernet
8560,2024-11-17 12:46:00,SENSOR_038,Ruido,Barranquilla,Oriente,93.9,dB,Critico,83.11,90.0,Ethernet
8561,2024-05-18 09:54:00,SENSOR_024,Temperatura,Bucaramanga,Norte,25.63,°C,Normal,20.15,90.0,4G
8562,2024-01-05 01:25:00,SENSOR_098,Temperatura,Barranquilla,Sur,25.61,°C,Normal,44.33,20.0,Ethernet
8563,2024-06-17 20:39:00,SENSOR_022,Ruido,Cartagena,Sur,56.43,dB,Normal,25.79,82.0,LoRaWAN
8564,2024-06-29 10:36:00,SENSOR_050,Temperatura,Medellin,Oriente,32.86,°C,Critico,64.81,42.0,4G
8565,2024-04-18 22:18:00,SENSOR_071,CO2,Medellin,Centro,929.79,ppm,Alerta,55.3,84.0,LoRaWAN
8566,2024-06-01 02:26:00,SENSOR_062,Humedad,Barranquilla,Occidente,78.84,%,Normal,33.32,71.0,4G
8567,2024-06-22 21:06:00,SENSOR_081,Humedad,Cali,Centro,46.68,%,Normal,45.31,32.0,4G
8568,2024-07-20 03:32:00,SENSOR_085,PM2.5,Medellin,Occidente,39.71,µg/m3,Alerta,64.19,92.0,LoRaWAN
8569,2024-06-13 19:50:00,SENSOR_017,Temperatura,Medellin,Oriente,11.94,°C,Normal,24.71,82.0,WiFi
8570,2024-07-26 08:10:00,SENSOR_071,Temperatura,Bogota,Occidente,10.93,°C,Normal,31.74,,4G
8571,2024-12-26 11:30:00,SENSOR_087,Temperatura,Cartagena,Occidente,16.53,°C,Normal,57.67,95.0,WiFi
8572,2024-09-10 14:08:00,SENSOR_052,Temperatura,Medellin,Occidente,10.45,°C,Normal,22.22,39.0,Ethernet
8573,2024-08-16 00:44:00,SENSOR_036,Ruido,Bucaramanga,Centro,46.59,dB,Normal,53.29,57.0,LoRaWAN
8574,2024-01-07 16:43:00,SENSOR_074,Ruido,Bucaramanga,Occidente,72.32,dB,Alerta,85.15,26.0,4G
8575,2024-11-18 08:12:00,SENSOR_052,Ruido,Barranquilla,Sur,96.26,dB,Critico,27.11,,Ethernet
8576,2024-08-06 17:55:00,SENSOR_056,Ruido,Medellin,Occidente,42.95,dB,Normal,87.1,88.0,4G
8577,2024-09-23 10:46:00,SENSOR_065,Ruido,Barranquilla,Oriente,47.58,dB,Normal,46.46,90.0,Ethernet
8578,2024-07-02 03:48:00,SENSOR_083,Humedad,Bogota,Sur,58.74,%,Normal,29.19,21.0,Ethernet
8579,2024-03-06 01:21:00,SENSOR_023,Humedad,Barranquilla,Sur,56.26,%,Normal,47.65,54.0,WiFi
8580,2024-05-08 19:15:00,SENSOR_009,PM2.5,Barranquilla,Sur,67.21,µg/m3,Alerta,37.25,92.0,LoRaWAN
8581,2024-10-19 16:36:00,SENSOR_006,Temperatura,Cali,Oriente,21.67,°C,Normal,96.41,84.0,4G
8582,2024-07-02 13:04:00,SENSOR_021,Temperatura,Bogota,Sur,27.69,°C,Normal,5.83,93.0,LoRaWAN
8583,2024-03-18 08:27:00,SENSOR_058,Temperatura,Medellin,Oriente,17.16,°C,Normal,22.57,22.0,4G
8584,2024-01-31 06:21:00,SENSOR_077,Temperatura,Medellin,Centro,26.16,°C,Normal,28.4,85.0,Ethernet
8585,2024-05-16 21:33:00,SENSOR_088,CO2,Barranquilla,Sur,1541.99,ppm,Critico,93.4,60.0,LoRaWAN
8586,2024-05-17 02:47:00,SENSOR_081,PM2.5,Bucaramanga,Norte,109.49,µg/m3,Critico,67.77,61.0,4G
8587,2024-03-11 17:44:00,SENSOR_096,Ruido,Bogota,Centro,63.6,dB,Normal,86.7,67.0,LoRaWAN
8588,2024-01-03 13:47:00,SENSOR_096,Temperatura,Barranquilla,Occidente,32.7,°C,Critico,42.5,72.0,LoRaWAN
8589,2024-03-02 18:22:00,SENSOR_071,Temperatura,Barranquilla,Oriente,25.42,°C,Normal,9.31,,LoRaWAN
8590,2024-07-20 13:31:00,SENSOR_068,Ruido,Bogota,Norte,76.88,dB,Alerta,44.72,72.0,LoRaWAN
8591,2024-10-25 06:18:00,SENSOR_051,Humedad,Bucaramanga,Norte,92.3,%,Critico,,52.0,4G
8592,2024-12-07 03:06:00,SENSOR_027,Ruido,Bogota,Oriente,67.58,dB,Normal,16.87,59.0,Ethernet
8593,2024-07-10 01:44:00,SENSOR_051,Humedad,Bogota,Oriente,76.37,%,Normal,7.99,42.0,WiFi
8594,2024-02-24 00:09:00,SENSOR_086,CO2,Bucaramanga,Sur,1203.19,ppm,Critico,45.35,93.0,Ethernet
8595,2024-05-25 06:40:00,SENSOR_083,Humedad,Bogota,Centro,34.14,%,Alerta,69.29,100.0,Ethernet
8596,2024-10-09 14:04:00,SENSOR_021,Ruido,Bucaramanga,Occidente,89.99,dB,Critico,42.06,,LoRaWAN
8597,2024-10-13 06:29:00,SENSOR_083,PM2.5,Medellin,Centro,44.98,µg/m3,Alerta,54.95,90.0,WiFi
8598,2024-05-02 18:04:00,SENSOR_045,Humedad,Bogota,Centro,63.81,%,Normal,21.44,26.0,LoRaWAN
8599,2024-02-19 08:28:00,SENSOR_049,Temperatura,Cartagena,Sur,26.93,°C,Normal,50.91,74.0,4G
8600,2024-09-18 09:01:00,SENSOR_053,Temperatura,Bogota,Occidente,34.49,°C,Critico,78.81,,Ethernet
8601,2024-08-19 07:06:00,SENSOR_015,PM2.5,Bogota,Oriente,116.53,µg/m3,Critico,29.65,50.0,Ethernet
8602,2024-09-24 21:12:00,SENSOR_097,Humedad,Barranquilla,Occidente,94.19,%,Critico,45.46,53.0,WiFi
8603,2024-11-15 22:02:00,SENSOR_075,Temperatura,Cartagena,Norte,14.8,°C,Normal,36.2,81.0,4G
8604,2024-10-31 07:06:00,SENSOR_035,Ruido,Medellin,Centro,39.83,dB,Normal,96.84,86.0,Ethernet
8605,2024-03-27 07:50:00,SENSOR_100,Temperatura,Medellin,Oriente,24.55,°C,Normal,15.52,45.0,LoRaWAN
8606,2024-11-24 20:21:00,SENSOR_013,Temperatura,Medellin,Sur,29.39,°C,Alerta,91.47,100.0,WiFi
8607,2024-06-02 09:10:00,SENSOR_092,CO2,Cali,Occidente,529.13,ppm,Normal,98.85,75.0,LoRaWAN
8608,2024-01-04 18:58:00,SENSOR_098,CO2,Bogota,Oriente,446.49,ppm,Normal,22.63,79.0,WiFi
8609,2024-02-10 11:38:00,SENSOR_044,Temperatura,Bucaramanga,Sur,25.49,°C,Normal,21.86,64.0,LoRaWAN
8610,2024-08-07 02:19:00,SENSOR_006,Ruido,Cartagena,Occidente,42.32,dB,Normal,15.86,96.0,WiFi
8611,2024-09-02 07:56:00,SENSOR_019,PM2.5,Bucaramanga,Occidente,37.98,µg/m3,Alerta,12.23,,Ethernet
8612,2024-09-04 16:11:00,SENSOR_091,CO2,Bucaramanga,Norte,1653.71,ppm,Critico,42.51,94.0,4G
8613,2024-10-13 12:18:00,SENSOR_080,Temperatura,Bucaramanga,Norte,21.64,°C,Normal,13.23,,Ethernet
8614,2024-03-30 15:24:00,SENSOR_021,Ruido,Bogota,Norte,92.26,dB,Critico,71.2,93.0,Ethernet
8615,2024-11-05 22:01:00,SENSOR_087,CO2,Bogota,Centro,1064.53,ppm,Alerta,33.6,100.0,LoRaWAN
8616,2024-09-16 08:44:00,SENSOR_032,Temperatura,Bogota,Centro,33.81,°C,Critico,5.5,84.0,LoRaWAN
8617,2024-01-05 08:04:00,SENSOR_062,PM2.5,Cali,Centro,81.15,µg/m3,Critico,53.5,77.0,4G
8618,2024-03-30 17:05:00,SENSOR_068,PM2.5,Bucaramanga,Occidente,101.17,µg/m3,Critico,84.03,76.0,LoRaWAN
8619,2024-05-15 05:19:00,SENSOR_010,Humedad,Bogota,Oriente,82.36,%,Alerta,18.99,,4G
8620,2024-10-03 05:21:00,SENSOR_004,Humedad,Medellin,Oriente,69.99,%,Normal,56.7,83.0,4G
8621,2024-08-10 14:57:00,SENSOR_076,Temperatura,Cali,Occidente,29.06,°C,Alerta,18.42,46.0,WiFi
8622,2024-09-03 08:09:00,SENSOR_039,PM2.5,Bogota,Norte,63.97,µg/m3,Alerta,25.35,21.0,4G
8623,2024-08-22 08:10:00,SENSOR_039,CO2,Cartagena,Centro,1044.57,ppm,Alerta,29.86,54.0,LoRaWAN
8624,2024-08-09 03:18:00,SENSOR_099,Ruido,Cali,Norte,86.06,dB,Critico,10.77,78.0,4G
8625,2024-06-04 08:30:00,SENSOR_001,CO2,Bucaramanga,Oriente,930.64,ppm,Alerta,13.8,44.0,Ethernet
8626,2024-03-01 20:11:00,SENSOR_051,Humedad,Cali,Centro,82.71,%,Alerta,48.14,45.0,LoRaWAN
8627,2024-12-02 00:54:00,SENSOR_004,Ruido,Bogota,Centro,91.97,dB,Critico,59.92,55.0,WiFi
8628,2024-11-15 12:11:00,SENSOR_066,CO2,Bucaramanga,Centro,1396.48,ppm,Critico,67.54,74.0,WiFi
8629,2024-03-26 19:25:00,SENSOR_007,CO2,Cali,Oriente,846.98,ppm,Alerta,34.69,21.0,WiFi
8630,2024-12-07 23:26:00,SENSOR_098,Temperatura,Bogota,Centro,22.59,°C,Normal,88.52,78.0,4G
8631,2024-05-13 23:16:00,SENSOR_066,CO2,Cartagena,Oriente,1629.31,ppm,Critico,14.07,40.0,LoRaWAN
8632,2024-07-24 18:58:00,SENSOR_078,PM2.5,Cali,Occidente,88.3,µg/m3,Critico,25.29,77.0,LoRaWAN
8633,2024-07-15 03:31:00,SENSOR_065,PM2.5,Cali,Oriente,,µg/m3,Sin_Dato,79.14,69.0,Ethernet
8634,2024-05-05 15:55:00,SENSOR_008,Temperatura,Cali,Oriente,14.17,°C,Normal,90.3,28.0,4G
8635,2024-12-02 14:46:00,SENSOR_066,Temperatura,Bogota,Oriente,12.57,°C,Normal,65.84,47.0,WiFi
8636,2024-03-24 19:47:00,SENSOR_088,CO2,Bucaramanga,Occidente,875.3,ppm,Alerta,8.47,31.0,4G
8637,2024-02-03 15:15:00,SENSOR_065,Humedad,Bogota,Norte,48.42,%,Normal,35.42,20.0,WiFi
8638,2024-05-30 12:20:00,SENSOR_031,CO2,Cali,Occidente,584.67,ppm,Normal,58.86,94.0,Ethernet
8639,2024-11-29 06:34:00,SENSOR_055,PM2.5,Bucaramanga,Sur,14.54,µg/m3,Normal,71.72,83.0,WiFi
8640,2024-04-15 11:17:00,SENSOR_047,Humedad,Bogota,Occidente,33.91,%,Alerta,15.1,60.0,4G
8641,2024-12-12 12:53:00,SENSOR_062,Ruido,Cali,Sur,71.28,dB,Alerta,42.55,46.0,4G
8642,2024-05-30 06:49:00,SENSOR_074,Ruido,Bucaramanga,Oriente,79.58,dB,Alerta,22.65,65.0,LoRaWAN
8643,2024-01-12 13:13:00,SENSOR_060,CO2,Barranquilla,Centro,1181.17,ppm,Alerta,62.63,40.0,WiFi
8644,2024-09-22 02:07:00,SENSOR_020,PM2.5,Cartagena,Norte,30.89,µg/m3,Normal,85.64,59.0,WiFi
8645,2024-01-03 23:56:00,SENSOR_037,PM2.5,Barranquilla,Oriente,108.03,µg/m3,Critico,44.46,20.0,Ethernet
8646,2024-11-08 14:16:00,SENSOR_092,CO2,Bucaramanga,Centro,857.4,ppm,Alerta,29.76,69.0,Ethernet
8647,2024-10-06 11:10:00,SENSOR_047,CO2,Cali,Centro,378.63,ppm,Normal,17.69,56.0,Ethernet
8648,2024-08-10 15:29:00,SENSOR_072,PM2.5,Medellin,Centro,6.24,µg/m3,Normal,50.69,75.0,4G
8649,2024-05-25 09:15:00,SENSOR_042,PM2.5,Bogota,Centro,85.18,µg/m3,Critico,87.39,63.0,WiFi
8650,2024-08-20 10:41:00,SENSOR_087,Ruido,Medellin,Oriente,39.92,dB,Normal,38.0,75.0,Ethernet
8651,2024-12-30 14:31:00,SENSOR_071,CO2,Medellin,Norte,629.88,ppm,Normal,48.59,48.0,LoRaWAN
8652,2024-02-27 19:27:00,SENSOR_086,CO2,Cartagena,Occidente,1055.76,ppm,Alerta,73.01,91.0,Ethernet
8653,2024-08-16 10:00:00,SENSOR_009,CO2,Barranquilla,Sur,1051.82,ppm,Alerta,34.71,87.0,Ethernet
8654,2024-10-03 00:42:00,SENSOR_033,Temperatura,Barranquilla,Oriente,22.71,°C,Normal,45.05,79.0,LoRaWAN
8655,2024-06-07 20:58:00,SENSOR_025,PM2.5,Cartagena,Sur,48.8,µg/m3,Alerta,26.65,94.0,WiFi
8656,2024-02-17 07:56:00,SENSOR_060,CO2,Medellin,Norte,1580.69,ppm,Critico,72.76,84.0,WiFi
8657,2024-10-23 01:31:00,SENSOR_024,CO2,Medellin,Oriente,882.86,ppm,Alerta,13.58,84.0,LoRaWAN
8658,2024-01-26 17:09:00,SENSOR_011,Ruido,Medellin,Oriente,38.64,dB,Normal,72.88,71.0,WiFi
8659,2024-10-20 01:52:00,SENSOR_052,Ruido,Bogota,Norte,95.77,dB,Critico,74.07,53.0,4G
8660,2024-09-12 15:32:00,SENSOR_030,Ruido,Barranquilla,Norte,71.45,dB,Alerta,80.14,100.0,WiFi
8661,2024-11-12 23:37:00,SENSOR_077,PM2.5,Cali,Oriente,29.2,µg/m3,Normal,32.36,97.0,4G
8662,2024-02-04 12:17:00,SENSOR_089,Humedad,Cali,Centro,56.06,%,Normal,46.6,88.0,WiFi
8663,2024-09-09 12:40:00,SENSOR_077,PM2.5,Medellin,Centro,73.66,µg/m3,Alerta,80.98,67.0,Ethernet
8664,2024-07-23 19:45:00,SENSOR_051,CO2,Cali,Centro,678.9,ppm,Normal,98.39,69.0,4G
8665,2024-03-01 13:27:00,SENSOR_056,PM2.5,Barranquilla,Sur,76.91,µg/m3,Critico,39.69,63.0,4G
8666,2024-10-23 21:54:00,SENSOR_016,PM2.5,Bogota,Norte,68.34,µg/m3,Alerta,29.47,71.0,WiFi
8667,2024-04-12 12:56:00,SENSOR_008,Humedad,Bogota,Sur,91.87,%,Critico,70.71,79.0,Ethernet
8668,2024-09-27 00:35:00,SENSOR_066,CO2,Cartagena,Centro,1739.07,ppm,Critico,12.58,,WiFi
8669,2024-12-14 03:41:00,SENSOR_036,Humedad,Cartagena,Occidente,42.21,%,Normal,52.79,23.0,LoRaWAN
8670,2024-12-16 01:09:00,SENSOR_008,Ruido,Bucaramanga,Occidente,89.93,dB,Critico,,65.0,4G
8671,2024-12-03 21:21:00,SENSOR_095,CO2,Bucaramanga,Occidente,1666.57,ppm,Critico,74.75,35.0,WiFi
8672,2024-12-06 05:22:00,SENSOR_099,Humedad,Cali,Sur,82.87,%,Alerta,6.98,53.0,WiFi
8673,2024-03-02 18:28:00,SENSOR_067,PM2.5,Cali,Centro,108.28,µg/m3,Critico,23.94,74.0,WiFi
8674,2024-09-07 18:23:00,SENSOR_027,Ruido,Barranquilla,Occidente,88.22,dB,Critico,33.54,82.0,LoRaWAN
8675,2024-07-27 14:06:00,SENSOR_066,CO2,Medellin,Occidente,960.13,ppm,Alerta,78.7,56.0,4G
8676,2024-10-31 11:38:00,SENSOR_059,Humedad,Medellin,Sur,73.06,%,Normal,22.77,72.0,Ethernet
8677,2024-06-25 19:12:00,SENSOR_088,PM2.5,Bogota,Occidente,72.06,µg/m3,Alerta,78.87,23.0,WiFi
8678,2024-08-05 18:29:00,SENSOR_002,Humedad,Bogota,Sur,81.9,%,Alerta,70.83,26.0,Ethernet
8679,2024-07-11 20:20:00,SENSOR_050,Ruido,Cali,Centro,86.56,dB,Critico,37.55,98.0,LoRaWAN
8680,2024-09-07 05:28:00,SENSOR_099,Ruido,Barranquilla,Oriente,90.94,dB,Critico,55.22,32.0,WiFi
8681,2024-07-29 19:30:00,SENSOR_010,Temperatura,Cali,Sur,17.63,°C,Normal,29.93,45.0,LoRaWAN
8682,2024-03-02 17:15:00,SENSOR_011,Temperatura,Cali,Centro,23.0,°C,Normal,58.37,99.0,4G
8683,2024-02-16 22:07:00,SENSOR_028,PM2.5,Barranquilla,Occidente,111.58,µg/m3,Critico,49.35,58.0,4G
8684,2024-10-26 17:38:00,SENSOR_044,Humedad,Cali,Norte,58.85,%,Normal,48.45,21.0,4G
8685,2024-09-06 13:20:00,SENSOR_006,Humedad,Barranquilla,Norte,53.71,%,Normal,85.27,71.0,LoRaWAN
8686,2024-03-15 19:06:00,SENSOR_032,Humedad,Barranquilla,Centro,46.62,%,Normal,,53.0,Ethernet
8687,2024-08-15 18:58:00,SENSOR_056,CO2,Barranquilla,Sur,427.5,ppm,Normal,82.57,27.0,Ethernet
8688,2024-02-21 20:59:00,SENSOR_006,Humedad,Cartagena,Sur,53.24,%,Normal,19.69,84.0,WiFi
8689,2024-09-14 01:49:00,SENSOR_078,Temperatura,Bogota,Oriente,24.59,°C,Normal,21.41,41.0,Ethernet
8690,2024-08-11 16:45:00,SENSOR_067,Ruido,Cali,Oriente,65.26,dB,Normal,94.79,27.0,Ethernet
8691,2024-06-11 00:36:00,SENSOR_040,PM2.5,Bucaramanga,Centro,45.32,µg/m3,Alerta,32.46,38.0,LoRaWAN
8692,2024-06-15 05:15:00,SENSOR_052,Temperatura,Cartagena,Centro,34.39,°C,Critico,56.28,94.0,Ethernet
8693,2024-01-07 08:03:00,SENSOR_005,PM2.5,Cali,Centro,27.44,µg/m3,Normal,50.23,28.0,LoRaWAN
8694,2024-10-21 07:50:00,SENSOR_079,Ruido,Cali,Sur,,dB,Sin_Dato,75.83,33.0,LoRaWAN
8695,2024-09-23 23:11:00,SENSOR_058,Temperatura,Bucaramanga,Centro,34.43,°C,Critico,13.05,55.0,LoRaWAN
8696,2024-03-04 06:38:00,SENSOR_029,Ruido,Barranquilla,Norte,76.82,dB,Alerta,67.51,50.0,4G
8697,2024-09-25 09:24:00,SENSOR_066,Humedad,Bucaramanga,Sur,34.35,%,Alerta,85.6,34.0,Ethernet
8698,2024-06-24 18:25:00,SENSOR_078,Ruido,Cali,Norte,55.63,dB,Normal,17.05,59.0,Ethernet
8699,2024-05-29 16:33:00,SENSOR_009,Ruido,Cartagena,Occidente,60.98,dB,Normal,17.64,51.0,WiFi
8700,2024-09-20 14:37:00,SENSOR_044,CO2,Bucaramanga,Occidente,856.6,ppm,Alerta,78.12,71.0,WiFi
8701,2024-07-17 01:29:00,SENSOR_021,Ruido,Medellin,Centro,90.35,dB,Critico,51.6,79.0,4G
8702,2024-04-16 20:28:00,SENSOR_092,Temperatura,Bogota,Oriente,16.31,°C,Normal,79.57,74.0,4G
8703,2024-07-24 12:08:00,SENSOR_081,Temperatura,Cartagena,Oriente,30.79,°C,Alerta,66.42,58.0,WiFi
8704,2024-05-01 15:26:00,SENSOR_012,Temperatura,Bogota,Norte,15.21,°C,Normal,40.85,92.0,WiFi
8705,2024-05-27 02:41:00,SENSOR_007,Humedad,Medellin,Norte,80.42,%,Alerta,43.91,45.0,WiFi
8706,2024-05-06 21:37:00,SENSOR_001,Humedad,Barranquilla,Occidente,59.23,%,Normal,15.66,48.0,LoRaWAN
8707,2024-07-24 09:55:00,SENSOR_066,Temperatura,Bogota,Oriente,25.62,°C,Normal,63.95,27.0,Ethernet
8708,2024-10-05 23:55:00,SENSOR_004,Temperatura,Bogota,Sur,,°C,Sin_Dato,74.19,87.0,LoRaWAN
8709,2024-05-12 00:43:00,SENSOR_067,Temperatura,Bucaramanga,Occidente,34.87,°C,Critico,70.43,23.0,LoRaWAN
8710,2024-06-27 14:22:00,SENSOR_098,Ruido,Cartagena,Centro,92.75,dB,Critico,22.89,33.0,WiFi
8711,2024-02-04 23:08:00,SENSOR_080,Ruido,Medellin,Occidente,94.31,dB,Critico,22.18,66.0,Ethernet
8712,2024-08-17 00:58:00,SENSOR_089,CO2,Bucaramanga,Norte,527.73,ppm,Normal,11.76,44.0,Ethernet
8713,2024-05-13 03:31:00,SENSOR_080,Ruido,Bucaramanga,Sur,83.75,dB,Alerta,32.01,56.0,LoRaWAN
8714,2024-11-14 14:19:00,SENSOR_036,Humedad,Bucaramanga,Occidente,83.64,%,Alerta,42.73,23.0,WiFi
8715,2024-12-28 06:31:00,SENSOR_079,CO2,Cali,Norte,637.71,ppm,Normal,56.04,54.0,WiFi
8716,2024-11-21 17:25:00,SENSOR_088,Humedad,Medellin,Occidente,39.57,%,Alerta,77.65,60.0,WiFi
8717,2024-04-12 13:49:00,SENSOR_001,Humedad,Barranquilla,Sur,45.83,%,Normal,79.11,74.0,WiFi
8718,2024-02-13 19:11:00,SENSOR_060,PM2.5,Cartagena,Norte,49.88,µg/m3,Alerta,93.65,70.0,4G
8719,2024-11-30 18:35:00,SENSOR_003,Ruido,Bogota,Oriente,72.51,dB,Alerta,43.71,55.0,4G
8720,2024-10-07 20:24:00,SENSOR_011,Humedad,Barranquilla,Sur,69.21,%,Normal,44.14,68.0,4G
8721,2024-10-16 06:20:00,SENSOR_027,Temperatura,Medellin,Norte,27.11,°C,Normal,80.5,58.0,Ethernet
8722,2024-10-07 11:10:00,SENSOR_004,Ruido,Cartagena,Norte,85.76,dB,Critico,85.64,27.0,WiFi
8723,2024-08-19 09:54:00,SENSOR_045,Ruido,Barranquilla,Centro,77.25,dB,Alerta,85.14,87.0,Ethernet
8724,2024-01-29 07:47:00,SENSOR_031,Temperatura,Barranquilla,Norte,34.02,°C,Critico,29.36,87.0,Ethernet
8725,2024-01-25 09:16:00,SENSOR_089,Humedad,Bucaramanga,Sur,40.47,%,Normal,98.17,29.0,LoRaWAN
8726,2024-03-05 17:08:00,SENSOR_020,CO2,Bogota,Sur,925.25,ppm,Alerta,73.87,78.0,4G
8727,2024-02-05 12:12:00,SENSOR_001,CO2,Cartagena,Centro,,ppm,Sin_Dato,9.22,99.0,LoRaWAN
8728,2024-07-20 14:30:00,SENSOR_020,Humedad,Cartagena,Sur,51.15,%,Normal,54.47,38.0,LoRaWAN
8729,2024-04-28 22:05:00,SENSOR_071,Ruido,Cali,Occidente,60.37,dB,Normal,44.4,24.0,Ethernet
8730,2024-08-14 04:12:00,SENSOR_087,Temperatura,Barranquilla,Sur,23.63,°C,Normal,92.23,66.0,Ethernet
8731,2024-09-17 16:57:00,SENSOR_052,CO2,Bogota,Occidente,1005.49,ppm,Alerta,71.07,81.0,LoRaWAN
8732,2024-01-04 21:21:00,SENSOR_100,Ruido,Medellin,Oriente,92.02,dB,Critico,34.73,84.0,LoRaWAN
8733,2024-05-18 04:23:00,SENSOR_065,Humedad,Bogota,Sur,47.06,%,Normal,37.06,90.0,4G
8734,2024-12-11 07:43:00,SENSOR_053,Temperatura,Cartagena,Occidente,30.44,°C,Alerta,,84.0,LoRaWAN
8735,2024-02-06 14:56:00,SENSOR_007,PM2.5,Medellin,Occidente,11.07,µg/m3,Normal,44.54,37.0,WiFi
8736,2024-11-30 20:54:00,SENSOR_096,Humedad,Medellin,Oriente,58.05,%,Normal,54.08,63.0,Ethernet
8737,2024-03-18 04:59:00,SENSOR_043,Temperatura,Bogota,Norte,12.19,°C,Normal,12.85,88.0,4G
8738,2024-12-24 21:29:00,SENSOR_078,Temperatura,Bogota,Centro,34.19,°C,Critico,45.74,78.0,4G
8739,2024-09-06 03:36:00,SENSOR_089,CO2,Cartagena,Occidente,1318.48,ppm,Critico,48.97,84.0,LoRaWAN
8740,2024-07-20 18:59:00,SENSOR_100,PM2.5,Barranquilla,Centro,99.84,µg/m3,Critico,77.8,62.0,WiFi
8741,2024-05-07 08:37:00,SENSOR_062,CO2,Cali,Occidente,1355.5,ppm,Critico,47.61,50.0,Ethernet
8742,2024-02-02 02:56:00,SENSOR_030,PM2.5,Cartagena,Norte,68.93,µg/m3,Alerta,94.05,78.0,WiFi
8743,2024-05-06 23:07:00,SENSOR_019,Humedad,Medellin,Oriente,89.48,%,Alerta,65.56,67.0,WiFi
8744,2024-09-21 12:38:00,SENSOR_093,Humedad,Bucaramanga,Centro,84.77,%,Alerta,89.02,42.0,WiFi
8745,2024-12-01 14:25:00,SENSOR_071,Temperatura,Bogota,Norte,34.15,°C,Critico,72.9,91.0,4G
8746,2024-10-31 14:42:00,SENSOR_044,Humedad,Bogota,Centro,66.61,%,Normal,41.09,59.0,4G
8747,2024-07-22 00:52:00,SENSOR_058,Humedad,Bogota,Centro,37.05,%,Alerta,87.33,97.0,4G
8748,2024-12-24 13:24:00,SENSOR_096,PM2.5,Cali,Oriente,22.47,µg/m3,Normal,54.29,47.0,Ethernet
8749,2024-03-08 14:42:00,SENSOR_045,CO2,Bucaramanga,Centro,,ppm,Sin_Dato,99.74,83.0,WiFi
8750,2024-03-21 14:20:00,SENSOR_019,Temperatura,Medellin,Sur,18.47,°C,Normal,80.98,56.0,4G
8751,2024-11-28 09:31:00,SENSOR_050,Temperatura,Barranquilla,Norte,11.95,°C,Normal,65.65,59.0,WiFi
8752,2024-12-25 09:20:00,SENSOR_051,PM2.5,Cali,Sur,56.69,µg/m3,Alerta,56.09,74.0,LoRaWAN
8753,2024-11-01 04:54:00,SENSOR_035,Humedad,Bucaramanga,Centro,35.49,%,Alerta,9.22,54.0,4G
8754,2024-10-26 11:34:00,SENSOR_075,Ruido,Barranquilla,Sur,38.92,dB,Normal,66.58,63.0,LoRaWAN
8755,2024-03-03 06:41:00,SENSOR_042,CO2,Medellin,Centro,1091.51,ppm,Alerta,50.6,47.0,4G
8756,2024-02-17 10:25:00,SENSOR_086,PM2.5,Cali,Oriente,44.95,µg/m3,Alerta,43.25,95.0,WiFi
8757,2024-11-09 11:47:00,SENSOR_076,Humedad,Barranquilla,Sur,94.39,%,Critico,8.94,61.0,4G
8758,2024-07-16 13:04:00,SENSOR_091,Humedad,Bogota,Centro,53.38,%,Normal,30.3,76.0,Ethernet
8759,2024-12-30 13:47:00,SENSOR_069,Humedad,Barranquilla,Norte,55.41,%,Normal,50.54,70.0,Ethernet
8760,2024-05-19 09:39:00,SENSOR_060,Ruido,Cartagena,Occidente,70.39,dB,Alerta,47.87,78.0,WiFi
8761,2024-05-20 14:34:00,SENSOR_024,Humedad,Bogota,Occidente,80.21,%,Alerta,99.4,80.0,4G
8762,2024-04-27 16:56:00,SENSOR_062,Ruido,Barranquilla,Oriente,45.38,dB,Normal,85.58,20.0,Ethernet
8763,2024-09-02 14:38:00,SENSOR_087,PM2.5,Barranquilla,Oriente,98.51,µg/m3,Critico,59.07,80.0,Ethernet
8764,2024-07-24 10:31:00,SENSOR_034,PM2.5,Bucaramanga,Oriente,90.43,µg/m3,Critico,44.56,29.0,WiFi
8765,2024-06-24 00:19:00,SENSOR_093,Humedad,Bogota,Occidente,91.03,%,Critico,5.4,88.0,Ethernet
8766,2024-02-07 11:56:00,SENSOR_067,Ruido,Cartagena,Norte,60.59,dB,Normal,16.9,26.0,WiFi
8767,2024-05-09 08:21:00,SENSOR_052,Ruido,Bogota,Oriente,48.96,dB,Normal,22.14,69.0,LoRaWAN
8768,2024-10-12 15:00:00,SENSOR_004,CO2,Bogota,Centro,476.54,ppm,Normal,50.05,92.0,Ethernet
8769,2024-08-24 22:17:00,SENSOR_066,PM2.5,Medellin,Centro,30.76,µg/m3,Normal,67.16,31.0,Ethernet
8770,2024-09-29 14:40:00,SENSOR_003,CO2,Bucaramanga,Oriente,1607.98,ppm,Critico,78.71,28.0,Ethernet
8771,2024-03-06 01:35:00,SENSOR_037,Humedad,Cali,Norte,83.03,%,Alerta,61.01,27.0,WiFi
8772,2024-08-23 12:58:00,SENSOR_028,CO2,Cartagena,Centro,1647.73,ppm,Critico,29.74,34.0,Ethernet
8773,2024-11-04 00:14:00,SENSOR_073,Temperatura,Medellin,Sur,15.46,°C,Normal,65.29,70.0,LoRaWAN
8774,2024-11-04 09:11:00,SENSOR_089,Humedad,Cartagena,Occidente,77.71,%,Normal,79.66,82.0,4G
8775,2024-01-13 09:51:00,SENSOR_052,Temperatura,Medellin,Occidente,19.84,°C,Normal,93.2,24.0,WiFi
8776,2024-09-30 02:42:00,SENSOR_035,CO2,Medellin,Occidente,524.42,ppm,Normal,45.48,71.0,4G
8777,2024-11-18 02:46:00,SENSOR_003,Ruido,Cali,Norte,47.94,dB,Normal,28.31,86.0,Ethernet
8778,2024-10-20 14:54:00,SENSOR_074,Humedad,Bogota,Sur,89.68,%,Alerta,35.82,64.0,4G
8779,2024-09-06 03:31:00,SENSOR_087,PM2.5,Medellin,Norte,51.13,µg/m3,Alerta,50.51,52.0,WiFi
8780,2024-06-14 20:42:00,SENSOR_034,PM2.5,Bogota,Sur,69.67,µg/m3,Alerta,42.11,67.0,4G
8781,2024-11-17 02:59:00,SENSOR_094,PM2.5,Cartagena,Norte,42.59,µg/m3,Alerta,86.52,74.0,4G
8782,2024-11-27 20:06:00,SENSOR_065,Ruido,Cali,Sur,72.15,dB,Alerta,99.59,87.0,LoRaWAN
8783,2024-07-11 09:46:00,SENSOR_020,Humedad,Cartagena,Sur,56.85,%,Normal,40.71,96.0,WiFi
8784,2024-05-08 06:34:00,SENSOR_025,CO2,Cartagena,Centro,1465.71,ppm,Critico,71.93,22.0,LoRaWAN
8785,2024-05-01 03:01:00,SENSOR_045,Humedad,Cartagena,Sur,72.98,%,Normal,52.91,35.0,WiFi
8786,2024-02-12 03:33:00,SENSOR_094,PM2.5,Medellin,Sur,97.08,µg/m3,Critico,39.42,90.0,LoRaWAN
8787,2024-10-10 09:40:00,SENSOR_070,Temperatura,Cali,Norte,25.1,°C,Normal,81.57,74.0,LoRaWAN
8788,2024-05-03 07:12:00,SENSOR_080,Ruido,Medellin,Oriente,47.9,dB,Normal,57.69,50.0,WiFi
8789,2024-07-16 16:32:00,SENSOR_032,Temperatura,Cali,Norte,29.95,°C,Alerta,90.78,97.0,Ethernet
8790,2024-11-08 21:50:00,SENSOR_068,CO2,Cali,Occidente,363.51,ppm,Normal,6.32,25.0,4G
8791,2024-04-17 16:09:00,SENSOR_094,Ruido,Medellin,Occidente,74.96,dB,Alerta,80.26,59.0,LoRaWAN
8792,2024-10-04 03:46:00,SENSOR_090,CO2,Bucaramanga,Norte,1095.73,ppm,Alerta,94.64,68.0,LoRaWAN
8793,2024-10-04 20:39:00,SENSOR_093,Temperatura,Cali,Norte,32.89,°C,Critico,33.32,59.0,Ethernet
8794,2024-11-24 23:23:00,SENSOR_091,CO2,Cali,Centro,768.93,ppm,Normal,22.16,39.0,LoRaWAN
8795,2024-06-08 21:07:00,SENSOR_099,Temperatura,Bogota,Norte,14.87,°C,Normal,5.28,72.0,Ethernet
8796,2024-12-10 15:44:00,SENSOR_070,PM2.5,Barranquilla,Norte,62.87,µg/m3,Alerta,55.14,27.0,4G
8797,2024-02-10 09:22:00,SENSOR_013,CO2,Bogota,Norte,580.96,ppm,Normal,36.25,71.0,WiFi
8798,2024-12-10 09:00:00,SENSOR_018,CO2,Medellin,Norte,1411.74,ppm,Critico,44.04,51.0,4G
8799,2024-03-13 08:32:00,SENSOR_050,Humedad,Bucaramanga,Centro,72.12,%,Normal,15.4,43.0,LoRaWAN
8800,2024-05-20 03:57:00,SENSOR_093,Humedad,Medellin,Occidente,50.9,%,Normal,91.42,62.0,Ethernet
8801,2024-06-21 22:44:00,SENSOR_048,CO2,Cartagena,Norte,390.7,ppm,Normal,74.75,90.0,Ethernet
8802,2024-11-04 02:55:00,SENSOR_091,Temperatura,Bucaramanga,Centro,12.46,°C,Normal,33.45,26.0,LoRaWAN
8803,2024-10-30 14:22:00,SENSOR_068,Ruido,Cartagena,Centro,89.97,dB,Critico,74.34,87.0,WiFi
8804,2024-10-10 19:48:00,SENSOR_041,Ruido,Cartagena,Norte,49.69,dB,Normal,,32.0,WiFi
8805,2024-08-31 02:15:00,SENSOR_092,Ruido,Bucaramanga,Centro,71.92,dB,Alerta,26.39,87.0,LoRaWAN
8806,2024-10-10 14:16:00,SENSOR_072,CO2,Bucaramanga,Oriente,1281.24,ppm,Critico,97.38,86.0,Ethernet
8807,2024-04-15 20:13:00,SENSOR_097,Ruido,Bogota,Occidente,79.57,dB,Alerta,,60.0,Ethernet
8808,2024-01-05 22:57:00,SENSOR_091,CO2,Medellin,Norte,818.24,ppm,Alerta,78.92,21.0,LoRaWAN
8809,2024-12-08 08:23:00,SENSOR_055,Temperatura,Bogota,Occidente,26.59,°C,Normal,24.89,32.0,4G
8810,2024-05-23 09:50:00,SENSOR_093,CO2,Barranquilla,Centro,1549.93,ppm,Critico,84.72,52.0,Ethernet
8811,2024-08-04 11:06:00,SENSOR_056,PM2.5,Bucaramanga,Norte,88.26,µg/m3,Critico,,36.0,WiFi
8812,2024-09-30 09:47:00,SENSOR_051,Ruido,Medellin,Centro,65.33,dB,Normal,17.6,90.0,WiFi
8813,2024-08-04 07:01:00,SENSOR_091,CO2,Cali,Norte,477.38,ppm,Normal,86.93,82.0,4G
8814,2024-09-14 03:27:00,SENSOR_044,CO2,Medellin,Sur,896.29,ppm,Alerta,26.46,43.0,4G
8815,2024-11-21 10:14:00,SENSOR_062,Humedad,Cartagena,Occidente,64.12,%,Normal,24.0,71.0,4G
8816,2024-07-13 16:00:00,SENSOR_099,Temperatura,Cartagena,Occidente,10.5,°C,Normal,61.54,46.0,Ethernet
8817,2024-10-23 11:12:00,SENSOR_087,CO2,Barranquilla,Centro,1721.72,ppm,Critico,87.29,71.0,4G
8818,2024-06-12 06:17:00,SENSOR_074,Humedad,Cartagena,Sur,30.46,%,Alerta,79.01,65.0,LoRaWAN
8819,2024-09-08 08:29:00,SENSOR_008,CO2,Bogota,Sur,1315.58,ppm,Critico,76.31,26.0,WiFi
8820,2024-05-06 23:25:00,SENSOR_018,Temperatura,Cartagena,Centro,21.02,°C,Normal,67.65,67.0,LoRaWAN
8821,2024-01-27 03:34:00,SENSOR_098,Ruido,Cali,Sur,46.23,dB,Normal,77.26,97.0,LoRaWAN
8822,2024-12-11 02:36:00,SENSOR_092,PM2.5,Cali,Norte,78.72,µg/m3,Critico,87.06,43.0,WiFi
8823,2024-04-04 20:40:00,SENSOR_067,Temperatura,Bogota,Norte,27.11,°C,Normal,5.66,70.0,Ethernet
8824,2024-04-11 15:06:00,SENSOR_066,Ruido,Cartagena,Norte,79.52,dB,Alerta,96.28,65.0,LoRaWAN
8825,2024-09-14 10:08:00,SENSOR_005,Ruido,Bucaramanga,Occidente,81.61,dB,Alerta,55.37,66.0,WiFi
8826,2024-02-09 03:04:00,SENSOR_015,Ruido,Barranquilla,Oriente,72.4,dB,Alerta,71.02,25.0,Ethernet
8827,2024-04-24 22:00:00,SENSOR_097,Temperatura,Bucaramanga,Occidente,28.33,°C,Alerta,53.25,38.0,LoRaWAN
8828,2024-07-29 06:00:00,SENSOR_053,PM2.5,Medellin,Centro,119.18,µg/m3,Critico,59.44,56.0,4G
8829,2024-07-20 19:37:00,SENSOR_015,PM2.5,Medellin,Sur,74.68,µg/m3,Alerta,36.91,65.0,LoRaWAN
8830,2024-05-08 03:28:00,SENSOR_072,Temperatura,Cartagena,Norte,22.23,°C,Normal,71.78,23.0,4G
8831,2024-11-29 18:20:00,SENSOR_076,Ruido,Barranquilla,Sur,93.63,dB,Critico,84.25,92.0,LoRaWAN
8832,2024-06-09 11:01:00,SENSOR_018,Ruido,Cali,Oriente,86.79,dB,Critico,71.04,47.0,Ethernet
8833,2024-03-01 12:29:00,SENSOR_059,PM2.5,Medellin,Oriente,43.76,µg/m3,Alerta,95.15,85.0,Ethernet
8834,2024-08-05 18:08:00,SENSOR_092,Temperatura,Medellin,Occidente,27.87,°C,Normal,32.7,49.0,WiFi
8835,2024-03-08 07:14:00,SENSOR_019,CO2,Bogota,Sur,353.12,ppm,Normal,79.08,37.0,LoRaWAN
8836,2024-11-08 15:40:00,SENSOR_053,Temperatura,Barranquilla,Sur,34.45,°C,Critico,30.22,90.0,WiFi
8837,2024-10-03 09:48:00,SENSOR_036,Ruido,Barranquilla,Centro,56.31,dB,Normal,,69.0,LoRaWAN
8838,2024-06-21 03:01:00,SENSOR_039,CO2,Barranquilla,Occidente,1025.1,ppm,Alerta,78.04,50.0,4G
8839,2024-08-04 22:32:00,SENSOR_061,CO2,Bogota,Centro,1246.39,ppm,Critico,50.08,20.0,WiFi
8840,2024-11-29 11:08:00,SENSOR_083,PM2.5,Cartagena,Sur,41.73,µg/m3,Alerta,98.64,70.0,Ethernet
8841,2024-10-15 10:26:00,SENSOR_012,Temperatura,Medellin,Occidente,16.9,°C,Normal,87.69,92.0,Ethernet
8842,2024-05-28 21:20:00,SENSOR_082,Ruido,Cali,Occidente,72.35,dB,Alerta,18.55,31.0,Ethernet
8843,2024-01-11 04:21:00,SENSOR_030,PM2.5,Cartagena,Occidente,81.54,µg/m3,Critico,7.59,32.0,LoRaWAN
8844,2024-04-07 05:37:00,SENSOR_048,CO2,Barranquilla,Oriente,574.07,ppm,Normal,78.24,60.0,4G
8845,2024-07-13 08:29:00,SENSOR_081,PM2.5,Bucaramanga,Centro,96.37,µg/m3,Critico,55.03,62.0,4G
8846,2024-11-20 18:16:00,SENSOR_025,Humedad,Cali,Oriente,55.24,%,Normal,22.26,45.0,WiFi
8847,2024-08-10 05:18:00,SENSOR_097,CO2,Cali,Norte,464.89,ppm,Normal,15.4,25.0,WiFi
8848,2024-01-03 05:05:00,SENSOR_047,Temperatura,Medellin,Oriente,26.5,°C,Normal,68.48,35.0,Ethernet
8849,2024-04-03 10:22:00,SENSOR_092,PM2.5,Cartagena,Norte,20.86,µg/m3,Normal,98.41,51.0,Ethernet
8850,2024-08-03 08:09:00,SENSOR_054,Humedad,Bogota,Norte,,%,Sin_Dato,24.46,82.0,WiFi
8851,2024-12-14 03:31:00,SENSOR_042,Ruido,Barranquilla,Oriente,49.02,dB,Normal,40.93,68.0,Ethernet
8852,2024-06-09 11:38:00,SENSOR_090,Humedad,Bucaramanga,Oriente,91.69,%,Critico,23.51,62.0,LoRaWAN
8853,2024-12-04 13:11:00,SENSOR_019,Temperatura,Barranquilla,Sur,24.98,°C,Normal,72.47,91.0,LoRaWAN
8854,2024-10-29 17:51:00,SENSOR_096,PM2.5,Barranquilla,Occidente,18.02,µg/m3,Normal,40.19,60.0,WiFi
8855,2024-06-21 17:42:00,SENSOR_042,Humedad,Barranquilla,Occidente,33.87,%,Alerta,51.28,86.0,Ethernet
8856,2024-07-05 16:25:00,SENSOR_018,PM2.5,Bucaramanga,Sur,82.69,µg/m3,Critico,42.3,58.0,LoRaWAN
8857,2024-10-14 10:15:00,SENSOR_024,PM2.5,Medellin,Oriente,103.81,µg/m3,Critico,71.35,,Ethernet
8858,2024-01-22 23:04:00,SENSOR_068,PM2.5,Bogota,Centro,39.85,µg/m3,Alerta,33.82,73.0,LoRaWAN
8859,2024-06-03 05:39:00,SENSOR_013,PM2.5,Medellin,Centro,42.24,µg/m3,Alerta,13.26,53.0,4G
8860,2024-02-05 11:27:00,SENSOR_002,Temperatura,Bogota,Occidente,23.47,°C,Normal,56.18,76.0,4G
8861,2024-01-03 20:33:00,SENSOR_079,Ruido,Cartagena,Sur,79.5,dB,Alerta,81.05,,WiFi
8862,2024-06-21 22:23:00,SENSOR_048,CO2,Medellin,Centro,1020.1,ppm,Alerta,82.41,44.0,Ethernet
8863,2024-03-31 14:53:00,SENSOR_052,PM2.5,Cali,Oriente,75.76,µg/m3,Critico,32.08,38.0,4G
8864,2024-09-19 23:48:00,SENSOR_005,Temperatura,Medellin,Occidente,25.6,°C,Normal,10.93,47.0,4G
8865,2024-02-20 00:03:00,SENSOR_039,Ruido,Cartagena,Oriente,48.93,dB,Normal,43.25,,Ethernet
8866,2024-04-23 13:57:00,SENSOR_012,CO2,Cali,Occidente,350.46,ppm,Normal,80.33,95.0,WiFi
8867,2024-08-22 07:57:00,SENSOR_049,Humedad,Medellin,Occidente,83.36,%,Alerta,37.45,52.0,Ethernet
8868,2024-03-23 12:46:00,SENSOR_021,Ruido,Cartagena,Centro,96.02,dB,Critico,56.42,48.0,LoRaWAN
8869,2024-03-30 02:29:00,SENSOR_081,Humedad,Bucaramanga,Centro,80.02,%,Alerta,93.04,57.0,4G
8870,2024-05-01 03:38:00,SENSOR_079,Ruido,Cartagena,Sur,57.25,dB,Normal,93.79,50.0,4G
8871,2024-11-09 20:50:00,SENSOR_013,Temperatura,Cali,Occidente,21.49,°C,Normal,45.2,81.0,WiFi
8872,2024-10-26 23:52:00,SENSOR_018,Ruido,Barranquilla,Sur,91.81,dB,Critico,50.59,33.0,Ethernet
8873,2024-09-25 12:52:00,SENSOR_059,PM2.5,Cali,Sur,,µg/m3,Sin_Dato,17.34,37.0,WiFi
8874,2024-01-24 07:45:00,SENSOR_011,Humedad,Cartagena,Norte,33.09,%,Alerta,95.61,33.0,WiFi
8875,2024-09-22 23:10:00,SENSOR_063,CO2,Medellin,Oriente,1295.95,ppm,Critico,85.54,46.0,Ethernet
8876,2024-09-07 18:44:00,SENSOR_088,CO2,Barranquilla,Norte,1786.01,ppm,Critico,99.14,74.0,LoRaWAN
8877,2024-01-15 12:33:00,SENSOR_005,PM2.5,Bucaramanga,Sur,43.7,µg/m3,Alerta,77.92,35.0,LoRaWAN
8878,2024-02-15 14:43:00,SENSOR_088,Humedad,Cartagena,Occidente,89.78,%,Alerta,85.68,65.0,WiFi
8879,2024-02-01 23:07:00,SENSOR_050,Humedad,Bucaramanga,Norte,35.58,%,Alerta,6.0,82.0,LoRaWAN
8880,2024-06-27 04:29:00,SENSOR_091,Temperatura,Medellin,Centro,25.34,°C,Normal,97.83,33.0,Ethernet
8881,2024-07-13 03:44:00,SENSOR_048,Temperatura,Cali,Sur,14.47,°C,Normal,36.97,86.0,LoRaWAN
8882,2024-03-02 17:03:00,SENSOR_083,Temperatura,Bucaramanga,Sur,34.43,°C,Critico,98.11,33.0,WiFi
8883,2024-10-10 06:11:00,SENSOR_074,Humedad,Cali,Norte,77.61,%,Normal,72.47,41.0,WiFi
8884,2024-02-10 19:35:00,SENSOR_029,Temperatura,Medellin,Sur,21.3,°C,Normal,77.11,33.0,Ethernet
8885,2024-08-22 05:56:00,SENSOR_038,Ruido,Barranquilla,Norte,,dB,Sin_Dato,,58.0,LoRaWAN
8886,2024-09-06 00:27:00,SENSOR_059,Humedad,Cali,Oriente,66.87,%,Normal,,50.0,4G
8887,2024-03-23 08:48:00,SENSOR_087,Humedad,Bucaramanga,Occidente,,%,Sin_Dato,40.01,62.0,4G
8888,2024-04-07 13:24:00,SENSOR_096,Temperatura,Bogota,Oriente,17.48,°C,Normal,76.99,78.0,WiFi
8889,2024-05-19 06:47:00,SENSOR_029,CO2,Cartagena,Oriente,348.28,ppm,Normal,32.55,31.0,LoRaWAN
8890,2024-12-10 21:55:00,SENSOR_039,PM2.5,Cartagena,Oriente,96.25,µg/m3,Critico,95.69,33.0,4G
8891,2024-05-14 20:28:00,SENSOR_052,CO2,Bogota,Sur,1199.56,ppm,Alerta,89.77,,4G
8892,2024-08-07 08:18:00,SENSOR_045,PM2.5,Bogota,Norte,76.52,µg/m3,Critico,56.38,97.0,LoRaWAN
8893,2024-05-05 04:39:00,SENSOR_056,Humedad,Medellin,Oriente,41.5,%,Normal,34.93,50.0,LoRaWAN
8894,2024-01-19 14:17:00,SENSOR_020,PM2.5,Cartagena,Occidente,83.28,µg/m3,Critico,37.17,20.0,Ethernet
8895,2024-07-10 14:50:00,SENSOR_058,Humedad,Bucaramanga,Sur,66.06,%,Normal,88.39,55.0,Ethernet
8896,2024-11-03 10:31:00,SENSOR_012,Humedad,Bogota,Sur,63.22,%,Normal,7.5,81.0,LoRaWAN
8897,2024-08-02 21:47:00,SENSOR_087,PM2.5,Cali,Oriente,57.62,µg/m3,Alerta,62.57,61.0,LoRaWAN
8898,2024-04-25 05:47:00,SENSOR_079,Ruido,Cartagena,Centro,93.67,dB,Critico,71.97,28.0,Ethernet
8899,2024-01-03 08:43:00,SENSOR_076,Ruido,Bogota,Centro,77.12,dB,Alerta,76.0,97.0,Ethernet
8900,2024-08-14 03:02:00,SENSOR_094,PM2.5,Bucaramanga,Sur,75.6,µg/m3,Critico,62.41,59.0,Ethernet
8901,2024-09-28 15:24:00,SENSOR_069,Temperatura,Cali,Oriente,33.13,°C,Critico,7.74,40.0,Ethernet
8902,2024-07-19 13:53:00,SENSOR_082,PM2.5,Medellin,Oriente,19.8,µg/m3,Normal,80.66,62.0,4G
8903,2024-09-12 18:53:00,SENSOR_009,Humedad,Bucaramanga,Centro,84.49,%,Alerta,31.84,97.0,LoRaWAN
8904,2024-09-20 12:28:00,SENSOR_073,PM2.5,Cartagena,Occidente,119.6,µg/m3,Critico,21.22,25.0,LoRaWAN
8905,2024-05-02 20:51:00,SENSOR_065,PM2.5,Medellin,Sur,32.87,µg/m3,Normal,91.75,76.0,LoRaWAN
8906,2024-03-26 19:18:00,SENSOR_064,Temperatura,Medellin,Oriente,28.99,°C,Alerta,7.74,43.0,WiFi
8907,2024-02-24 12:11:00,SENSOR_046,Humedad,Cartagena,Centro,82.66,%,Alerta,47.38,44.0,4G
8908,2024-01-16 06:59:00,SENSOR_089,CO2,Bogota,Norte,1253.23,ppm,Critico,24.51,43.0,Ethernet
8909,2024-02-22 01:03:00,SENSOR_067,Ruido,Cali,Oriente,99.53,dB,Critico,80.98,33.0,4G
8910,2024-03-15 19:23:00,SENSOR_071,Humedad,Medellin,Sur,37.43,%,Alerta,16.56,44.0,WiFi
8911,2024-08-28 09:47:00,SENSOR_016,CO2,Cartagena,Centro,1677.78,ppm,Critico,45.96,25.0,4G
8912,2024-12-28 00:34:00,SENSOR_007,Temperatura,Bogota,Norte,10.13,°C,Normal,76.26,94.0,4G
8913,2024-10-10 01:51:00,SENSOR_096,Ruido,Medellin,Oriente,62.02,dB,Normal,87.03,89.0,LoRaWAN
8914,2024-01-10 01:49:00,SENSOR_026,CO2,Cartagena,Occidente,637.21,ppm,Normal,80.53,69.0,LoRaWAN
8915,2024-06-02 12:31:00,SENSOR_035,PM2.5,Bucaramanga,Norte,25.43,µg/m3,Normal,85.16,87.0,WiFi
8916,2024-07-07 13:29:00,SENSOR_089,PM2.5,Bucaramanga,Centro,7.8,µg/m3,Normal,72.32,33.0,WiFi
8917,2024-05-01 23:47:00,SENSOR_060,Temperatura,Cali,Oriente,17.24,°C,Normal,81.79,70.0,Ethernet
8918,2024-01-29 15:18:00,SENSOR_049,Temperatura,Barranquilla,Norte,16.29,°C,Normal,91.88,81.0,Ethernet
8919,2024-10-17 23:17:00,SENSOR_014,Ruido,Cartagena,Sur,50.72,dB,Normal,43.89,26.0,4G
8920,2024-12-30 23:12:00,SENSOR_036,PM2.5,Cali,Centro,14.5,µg/m3,Normal,27.79,42.0,LoRaWAN
8921,2024-06-26 19:56:00,SENSOR_072,Temperatura,Barranquilla,Norte,16.76,°C,Normal,,64.0,Ethernet
8922,2024-04-25 21:57:00,SENSOR_093,Temperatura,Cartagena,Sur,31.03,°C,Alerta,77.24,97.0,Ethernet
8923,2024-10-22 09:19:00,SENSOR_041,Temperatura,Barranquilla,Norte,16.53,°C,Normal,48.18,63.0,LoRaWAN
8924,2024-02-04 02:36:00,SENSOR_098,Ruido,Medellin,Occidente,81.22,dB,Alerta,43.88,89.0,Ethernet
8925,2024-07-04 01:27:00,SENSOR_005,PM2.5,Bucaramanga,Sur,24.41,µg/m3,Normal,79.78,67.0,Ethernet
8926,2024-04-02 19:36:00,SENSOR_005,PM2.5,Medellin,Norte,37.46,µg/m3,Alerta,14.1,96.0,LoRaWAN
8927,2024-08-13 02:26:00,SENSOR_097,Ruido,Bucaramanga,Centro,67.19,dB,Normal,68.3,71.0,WiFi
8928,2024-03-17 00:46:00,SENSOR_027,PM2.5,Barranquilla,Occidente,99.27,µg/m3,Critico,37.13,64.0,Ethernet
8929,2024-10-18 20:20:00,SENSOR_021,CO2,Bogota,Centro,346.08,ppm,Normal,86.31,73.0,Ethernet
8930,2024-03-16 08:10:00,SENSOR_025,Humedad,Cartagena,Oriente,76.93,%,Normal,35.74,29.0,WiFi
8931,2024-01-16 00:39:00,SENSOR_092,CO2,Medellin,Norte,1331.61,ppm,Critico,73.56,26.0,4G
8932,2024-05-20 15:21:00,SENSOR_067,Humedad,Cartagena,Centro,76.63,%,Normal,58.66,34.0,Ethernet
8933,2024-10-13 08:43:00,SENSOR_032,Temperatura,Medellin,Norte,23.12,°C,Normal,86.52,53.0,WiFi
8934,2024-06-04 19:12:00,SENSOR_003,CO2,Bucaramanga,Occidente,1480.47,ppm,Critico,68.22,84.0,LoRaWAN
8935,2024-10-09 11:23:00,SENSOR_031,Humedad,Cali,Oriente,60.91,%,Normal,99.04,69.0,4G
8936,2024-06-17 05:29:00,SENSOR_007,Ruido,Bucaramanga,Norte,94.17,dB,Critico,79.83,69.0,Ethernet
8937,2024-03-10 05:54:00,SENSOR_092,PM2.5,Cali,Oriente,49.94,µg/m3,Alerta,20.64,73.0,WiFi
8938,2024-08-16 20:33:00,SENSOR_030,Humedad,Medellin,Occidente,43.5,%,Normal,5.44,96.0,4G
8939,2024-10-21 13:53:00,SENSOR_015,CO2,Cali,Oriente,1411.42,ppm,Critico,55.18,35.0,LoRaWAN
8940,2024-10-17 17:48:00,SENSOR_089,PM2.5,Barranquilla,Norte,88.83,µg/m3,Critico,15.57,36.0,4G
8941,2024-12-04 21:03:00,SENSOR_015,Ruido,Barranquilla,Centro,69.51,dB,Normal,51.2,88.0,4G
8942,2024-06-13 14:34:00,SENSOR_083,Humedad,Bucaramanga,Norte,,%,Sin_Dato,24.96,98.0,Ethernet
8943,2024-08-17 19:28:00,SENSOR_097,Temperatura,Barranquilla,Sur,21.68,°C,Normal,83.17,73.0,WiFi
8944,2024-12-25 16:07:00,SENSOR_036,PM2.5,Bogota,Oriente,14.75,µg/m3,Normal,81.61,92.0,LoRaWAN
8945,2024-03-05 19:17:00,SENSOR_080,CO2,Cartagena,Sur,1092.98,ppm,Alerta,14.36,82.0,LoRaWAN
8946,2024-02-11 02:13:00,SENSOR_081,CO2,Bogota,Occidente,417.27,ppm,Normal,81.86,,WiFi
8947,2024-06-03 09:55:00,SENSOR_080,CO2,Cali,Norte,1096.53,ppm,Alerta,92.48,52.0,LoRaWAN
8948,2024-06-25 01:34:00,SENSOR_073,PM2.5,Bogota,Sur,101.0,µg/m3,Critico,27.19,75.0,LoRaWAN
8949,2024-08-20 00:15:00,SENSOR_062,Ruido,Cali,Norte,92.86,dB,Critico,87.03,44.0,4G
8950,2024-12-17 00:54:00,SENSOR_097,Temperatura,Cartagena,Oriente,17.71,°C,Normal,66.01,26.0,WiFi
8951,2024-03-11 07:56:00,SENSOR_090,Ruido,Bucaramanga,Sur,46.97,dB,Normal,55.71,48.0,WiFi
8952,2024-01-01 20:55:00,SENSOR_091,Ruido,Cartagena,Centro,73.23,dB,Alerta,96.87,54.0,WiFi
8953,2024-05-09 13:55:00,SENSOR_082,PM2.5,Barranquilla,Centro,112.88,µg/m3,Critico,10.89,,WiFi
8954,2024-06-27 09:07:00,SENSOR_099,Humedad,Medellin,Sur,36.72,%,Alerta,73.48,79.0,4G
8955,2024-12-04 08:19:00,SENSOR_093,Humedad,Bogota,Centro,91.43,%,Critico,76.98,44.0,4G
8956,2024-09-21 18:13:00,SENSOR_086,Humedad,Bogota,Sur,44.31,%,Normal,53.69,23.0,4G
8957,2024-07-24 13:30:00,SENSOR_030,Temperatura,Barranquilla,Oriente,12.54,°C,Normal,47.01,25.0,Ethernet
8958,2024-02-05 20:53:00,SENSOR_099,CO2,Bogota,Sur,1716.37,ppm,Critico,45.11,81.0,LoRaWAN
8959,2024-08-09 07:24:00,SENSOR_087,Ruido,Medellin,Oriente,37.29,dB,Normal,39.53,56.0,LoRaWAN
8960,2024-04-24 04:11:00,SENSOR_069,Temperatura,Bucaramanga,Occidente,22.94,°C,Normal,88.51,32.0,LoRaWAN
8961,2024-12-20 12:57:00,SENSOR_093,PM2.5,Cartagena,Centro,72.91,µg/m3,Alerta,57.85,34.0,Ethernet
8962,2024-12-23 18:16:00,SENSOR_014,Temperatura,Bogota,Centro,24.03,°C,Normal,59.73,33.0,WiFi
8963,2024-07-14 17:24:00,SENSOR_031,Ruido,Cartagena,Occidente,76.06,dB,Alerta,47.36,52.0,4G
8964,2024-03-22 18:36:00,SENSOR_062,Humedad,Cali,Norte,43.07,%,Normal,68.64,21.0,4G
8965,2024-07-18 07:07:00,SENSOR_065,Ruido,Bucaramanga,Occidente,50.5,dB,Normal,52.16,73.0,4G
8966,2024-06-19 06:11:00,SENSOR_024,Ruido,Barranquilla,Centro,85.96,dB,Critico,78.28,62.0,4G
8967,2024-06-03 20:38:00,SENSOR_018,Temperatura,Cartagena,Sur,15.53,°C,Normal,29.45,66.0,WiFi
8968,2024-06-01 22:29:00,SENSOR_030,CO2,Medellin,Oriente,911.34,ppm,Alerta,87.84,39.0,4G
8969,2024-01-04 16:04:00,SENSOR_077,Temperatura,Medellin,Oriente,32.45,°C,Critico,67.03,30.0,WiFi
8970,2024-01-08 12:51:00,SENSOR_072,PM2.5,Bucaramanga,Norte,34.58,µg/m3,Normal,59.64,68.0,4G
8971,2024-11-01 12:19:00,SENSOR_063,PM2.5,Bucaramanga,Norte,95.44,µg/m3,Critico,93.75,62.0,WiFi
8972,2024-03-30 23:56:00,SENSOR_022,Humedad,Bucaramanga,Occidente,36.02,%,Alerta,71.47,31.0,Ethernet
8973,2024-02-23 01:55:00,SENSOR_073,Temperatura,Cartagena,Centro,11.61,°C,Normal,74.35,90.0,WiFi
8974,2024-12-08 15:47:00,SENSOR_039,CO2,Bogota,Oriente,563.09,ppm,Normal,37.5,46.0,WiFi
8975,2024-07-27 22:19:00,SENSOR_017,Humedad,Bucaramanga,Centro,36.13,%,Alerta,60.71,85.0,LoRaWAN
8976,2024-01-05 02:24:00,SENSOR_005,Ruido,Barranquilla,Centro,36.04,dB,Normal,24.45,71.0,4G
8977,2024-06-12 11:06:00,SENSOR_097,Humedad,Cartagena,Centro,79.12,%,Normal,56.51,26.0,WiFi
8978,2024-10-17 01:25:00,SENSOR_099,PM2.5,Barranquilla,Occidente,102.5,µg/m3,Critico,70.18,88.0,LoRaWAN
8979,2024-10-04 07:06:00,SENSOR_011,Ruido,Medellin,Oriente,46.45,dB,Normal,33.02,79.0,Ethernet
8980,2024-04-05 15:23:00,SENSOR_012,Humedad,Cartagena,Occidente,35.4,%,Alerta,14.49,63.0,WiFi
8981,2024-03-13 12:30:00,SENSOR_018,Humedad,Bucaramanga,Centro,40.26,%,Normal,57.46,,WiFi
8982,2024-07-04 20:49:00,SENSOR_064,Humedad,Bogota,Occidente,90.45,%,Critico,31.29,39.0,4G
8983,2024-12-25 01:11:00,SENSOR_078,Humedad,Bucaramanga,Centro,63.61,%,Normal,95.51,91.0,4G
8984,2024-04-27 03:01:00,SENSOR_074,Temperatura,Cali,Centro,29.24,°C,Alerta,55.25,98.0,WiFi
8985,2024-08-12 18:10:00,SENSOR_077,Ruido,Cali,Centro,38.32,dB,Normal,7.13,98.0,4G
8986,2024-04-26 11:23:00,SENSOR_063,PM2.5,Bucaramanga,Norte,55.1,µg/m3,Alerta,78.77,49.0,WiFi
8987,2024-01-07 17:55:00,SENSOR_036,Humedad,Bucaramanga,Centro,76.43,%,Normal,92.43,54.0,LoRaWAN
8988,2024-05-22 01:15:00,SENSOR_030,CO2,Cali,Occidente,946.27,ppm,Alerta,80.82,55.0,LoRaWAN
8989,2024-01-09 14:46:00,SENSOR_036,Humedad,Medellin,Oriente,34.5,%,Alerta,42.67,89.0,WiFi
8990,2024-03-12 18:50:00,SENSOR_002,Ruido,Barranquilla,Sur,87.72,dB,Critico,87.13,33.0,4G
8991,2024-08-07 15:08:00,SENSOR_090,Temperatura,Bucaramanga,Oriente,22.58,°C,Normal,91.16,100.0,LoRaWAN
8992,2024-06-07 09:15:00,SENSOR_018,Temperatura,Bogota,Occidente,20.51,°C,Normal,9.1,62.0,Ethernet
8993,2024-12-22 14:10:00,SENSOR_098,Ruido,Cali,Oriente,96.89,dB,Critico,22.02,62.0,4G
8994,2024-07-29 23:18:00,SENSOR_021,PM2.5,Medellin,Occidente,48.96,µg/m3,Alerta,43.79,61.0,4G
8995,2024-08-30 02:06:00,SENSOR_033,Ruido,Cali,Occidente,41.48,dB,Normal,95.65,74.0,Ethernet
8996,2024-05-04 05:53:00,SENSOR_058,Temperatura,Barranquilla,Occidente,18.44,°C,Normal,91.33,34.0,Ethernet
8997,2024-07-24 18:48:00,SENSOR_096,Humedad,Bucaramanga,Norte,45.7,%,Normal,24.46,20.0,LoRaWAN
8998,2024-01-01 22:51:00,SENSOR_063,CO2,Medellin,Centro,440.64,ppm,Normal,,71.0,4G
8999,2024-08-28 00:39:00,SENSOR_024,Ruido,Cali,Oriente,44.37,dB,Normal,42.05,84.0,WiFi
9000,2024-01-01 13:46:00,SENSOR_058,CO2,Medellin,Oriente,1725.33,ppm,Critico,20.17,53.0,Ethernet
9001,2024-09-27 12:16:00,SENSOR_006,PM2.5,Bogota,Sur,112.93,µg/m3,Critico,52.56,92.0,Ethernet
9002,2024-01-26 12:00:00,SENSOR_082,Humedad,Bogota,Sur,62.06,%,Normal,78.27,21.0,WiFi
9003,2024-03-14 10:10:00,SENSOR_018,Humedad,Medellin,Oriente,81.58,%,Alerta,7.47,41.0,WiFi
9004,2024-04-14 00:03:00,SENSOR_071,Temperatura,Cartagena,Norte,,°C,Sin_Dato,7.3,70.0,WiFi
9005,2024-12-30 16:21:00,SENSOR_057,PM2.5,Barranquilla,Sur,35.54,µg/m3,Alerta,11.88,33.0,Ethernet
9006,2024-05-12 03:37:00,SENSOR_069,Temperatura,Bogota,Occidente,12.38,°C,Normal,6.62,28.0,4G
9007,2024-07-27 20:11:00,SENSOR_097,CO2,Bucaramanga,Norte,714.15,ppm,Normal,46.05,27.0,LoRaWAN
9008,2024-03-18 05:23:00,SENSOR_001,PM2.5,Medellin,Oriente,,µg/m3,Sin_Dato,8.11,78.0,Ethernet
9009,2024-09-14 15:51:00,SENSOR_006,Ruido,Bogota,Occidente,50.56,dB,Normal,70.98,33.0,Ethernet
9010,2024-01-14 15:46:00,SENSOR_095,Humedad,Bogota,Sur,41.35,%,Normal,17.94,84.0,WiFi
9011,2024-04-04 07:58:00,SENSOR_100,Humedad,Bucaramanga,Sur,39.69,%,Alerta,31.29,70.0,4G
9012,2024-11-15 09:25:00,SENSOR_061,CO2,Barranquilla,Centro,485.22,ppm,Normal,9.32,86.0,WiFi
9013,2024-06-18 01:59:00,SENSOR_041,Humedad,Bucaramanga,Oriente,41.93,%,Normal,,88.0,4G
9014,2024-09-16 16:20:00,SENSOR_018,Ruido,Bucaramanga,Sur,64.32,dB,Normal,59.43,98.0,Ethernet
9015,2024-12-22 05:12:00,SENSOR_017,Temperatura,Bucaramanga,Oriente,11.99,°C,Normal,35.59,53.0,Ethernet
9016,2024-02-21 13:31:00,SENSOR_077,CO2,Cartagena,Norte,1627.4,ppm,Critico,44.19,21.0,WiFi
9017,2024-04-20 05:09:00,SENSOR_041,Humedad,Bogota,Norte,34.07,%,Alerta,42.2,74.0,4G
9018,2024-06-14 14:46:00,SENSOR_055,PM2.5,Cali,Norte,60.77,µg/m3,Alerta,27.95,46.0,LoRaWAN
9019,2024-05-09 15:09:00,SENSOR_081,PM2.5,Cali,Norte,53.8,µg/m3,Alerta,,63.0,4G
9020,2024-04-23 07:28:00,SENSOR_045,Ruido,Barranquilla,Sur,43.54,dB,Normal,,44.0,Ethernet
9021,2024-08-30 00:42:00,SENSOR_024,PM2.5,Cartagena,Occidente,67.3,µg/m3,Alerta,97.38,61.0,WiFi
9022,2024-09-19 00:09:00,SENSOR_098,Temperatura,Cartagena,Norte,33.03,°C,Critico,10.71,78.0,WiFi
9023,2024-01-21 23:48:00,SENSOR_036,CO2,Medellin,Occidente,1513.82,ppm,Critico,57.73,39.0,WiFi
9024,2024-10-19 00:50:00,SENSOR_020,Humedad,Cartagena,Norte,,%,Sin_Dato,68.34,49.0,LoRaWAN
9025,2024-09-25 06:15:00,SENSOR_079,Ruido,Cartagena,Occidente,85.47,dB,Critico,63.33,74.0,LoRaWAN
9026,2024-10-08 15:46:00,SENSOR_051,CO2,Bucaramanga,Centro,1130.08,ppm,Alerta,28.5,54.0,4G
9027,2024-09-23 02:50:00,SENSOR_058,CO2,Cartagena,Occidente,1418.26,ppm,Critico,77.42,97.0,Ethernet
9028,2024-01-02 05:04:00,SENSOR_084,Temperatura,Cali,Sur,17.63,°C,Normal,33.34,49.0,4G
9029,2024-08-17 02:47:00,SENSOR_056,Ruido,Bucaramanga,Sur,44.56,dB,Normal,22.71,72.0,4G
9030,2024-10-16 06:14:00,SENSOR_046,PM2.5,Cartagena,Sur,97.97,µg/m3,Critico,36.34,85.0,WiFi
9031,2024-01-04 00:43:00,SENSOR_072,PM2.5,Cali,Oriente,10.68,µg/m3,Normal,91.4,85.0,4G
9032,2024-07-19 05:13:00,SENSOR_011,Ruido,Cartagena,Occidente,64.06,dB,Normal,92.56,97.0,WiFi
9033,2024-12-08 08:49:00,SENSOR_053,Humedad,Cali,Occidente,76.2,%,Normal,61.27,79.0,LoRaWAN
9034,2024-09-05 12:47:00,SENSOR_033,CO2,Barranquilla,Occidente,1750.7,ppm,Critico,80.48,75.0,LoRaWAN
9035,2024-08-02 14:55:00,SENSOR_083,PM2.5,Cali,Occidente,67.96,µg/m3,Alerta,76.27,35.0,WiFi
9036,2024-11-12 20:48:00,SENSOR_011,CO2,Cali,Norte,1735.57,ppm,Critico,85.63,90.0,WiFi
9037,2024-02-04 15:40:00,SENSOR_088,Temperatura,Bucaramanga,Occidente,,°C,Sin_Dato,54.63,85.0,4G
9038,2024-08-08 03:33:00,SENSOR_014,CO2,Bucaramanga,Occidente,1425.64,ppm,Critico,80.53,69.0,Ethernet
9039,2024-04-30 12:58:00,SENSOR_079,Humedad,Cali,Norte,74.93,%,Normal,90.89,49.0,4G
9040,2024-12-25 23:37:00,SENSOR_002,Humedad,Cartagena,Oriente,74.49,%,Normal,42.71,25.0,Ethernet
9041,2024-03-25 01:54:00,SENSOR_043,Humedad,Cartagena,Occidente,60.93,%,Normal,24.05,63.0,Ethernet
9042,2024-08-19 10:53:00,SENSOR_017,Ruido,Medellin,Sur,58.89,dB,Normal,34.06,78.0,WiFi
9043,2024-12-02 07:42:00,SENSOR_061,CO2,Cali,Oriente,,ppm,Sin_Dato,88.64,43.0,LoRaWAN
9044,2024-04-12 22:25:00,SENSOR_005,PM2.5,Bogota,Centro,8.61,µg/m3,Normal,76.52,68.0,LoRaWAN
9045,2024-02-03 04:35:00,SENSOR_053,PM2.5,Barranquilla,Norte,28.7,µg/m3,Normal,,58.0,Ethernet
9046,2024-01-30 17:41:00,SENSOR_099,Ruido,Bucaramanga,Oriente,40.58,dB,Normal,36.26,41.0,Ethernet
9047,2024-11-28 10:17:00,SENSOR_056,PM2.5,Bogota,Norte,57.31,µg/m3,Alerta,26.23,45.0,LoRaWAN
9048,2024-11-09 01:50:00,SENSOR_044,Temperatura,Cali,Occidente,13.27,°C,Normal,55.91,62.0,WiFi
9049,2024-08-25 08:53:00,SENSOR_056,Humedad,Medellin,Sur,74.73,%,Normal,46.9,29.0,WiFi
9050,2024-01-18 05:48:00,SENSOR_082,CO2,Bucaramanga,Norte,710.89,ppm,Normal,77.89,31.0,Ethernet
9051,2024-03-24 00:49:00,SENSOR_030,PM2.5,Cartagena,Norte,106.63,µg/m3,Critico,52.81,84.0,4G
9052,2024-09-12 02:11:00,SENSOR_074,PM2.5,Medellin,Occidente,65.04,µg/m3,Alerta,54.47,34.0,4G
9053,2024-06-03 13:54:00,SENSOR_027,CO2,Medellin,Occidente,1163.73,ppm,Alerta,41.64,,WiFi
9054,2024-12-14 08:11:00,SENSOR_071,Temperatura,Barranquilla,Sur,29.05,°C,Alerta,73.23,66.0,WiFi
9055,2024-07-16 08:52:00,SENSOR_012,Temperatura,Bogota,Occidente,22.43,°C,Normal,21.3,37.0,4G
9056,2024-11-05 00:09:00,SENSOR_053,Humedad,Cartagena,Oriente,56.63,%,Normal,74.39,85.0,Ethernet
9057,2024-02-11 12:08:00,SENSOR_071,PM2.5,Barranquilla,Occidente,19.67,µg/m3,Normal,63.19,26.0,LoRaWAN
9058,2024-04-16 03:29:00,SENSOR_021,PM2.5,Medellin,Occidente,38.84,µg/m3,Alerta,75.45,73.0,4G
9059,2024-11-30 18:48:00,SENSOR_033,Humedad,Bucaramanga,Oriente,34.37,%,Alerta,9.22,26.0,Ethernet
9060,2024-05-21 06:04:00,SENSOR_059,Ruido,Bogota,Centro,51.65,dB,Normal,70.72,20.0,WiFi
9061,2024-12-12 09:31:00,SENSOR_066,Humedad,Bogota,Norte,74.34,%,Normal,60.27,33.0,Ethernet
9062,2024-05-15 04:07:00,SENSOR_068,Ruido,Medellin,Sur,69.72,dB,Normal,,38.0,WiFi
9063,2024-07-15 11:37:00,SENSOR_056,Ruido,Bucaramanga,Norte,70.05,dB,Alerta,12.34,81.0,4G
9064,2024-05-11 09:00:00,SENSOR_027,Ruido,Cartagena,Occidente,,dB,Sin_Dato,63.66,38.0,WiFi
9065,2024-03-18 11:01:00,SENSOR_096,PM2.5,Bogota,Sur,105.41,µg/m3,Critico,81.93,90.0,Ethernet
9066,2024-03-05 17:00:00,SENSOR_008,Humedad,Cartagena,Centro,77.53,%,Normal,11.92,89.0,WiFi
9067,2024-04-30 12:32:00,SENSOR_068,Temperatura,Barranquilla,Norte,,°C,Sin_Dato,59.46,91.0,WiFi
9068,2024-01-11 01:29:00,SENSOR_088,Ruido,Medellin,Sur,46.91,dB,Normal,99.83,83.0,Ethernet
9069,2024-01-01 17:02:00,SENSOR_063,Temperatura,Medellin,Norte,34.66,°C,Critico,57.41,37.0,WiFi
9070,2024-06-29 05:02:00,SENSOR_015,Humedad,Barranquilla,Centro,54.92,%,Normal,65.06,26.0,Ethernet
9071,2024-05-29 14:22:00,SENSOR_006,Humedad,Barranquilla,Occidente,48.34,%,Normal,81.4,74.0,4G
9072,2024-07-19 02:26:00,SENSOR_034,PM2.5,Bogota,Oriente,66.65,µg/m3,Alerta,71.11,51.0,WiFi
9073,2024-04-23 09:04:00,SENSOR_075,PM2.5,Medellin,Centro,63.56,µg/m3,Alerta,25.02,96.0,LoRaWAN
9074,2024-01-04 20:17:00,SENSOR_088,Humedad,Bogota,Norte,82.54,%,Alerta,24.46,92.0,Ethernet
9075,2024-01-11 09:11:00,SENSOR_099,PM2.5,Barranquilla,Sur,15.59,µg/m3,Normal,37.12,62.0,4G
9076,2024-03-14 11:09:00,SENSOR_018,Temperatura,Medellin,Sur,21.93,°C,Normal,75.63,,WiFi
9077,2024-07-05 14:17:00,SENSOR_087,Temperatura,Barranquilla,Sur,24.11,°C,Normal,26.01,77.0,Ethernet
9078,2024-02-27 00:07:00,SENSOR_022,Temperatura,Medellin,Norte,19.02,°C,Normal,86.96,37.0,LoRaWAN
9079,2024-08-01 13:57:00,SENSOR_065,Ruido,Bucaramanga,Norte,44.61,dB,Normal,9.05,61.0,LoRaWAN
9080,2024-01-27 04:51:00,SENSOR_007,Humedad,Barranquilla,Sur,57.53,%,Normal,8.04,33.0,Ethernet
9081,2024-11-15 08:23:00,SENSOR_063,Temperatura,Barranquilla,Norte,10.11,°C,Normal,59.83,81.0,WiFi
9082,2024-10-04 05:23:00,SENSOR_060,Ruido,Medellin,Occidente,49.52,dB,Normal,58.56,98.0,4G
9083,2024-07-14 14:57:00,SENSOR_078,Temperatura,Medellin,Norte,21.81,°C,Normal,96.66,28.0,Ethernet
9084,2024-12-16 15:51:00,SENSOR_010,PM2.5,Barranquilla,Occidente,67.89,µg/m3,Alerta,95.62,49.0,4G
9085,2024-04-08 07:21:00,SENSOR_054,PM2.5,Medellin,Occidente,82.88,µg/m3,Critico,50.38,99.0,LoRaWAN
9086,2024-05-16 09:34:00,SENSOR_049,Humedad,Cali,Occidente,76.42,%,Normal,39.92,43.0,LoRaWAN
9087,2024-04-06 23:25:00,SENSOR_033,Temperatura,Bogota,Oriente,30.74,°C,Alerta,28.09,50.0,LoRaWAN
9088,2024-03-03 09:20:00,SENSOR_062,CO2,Barranquilla,Sur,1484.88,ppm,Critico,88.15,75.0,Ethernet
9089,2024-05-27 21:03:00,SENSOR_027,Temperatura,Cali,Sur,15.19,°C,Normal,86.13,38.0,Ethernet
9090,2024-09-20 00:52:00,SENSOR_037,Humedad,Cartagena,Sur,67.95,%,Normal,65.6,42.0,WiFi
9091,2024-05-27 05:46:00,SENSOR_009,Temperatura,Medellin,Norte,,°C,Sin_Dato,28.49,69.0,WiFi
9092,2024-02-26 08:51:00,SENSOR_028,Temperatura,Cali,Norte,25.03,°C,Normal,73.25,44.0,4G
9093,2024-05-01 02:30:00,SENSOR_045,Temperatura,Cali,Centro,29.53,°C,Alerta,19.64,82.0,Ethernet
9094,2024-06-20 07:08:00,SENSOR_065,Humedad,Medellin,Sur,80.58,%,Alerta,49.34,74.0,WiFi
9095,2024-03-12 06:45:00,SENSOR_030,PM2.5,Medellin,Oriente,17.24,µg/m3,Normal,31.11,21.0,Ethernet
9096,2024-02-01 12:06:00,SENSOR_035,PM2.5,Bucaramanga,Oriente,111.75,µg/m3,Critico,49.84,51.0,Ethernet
9097,2024-03-19 19:34:00,SENSOR_089,Temperatura,Bogota,Sur,25.81,°C,Normal,91.56,27.0,Ethernet
9098,2024-04-15 10:22:00,SENSOR_068,CO2,Medellin,Sur,766.12,ppm,Normal,85.15,72.0,WiFi
9099,2024-08-31 09:07:00,SENSOR_086,PM2.5,Medellin,Norte,50.23,µg/m3,Alerta,26.73,43.0,LoRaWAN
9100,2024-05-26 16:33:00,SENSOR_027,Temperatura,Cartagena,Oriente,30.6,°C,Alerta,99.96,37.0,4G
9101,2024-05-26 20:06:00,SENSOR_025,CO2,Cali,Occidente,328.41,ppm,Normal,8.75,21.0,Ethernet
9102,2024-06-12 09:15:00,SENSOR_066,PM2.5,Bucaramanga,Sur,75.66,µg/m3,Critico,52.24,36.0,WiFi
9103,2024-12-30 02:24:00,SENSOR_048,Temperatura,Barranquilla,Oriente,33.13,°C,Critico,56.61,53.0,4G
9104,2024-01-19 21:47:00,SENSOR_051,CO2,Cartagena,Norte,492.03,ppm,Normal,24.22,68.0,Ethernet
9105,2024-08-29 22:09:00,SENSOR_014,Humedad,Cali,Oriente,74.6,%,Normal,59.06,41.0,4G
9106,2024-01-12 05:11:00,SENSOR_080,PM2.5,Bucaramanga,Oriente,63.9,µg/m3,Alerta,71.66,,4G
9107,2024-02-17 17:12:00,SENSOR_060,PM2.5,Barranquilla,Centro,9.85,µg/m3,Normal,39.5,33.0,Ethernet
9108,2024-07-09 09:17:00,SENSOR_047,CO2,Cali,Oriente,628.7,ppm,Normal,66.02,70.0,WiFi
9109,2024-06-03 02:12:00,SENSOR_060,Temperatura,Barranquilla,Norte,,°C,Sin_Dato,67.35,77.0,4G
9110,2024-08-19 16:27:00,SENSOR_026,Ruido,Bucaramanga,Oriente,80.87,dB,Alerta,76.95,24.0,LoRaWAN
9111,2024-08-20 08:20:00,SENSOR_044,PM2.5,Cali,Sur,38.83,µg/m3,Alerta,9.21,82.0,LoRaWAN
9112,2024-07-20 16:53:00,SENSOR_032,Temperatura,Cartagena,Oriente,30.84,°C,Alerta,96.34,39.0,WiFi
9113,2024-01-14 22:33:00,SENSOR_003,Ruido,Cartagena,Norte,78.28,dB,Alerta,80.63,91.0,4G
9114,2024-12-12 06:42:00,SENSOR_016,Ruido,Medellin,Norte,95.1,dB,Critico,27.02,63.0,4G
9115,2024-02-03 01:07:00,SENSOR_039,Temperatura,Cartagena,Centro,,°C,Sin_Dato,83.12,66.0,4G
9116,2024-05-27 08:00:00,SENSOR_004,Ruido,Barranquilla,Occidente,83.86,dB,Alerta,41.64,39.0,Ethernet
9117,2024-12-14 12:35:00,SENSOR_019,CO2,Cali,Occidente,413.77,ppm,Normal,22.16,41.0,4G
9118,2024-09-07 19:39:00,SENSOR_085,Humedad,Barranquilla,Oriente,54.49,%,Normal,7.54,70.0,Ethernet
9119,2024-03-24 16:23:00,SENSOR_095,PM2.5,Barranquilla,Oriente,12.12,µg/m3,Normal,84.34,86.0,WiFi
9120,2024-12-08 08:38:00,SENSOR_019,CO2,Cartagena,Oriente,852.13,ppm,Alerta,53.99,46.0,WiFi
9121,2024-05-23 00:42:00,SENSOR_031,Humedad,Medellin,Occidente,75.24,%,Normal,12.36,27.0,Ethernet
9122,2024-05-20 23:39:00,SENSOR_008,CO2,Cali,Sur,1553.74,ppm,Critico,65.19,94.0,WiFi
9123,2024-12-24 09:21:00,SENSOR_013,CO2,Cali,Oriente,1376.73,ppm,Critico,78.48,52.0,LoRaWAN
9124,2024-04-14 19:09:00,SENSOR_017,Ruido,Bucaramanga,Centro,47.86,dB,Normal,21.72,39.0,4G
9125,2024-04-01 19:32:00,SENSOR_005,Temperatura,Medellin,Occidente,29.81,°C,Alerta,67.35,61.0,LoRaWAN
9126,2024-08-12 22:05:00,SENSOR_075,PM2.5,Bogota,Oriente,66.49,µg/m3,Alerta,75.86,65.0,Ethernet
9127,2024-04-01 08:34:00,SENSOR_037,Ruido,Bucaramanga,Sur,75.06,dB,Alerta,15.69,43.0,Ethernet
9128,2024-11-30 00:14:00,SENSOR_048,CO2,Barranquilla,Oriente,717.26,ppm,Normal,7.92,66.0,WiFi
9129,2024-01-09 03:30:00,SENSOR_034,Ruido,Medellin,Sur,58.28,dB,Normal,77.19,20.0,LoRaWAN
9130,2024-04-08 04:17:00,SENSOR_058,PM2.5,Cali,Occidente,15.43,µg/m3,Normal,76.4,,WiFi
9131,2024-07-08 18:14:00,SENSOR_081,CO2,Bogota,Sur,908.16,ppm,Alerta,94.54,59.0,4G
9132,2024-01-11 07:21:00,SENSOR_027,Ruido,Bucaramanga,Oriente,68.79,dB,Normal,75.35,62.0,Ethernet
9133,2024-11-03 09:54:00,SENSOR_023,Ruido,Cartagena,Sur,64.01,dB,Normal,86.99,48.0,LoRaWAN
9134,2024-03-27 19:20:00,SENSOR_053,Ruido,Cali,Norte,84.91,dB,Alerta,50.47,44.0,4G
9135,2024-07-01 03:35:00,SENSOR_038,Humedad,Medellin,Occidente,53.66,%,Normal,63.03,49.0,WiFi
9136,2024-12-09 04:42:00,SENSOR_036,Ruido,Cartagena,Norte,91.59,dB,Critico,88.15,57.0,4G
9137,2024-01-04 14:53:00,SENSOR_019,Temperatura,Medellin,Sur,27.23,°C,Normal,36.23,88.0,LoRaWAN
9138,2024-02-26 07:15:00,SENSOR_054,CO2,Bucaramanga,Norte,841.23,ppm,Alerta,60.34,29.0,Ethernet
9139,2024-01-05 21:52:00,SENSOR_044,Ruido,Medellin,Occidente,36.13,dB,Normal,30.65,40.0,WiFi
9140,2024-04-14 03:06:00,SENSOR_037,Humedad,Barranquilla,Norte,,%,Sin_Dato,11.45,79.0,4G
9141,2024-01-18 09:34:00,SENSOR_018,Humedad,Barranquilla,Norte,63.11,%,Normal,19.12,24.0,WiFi
9142,2024-06-30 02:59:00,SENSOR_088,PM2.5,Barranquilla,Centro,97.01,µg/m3,Critico,98.53,56.0,4G
9143,2024-02-17 18:04:00,SENSOR_039,Ruido,Bucaramanga,Oriente,99.67,dB,Critico,19.07,51.0,4G
9144,2024-07-05 07:30:00,SENSOR_023,Temperatura,Bucaramanga,Sur,,°C,Sin_Dato,50.64,30.0,Ethernet
9145,2024-08-06 18:48:00,SENSOR_024,CO2,Bogota,Oriente,789.75,ppm,Normal,28.64,87.0,WiFi
9146,2024-05-20 15:19:00,SENSOR_009,Humedad,Bogota,Oriente,44.24,%,Normal,64.4,97.0,Ethernet
9147,2024-10-11 19:40:00,SENSOR_021,Temperatura,Medellin,Occidente,26.75,°C,Normal,71.57,50.0,Ethernet
9148,2024-06-19 09:02:00,SENSOR_100,Ruido,Cali,Norte,94.84,dB,Critico,31.26,55.0,4G
9149,2024-02-12 11:17:00,SENSOR_083,Humedad,Bucaramanga,Centro,76.74,%,Normal,92.08,50.0,4G
9150,2024-09-04 05:37:00,SENSOR_063,Temperatura,Medellin,Oriente,29.02,°C,Alerta,55.85,53.0,WiFi
9151,2024-10-02 23:04:00,SENSOR_067,Humedad,Cali,Sur,32.47,%,Alerta,57.64,64.0,LoRaWAN
9152,2024-03-13 21:52:00,SENSOR_021,PM2.5,Barranquilla,Occidente,,µg/m3,Sin_Dato,9.17,97.0,LoRaWAN
9153,2024-04-30 14:48:00,SENSOR_081,Ruido,Cartagena,Occidente,89.27,dB,Critico,93.22,65.0,4G
9154,2024-07-29 06:16:00,SENSOR_095,CO2,Cartagena,Occidente,1794.41,ppm,Critico,50.68,89.0,WiFi
9155,2024-08-21 19:46:00,SENSOR_085,Temperatura,Barranquilla,Occidente,14.79,°C,Normal,39.94,81.0,4G
9156,2024-08-09 21:44:00,SENSOR_032,Humedad,Cali,Occidente,43.64,%,Normal,75.97,47.0,WiFi
9157,2024-06-11 14:58:00,SENSOR_057,CO2,Bogota,Norte,1138.88,ppm,Alerta,70.78,57.0,4G
9158,2024-02-23 04:59:00,SENSOR_100,Ruido,Barranquilla,Norte,53.11,dB,Normal,96.34,89.0,4G
9159,2024-02-28 08:47:00,SENSOR_081,PM2.5,Barranquilla,Centro,108.27,µg/m3,Critico,33.98,88.0,4G
9160,2024-05-07 17:49:00,SENSOR_092,Humedad,Barranquilla,Centro,89.96,%,Alerta,59.71,22.0,Ethernet
9161,2024-09-21 03:47:00,SENSOR_024,PM2.5,Barranquilla,Oriente,50.64,µg/m3,Alerta,56.35,84.0,WiFi
9162,2024-09-03 10:53:00,SENSOR_068,PM2.5,Cartagena,Oriente,33.89,µg/m3,Normal,51.04,40.0,Ethernet
9163,2024-01-27 05:37:00,SENSOR_066,Humedad,Medellin,Centro,69.59,%,Normal,92.46,40.0,4G
9164,2024-03-29 07:16:00,SENSOR_002,CO2,Bucaramanga,Occidente,1351.86,ppm,Critico,41.1,76.0,WiFi
9165,2024-04-28 14:43:00,SENSOR_028,Humedad,Medellin,Oriente,90.28,%,Critico,98.66,80.0,LoRaWAN
9166,2024-03-01 23:05:00,SENSOR_032,Humedad,Cartagena,Oriente,70.96,%,Normal,91.84,,Ethernet
9167,2024-08-25 10:07:00,SENSOR_055,PM2.5,Bogota,Sur,37.65,µg/m3,Alerta,56.84,37.0,WiFi
9168,2024-02-20 21:36:00,SENSOR_021,CO2,Cartagena,Sur,819.16,ppm,Alerta,,31.0,Ethernet
9169,2024-07-21 17:34:00,SENSOR_098,Temperatura,Cartagena,Occidente,30.23,°C,Alerta,51.59,27.0,LoRaWAN
9170,2024-09-15 11:27:00,SENSOR_054,Temperatura,Cali,Centro,23.73,°C,Normal,68.48,80.0,4G
9171,2024-02-19 23:30:00,SENSOR_079,PM2.5,Barranquilla,Oriente,57.87,µg/m3,Alerta,,65.0,WiFi
9172,2024-04-08 18:11:00,SENSOR_086,PM2.5,Medellin,Oriente,62.91,µg/m3,Alerta,79.24,46.0,LoRaWAN
9173,2024-05-23 21:55:00,SENSOR_021,CO2,Cali,Oriente,1563.53,ppm,Critico,79.84,76.0,4G
9174,2024-01-24 12:19:00,SENSOR_076,PM2.5,Bogota,Centro,13.48,µg/m3,Normal,82.95,21.0,WiFi
9175,2024-06-15 16:43:00,SENSOR_053,CO2,Cartagena,Centro,1527.03,ppm,Critico,10.37,70.0,WiFi
9176,2024-09-03 08:00:00,SENSOR_012,PM2.5,Cartagena,Centro,15.26,µg/m3,Normal,26.97,78.0,LoRaWAN
9177,2024-10-10 19:20:00,SENSOR_042,Humedad,Cartagena,Centro,82.41,%,Alerta,13.77,89.0,Ethernet
9178,2024-02-23 14:22:00,SENSOR_100,PM2.5,Cali,Occidente,,µg/m3,Sin_Dato,57.42,53.0,LoRaWAN
9179,2024-12-24 22:45:00,SENSOR_040,PM2.5,Cartagena,Occidente,57.94,µg/m3,Alerta,57.15,43.0,LoRaWAN
9180,2024-08-09 17:28:00,SENSOR_034,PM2.5,Cali,Centro,73.57,µg/m3,Alerta,50.93,64.0,LoRaWAN
9181,2024-08-18 19:56:00,SENSOR_049,PM2.5,Bucaramanga,Oriente,8.56,µg/m3,Normal,93.96,99.0,LoRaWAN
9182,2024-07-30 14:11:00,SENSOR_083,CO2,Cali,Sur,1475.16,ppm,Critico,46.04,64.0,WiFi
9183,2024-12-25 04:17:00,SENSOR_015,PM2.5,Bucaramanga,Centro,20.79,µg/m3,Normal,16.74,25.0,Ethernet
9184,2024-03-31 17:45:00,SENSOR_095,Ruido,Cali,Norte,70.32,dB,Alerta,79.07,68.0,LoRaWAN
9185,2024-07-21 10:10:00,SENSOR_008,Ruido,Medellin,Oriente,49.74,dB,Normal,71.11,38.0,Ethernet
9186,2024-04-23 03:46:00,SENSOR_014,PM2.5,Cartagena,Centro,73.11,µg/m3,Alerta,33.48,,Ethernet
9187,2024-12-24 15:12:00,SENSOR_070,Humedad,Bucaramanga,Sur,55.37,%,Normal,44.87,99.0,LoRaWAN
9188,2024-07-15 19:38:00,SENSOR_080,Ruido,Barranquilla,Oriente,61.15,dB,Normal,6.95,80.0,4G
9189,2024-08-07 12:45:00,SENSOR_085,Temperatura,Medellin,Norte,29.12,°C,Alerta,98.83,92.0,WiFi
9190,2024-04-29 04:01:00,SENSOR_025,CO2,Bogota,Oriente,305.74,ppm,Normal,62.32,90.0,LoRaWAN
9191,2024-04-17 21:18:00,SENSOR_055,Temperatura,Bogota,Sur,25.4,°C,Normal,65.08,50.0,4G
9192,2024-10-25 21:11:00,SENSOR_045,PM2.5,Cartagena,Occidente,39.95,µg/m3,Alerta,20.62,92.0,WiFi
9193,2024-02-19 20:45:00,SENSOR_059,Ruido,Cartagena,Norte,84.91,dB,Alerta,9.08,26.0,Ethernet
9194,2024-06-22 00:05:00,SENSOR_076,Humedad,Medellin,Occidente,42.09,%,Normal,46.14,71.0,4G
9195,2024-02-27 09:43:00,SENSOR_024,PM2.5,Cartagena,Occidente,99.21,µg/m3,Critico,10.17,91.0,LoRaWAN
9196,2024-01-02 19:25:00,SENSOR_018,Ruido,Barranquilla,Occidente,40.31,dB,Normal,12.67,32.0,LoRaWAN
9197,2024-06-03 09:56:00,SENSOR_008,PM2.5,Bogota,Norte,29.42,µg/m3,Normal,64.69,72.0,4G
9198,2024-06-19 17:05:00,SENSOR_065,Ruido,Bogota,Norte,69.89,dB,Normal,92.98,42.0,LoRaWAN
9199,2024-03-22 07:45:00,SENSOR_036,Ruido,Bogota,Norte,72.3,dB,Alerta,61.13,66.0,LoRaWAN
9200,2024-11-06 09:00:00,SENSOR_038,Humedad,Medellin,Oriente,74.78,%,Normal,13.44,56.0,Ethernet
9201,2024-08-11 01:08:00,SENSOR_021,PM2.5,Bucaramanga,Oriente,42.84,µg/m3,Alerta,80.12,39.0,LoRaWAN
9202,2024-08-02 09:27:00,SENSOR_051,Temperatura,Cali,Occidente,20.77,°C,Normal,42.18,44.0,LoRaWAN
9203,2024-04-25 20:12:00,SENSOR_087,Humedad,Bucaramanga,Sur,69.86,%,Normal,72.02,45.0,4G
9204,2024-12-11 23:12:00,SENSOR_034,PM2.5,Cartagena,Centro,89.11,µg/m3,Critico,5.58,98.0,WiFi
9205,2024-12-30 17:23:00,SENSOR_035,CO2,Medellin,Sur,1791.95,ppm,Critico,68.32,72.0,Ethernet
9206,2024-11-19 09:38:00,SENSOR_092,Temperatura,Medellin,Occidente,33.82,°C,Critico,54.74,44.0,Ethernet
9207,2024-10-06 20:07:00,SENSOR_049,Ruido,Medellin,Oriente,68.07,dB,Normal,91.0,,4G
9208,2024-04-17 00:12:00,SENSOR_021,PM2.5,Medellin,Sur,105.92,µg/m3,Critico,98.85,38.0,4G
9209,2024-07-05 10:55:00,SENSOR_012,PM2.5,Bogota,Occidente,30.26,µg/m3,Normal,96.8,63.0,Ethernet
9210,2024-04-29 06:40:00,SENSOR_068,PM2.5,Cali,Centro,54.29,µg/m3,Alerta,33.35,63.0,LoRaWAN
9211,2024-06-01 22:14:00,SENSOR_008,PM2.5,Bogota,Oriente,89.32,µg/m3,Critico,75.37,76.0,WiFi
9212,2024-06-04 08:18:00,SENSOR_067,Temperatura,Bogota,Centro,16.97,°C,Normal,64.79,74.0,LoRaWAN
9213,2024-08-19 20:29:00,SENSOR_094,Temperatura,Bogota,Occidente,19.26,°C,Normal,16.18,33.0,Ethernet
9214,2024-11-18 08:49:00,SENSOR_022,Ruido,Cali,Centro,49.64,dB,Normal,11.93,44.0,Ethernet
9215,2024-08-22 20:20:00,SENSOR_013,Ruido,Barranquilla,Sur,91.19,dB,Critico,52.41,20.0,4G
9216,2024-05-28 12:54:00,SENSOR_056,Humedad,Cartagena,Norte,47.27,%,Normal,75.85,39.0,Ethernet
9217,2024-09-23 05:08:00,SENSOR_097,PM2.5,Bogota,Centro,9.91,µg/m3,Normal,40.21,41.0,LoRaWAN
9218,2024-09-22 01:11:00,SENSOR_027,Humedad,Bucaramanga,Norte,68.12,%,Normal,94.76,21.0,LoRaWAN
9219,2024-12-23 13:43:00,SENSOR_021,Humedad,Cali,Sur,79.88,%,Normal,27.6,86.0,4G
9220,2024-10-13 14:49:00,SENSOR_041,Humedad,Barranquilla,Oriente,37.78,%,Alerta,63.63,28.0,LoRaWAN
9221,2024-02-09 02:39:00,SENSOR_082,Temperatura,Barranquilla,Sur,12.27,°C,Normal,,89.0,LoRaWAN
9222,2024-04-25 03:21:00,SENSOR_089,CO2,Barranquilla,Centro,858.82,ppm,Alerta,61.34,42.0,4G
9223,2024-10-23 07:13:00,SENSOR_054,PM2.5,Cartagena,Centro,51.36,µg/m3,Alerta,29.41,97.0,4G
9224,2024-05-03 05:51:00,SENSOR_053,Temperatura,Cali,Sur,31.96,°C,Alerta,92.82,55.0,4G
9225,2024-12-14 16:57:00,SENSOR_015,Ruido,Cartagena,Sur,38.58,dB,Normal,67.65,97.0,Ethernet
9226,2024-08-13 03:58:00,SENSOR_084,Temperatura,Cali,Centro,34.29,°C,Critico,5.93,75.0,LoRaWAN
9227,2024-09-07 00:43:00,SENSOR_069,PM2.5,Cartagena,Occidente,37.07,µg/m3,Alerta,,93.0,LoRaWAN
9228,2024-04-23 08:05:00,SENSOR_093,PM2.5,Medellin,Centro,30.87,µg/m3,Normal,6.09,82.0,WiFi
9229,2024-02-26 16:25:00,SENSOR_022,Humedad,Medellin,Oriente,73.58,%,Normal,89.87,75.0,WiFi
9230,2024-01-13 13:12:00,SENSOR_051,Temperatura,Barranquilla,Sur,22.94,°C,Normal,10.42,91.0,4G
9231,2024-05-21 08:20:00,SENSOR_038,Ruido,Barranquilla,Sur,91.83,dB,Critico,70.85,45.0,4G
9232,2024-08-29 12:19:00,SENSOR_026,Humedad,Bucaramanga,Sur,56.88,%,Normal,72.07,43.0,LoRaWAN
9233,2024-10-25 08:24:00,SENSOR_097,Humedad,Cali,Occidente,48.01,%,Normal,11.94,24.0,Ethernet
9234,2024-02-23 20:04:00,SENSOR_017,CO2,Cartagena,Sur,830.1,ppm,Alerta,49.4,62.0,Ethernet
9235,2024-08-30 14:01:00,SENSOR_019,Temperatura,Barranquilla,Sur,19.3,°C,Normal,54.86,89.0,WiFi
9236,2024-01-06 21:14:00,SENSOR_063,Ruido,Medellin,Norte,81.99,dB,Alerta,12.23,42.0,LoRaWAN
9237,2024-10-05 09:31:00,SENSOR_098,Temperatura,Medellin,Oriente,12.95,°C,Normal,10.38,80.0,WiFi
9238,2024-12-26 11:12:00,SENSOR_076,Temperatura,Bogota,Oriente,25.36,°C,Normal,65.71,74.0,Ethernet
9239,2024-01-16 17:54:00,SENSOR_017,PM2.5,Barranquilla,Occidente,58.36,µg/m3,Alerta,96.79,66.0,WiFi
9240,2024-08-29 17:10:00,SENSOR_055,Humedad,Bucaramanga,Sur,54.08,%,Normal,32.49,,Ethernet
9241,2024-06-04 12:24:00,SENSOR_091,Humedad,Cali,Norte,66.4,%,Normal,16.11,69.0,4G
9242,2024-12-09 04:21:00,SENSOR_084,PM2.5,Bogota,Norte,33.87,µg/m3,Normal,23.8,59.0,4G
9243,2024-05-29 12:20:00,SENSOR_055,Temperatura,Bucaramanga,Occidente,14.02,°C,Normal,46.89,93.0,LoRaWAN
9244,2024-03-27 09:57:00,SENSOR_039,Ruido,Bucaramanga,Norte,45.86,dB,Normal,69.85,22.0,Ethernet
9245,2024-10-20 12:11:00,SENSOR_100,Temperatura,Medellin,Occidente,23.57,°C,Normal,6.96,31.0,LoRaWAN
9246,2024-09-20 17:17:00,SENSOR_098,PM2.5,Bogota,Occidente,54.0,µg/m3,Alerta,95.61,82.0,WiFi
9247,2024-06-15 13:18:00,SENSOR_017,Ruido,Barranquilla,Sur,75.54,dB,Alerta,60.71,82.0,WiFi
9248,2024-01-29 17:28:00,SENSOR_051,PM2.5,Bogota,Norte,84.33,µg/m3,Critico,61.65,60.0,4G
9249,2024-03-29 23:54:00,SENSOR_067,Humedad,Bogota,Oriente,33.06,%,Alerta,58.38,,Ethernet
9250,2024-02-28 18:26:00,SENSOR_033,CO2,Cartagena,Occidente,921.0,ppm,Alerta,,40.0,LoRaWAN
9251,2024-01-23 00:34:00,SENSOR_044,Ruido,Bucaramanga,Occidente,74.89,dB,Alerta,20.18,68.0,LoRaWAN
9252,2024-07-06 09:51:00,SENSOR_088,Humedad,Barranquilla,Oriente,66.85,%,Normal,,80.0,LoRaWAN
9253,2024-04-23 17:13:00,SENSOR_100,CO2,Barranquilla,Sur,767.94,ppm,Normal,92.22,66.0,WiFi
9254,2024-04-22 15:04:00,SENSOR_041,Temperatura,Cartagena,Centro,33.22,°C,Critico,65.14,52.0,WiFi
9255,2024-12-25 20:01:00,SENSOR_030,PM2.5,Bucaramanga,Norte,44.02,µg/m3,Alerta,71.01,58.0,4G
9256,2024-01-31 02:45:00,SENSOR_007,Temperatura,Cali,Oriente,25.75,°C,Normal,42.29,34.0,Ethernet
9257,2024-10-29 08:33:00,SENSOR_091,CO2,Bucaramanga,Centro,1216.79,ppm,Critico,94.19,57.0,Ethernet
9258,2024-12-28 11:50:00,SENSOR_052,Temperatura,Cali,Occidente,21.64,°C,Normal,52.58,53.0,LoRaWAN
9259,2024-07-27 20:57:00,SENSOR_067,Humedad,Bucaramanga,Occidente,44.51,%,Normal,34.51,28.0,4G
9260,2024-07-22 18:54:00,SENSOR_058,Ruido,Cartagena,Occidente,72.46,dB,Alerta,96.01,46.0,Ethernet
9261,2024-02-21 06:14:00,SENSOR_013,Temperatura,Cali,Centro,13.0,°C,Normal,10.04,46.0,LoRaWAN
9262,2024-01-24 07:00:00,SENSOR_081,PM2.5,Cartagena,Oriente,53.46,µg/m3,Alerta,54.33,85.0,LoRaWAN
9263,2024-06-10 14:01:00,SENSOR_081,CO2,Cali,Sur,331.13,ppm,Normal,93.98,49.0,4G
9264,2024-05-22 16:32:00,SENSOR_002,Ruido,Cartagena,Norte,36.59,dB,Normal,76.41,90.0,4G
9265,2024-08-10 19:31:00,SENSOR_004,PM2.5,Medellin,Oriente,115.28,µg/m3,Critico,25.7,99.0,WiFi
9266,2024-10-24 06:18:00,SENSOR_018,Temperatura,Bucaramanga,Norte,27.08,°C,Normal,66.42,99.0,Ethernet
9267,2024-12-20 11:12:00,SENSOR_009,Humedad,Cali,Sur,44.81,%,Normal,85.93,55.0,WiFi
9268,2024-02-27 04:42:00,SENSOR_089,Ruido,Medellin,Norte,68.49,dB,Normal,98.51,39.0,Ethernet
9269,2024-02-07 13:18:00,SENSOR_096,Humedad,Barranquilla,Oriente,87.21,%,Alerta,70.14,64.0,4G
9270,2024-06-06 06:32:00,SENSOR_032,Humedad,Cartagena,Centro,56.03,%,Normal,13.68,35.0,4G
9271,2024-06-16 02:51:00,SENSOR_050,Ruido,Medellin,Centro,71.89,dB,Alerta,35.26,92.0,WiFi
9272,2024-06-09 18:48:00,SENSOR_082,PM2.5,Medellin,Sur,34.61,µg/m3,Normal,93.46,21.0,WiFi
9273,2024-09-04 00:44:00,SENSOR_062,Ruido,Medellin,Sur,77.92,dB,Alerta,17.24,,Ethernet
9274,2024-09-02 07:30:00,SENSOR_009,Ruido,Cali,Norte,89.27,dB,Critico,64.82,87.0,WiFi
9275,2024-11-26 21:29:00,SENSOR_062,PM2.5,Medellin,Sur,52.75,µg/m3,Alerta,83.65,66.0,Ethernet
9276,2024-10-22 10:56:00,SENSOR_005,PM2.5,Bogota,Occidente,82.07,µg/m3,Critico,21.75,72.0,LoRaWAN
9277,2024-02-22 16:32:00,SENSOR_048,PM2.5,Bogota,Sur,33.42,µg/m3,Normal,79.46,98.0,Ethernet
9278,2024-03-17 08:52:00,SENSOR_014,Ruido,Cali,Oriente,62.89,dB,Normal,37.51,42.0,Ethernet
9279,2024-12-06 21:47:00,SENSOR_018,Temperatura,Barranquilla,Norte,17.8,°C,Normal,24.4,59.0,Ethernet
9280,2024-09-02 19:24:00,SENSOR_086,Ruido,Barranquilla,Centro,46.54,dB,Normal,65.61,38.0,4G
9281,2024-04-05 15:52:00,SENSOR_069,PM2.5,Cartagena,Occidente,16.42,µg/m3,Normal,70.55,55.0,Ethernet
9282,2024-03-14 20:38:00,SENSOR_076,CO2,Bucaramanga,Centro,931.07,ppm,Alerta,15.16,25.0,WiFi
9283,2024-01-14 21:18:00,SENSOR_054,Humedad,Cartagena,Oriente,52.28,%,Normal,,59.0,WiFi
9284,2024-01-07 10:17:00,SENSOR_015,Ruido,Barranquilla,Oriente,45.28,dB,Normal,88.19,74.0,Ethernet
9285,2024-09-05 06:09:00,SENSOR_038,PM2.5,Cartagena,Oriente,36.23,µg/m3,Alerta,92.34,65.0,Ethernet
9286,2024-10-16 14:06:00,SENSOR_072,Humedad,Cali,Occidente,87.84,%,Alerta,40.22,60.0,LoRaWAN
9287,2024-12-05 02:56:00,SENSOR_005,PM2.5,Bucaramanga,Sur,85.56,µg/m3,Critico,97.51,79.0,WiFi
9288,2024-10-20 17:36:00,SENSOR_054,CO2,Barranquilla,Norte,1704.79,ppm,Critico,18.83,52.0,4G
9289,2024-02-01 12:56:00,SENSOR_065,Ruido,Barranquilla,Oriente,54.77,dB,Normal,81.77,79.0,Ethernet
9290,2024-05-02 15:59:00,SENSOR_046,PM2.5,Bogota,Occidente,105.57,µg/m3,Critico,22.33,91.0,Ethernet
9291,2024-05-09 00:37:00,SENSOR_076,PM2.5,Bogota,Sur,12.91,µg/m3,Normal,33.76,51.0,Ethernet
9292,2024-07-05 22:33:00,SENSOR_037,CO2,Medellin,Oriente,461.92,ppm,Normal,14.02,21.0,WiFi
9293,2024-02-10 01:27:00,SENSOR_002,Ruido,Bucaramanga,Centro,97.87,dB,Critico,23.74,73.0,Ethernet
9294,2024-11-30 00:37:00,SENSOR_061,Humedad,Bogota,Centro,72.95,%,Normal,29.63,21.0,4G
9295,2024-10-08 01:57:00,SENSOR_084,Humedad,Bucaramanga,Norte,56.68,%,Normal,,68.0,4G
9296,2024-04-02 12:47:00,SENSOR_095,CO2,Cartagena,Oriente,1649.5,ppm,Critico,63.46,27.0,Ethernet
9297,2024-03-07 14:43:00,SENSOR_046,Ruido,Cartagena,Centro,61.93,dB,Normal,87.23,67.0,WiFi
9298,2024-04-27 02:07:00,SENSOR_073,Ruido,Cali,Centro,75.95,dB,Alerta,84.3,37.0,LoRaWAN
9299,2024-01-25 06:49:00,SENSOR_035,Temperatura,Medellin,Sur,22.19,°C,Normal,77.12,60.0,4G
9300,2024-08-26 22:40:00,SENSOR_032,PM2.5,Bucaramanga,Sur,106.15,µg/m3,Critico,22.72,63.0,Ethernet
9301,2024-01-10 08:18:00,SENSOR_066,Ruido,Cartagena,Sur,35.18,dB,Normal,15.45,46.0,4G
9302,2024-11-11 09:48:00,SENSOR_096,PM2.5,Bucaramanga,Centro,12.46,µg/m3,Normal,60.84,38.0,LoRaWAN
9303,2024-03-06 05:19:00,SENSOR_024,PM2.5,Cartagena,Sur,96.75,µg/m3,Critico,6.9,90.0,4G
9304,2024-10-19 16:47:00,SENSOR_025,Temperatura,Bucaramanga,Oriente,18.45,°C,Normal,39.91,29.0,Ethernet
9305,2024-01-23 14:44:00,SENSOR_074,Ruido,Bogota,Centro,87.53,dB,Critico,31.35,87.0,4G
9306,2024-05-20 05:35:00,SENSOR_021,Ruido,Barranquilla,Occidente,41.13,dB,Normal,75.2,81.0,WiFi
9307,2024-12-18 23:38:00,SENSOR_044,Ruido,Cartagena,Sur,72.6,dB,Alerta,81.46,24.0,WiFi
9308,2024-01-09 23:18:00,SENSOR_098,Humedad,Barranquilla,Sur,33.92,%,Alerta,11.9,77.0,Ethernet
9309,2024-05-14 08:21:00,SENSOR_072,Temperatura,Barranquilla,Norte,22.12,°C,Normal,82.76,48.0,Ethernet
9310,2024-11-18 10:25:00,SENSOR_056,Ruido,Bogota,Centro,62.17,dB,Normal,73.93,80.0,WiFi
9311,2024-09-17 03:09:00,SENSOR_061,Ruido,Bogota,Occidente,86.35,dB,Critico,46.95,85.0,4G
9312,2024-12-19 12:09:00,SENSOR_044,CO2,Cartagena,Oriente,1186.17,ppm,Alerta,89.36,40.0,4G
9313,2024-12-26 05:51:00,SENSOR_077,Ruido,Medellin,Sur,94.12,dB,Critico,55.42,85.0,LoRaWAN
9314,2024-03-04 21:31:00,SENSOR_025,Ruido,Bucaramanga,Norte,45.49,dB,Normal,63.7,45.0,WiFi
9315,2024-03-11 10:47:00,SENSOR_063,CO2,Bucaramanga,Norte,820.14,ppm,Alerta,41.15,52.0,Ethernet
9316,2024-07-12 11:40:00,SENSOR_033,Humedad,Bogota,Norte,87.51,%,Alerta,41.56,83.0,Ethernet
9317,2024-02-19 15:50:00,SENSOR_008,Humedad,Medellin,Sur,88.41,%,Alerta,6.01,95.0,Ethernet
9318,2024-01-01 12:15:00,SENSOR_015,Humedad,Bogota,Norte,87.8,%,Alerta,57.07,45.0,Ethernet
9319,2024-02-18 04:53:00,SENSOR_001,Temperatura,Bogota,Occidente,27.4,°C,Normal,43.8,,WiFi
9320,2024-09-03 13:36:00,SENSOR_089,PM2.5,Barranquilla,Occidente,64.45,µg/m3,Alerta,47.78,82.0,LoRaWAN
9321,2024-08-30 21:06:00,SENSOR_015,PM2.5,Medellin,Sur,96.61,µg/m3,Critico,18.07,48.0,4G
9322,2024-05-31 07:50:00,SENSOR_059,PM2.5,Bucaramanga,Oriente,106.33,µg/m3,Critico,56.04,42.0,WiFi
9323,2024-07-23 13:34:00,SENSOR_050,Temperatura,Bogota,Centro,29.65,°C,Alerta,,88.0,4G
9324,2024-09-11 12:50:00,SENSOR_091,Ruido,Bucaramanga,Norte,64.98,dB,Normal,32.23,84.0,Ethernet
9325,2024-01-02 23:55:00,SENSOR_032,CO2,Barranquilla,Norte,1708.52,ppm,Critico,25.68,99.0,LoRaWAN
9326,2024-05-01 12:12:00,SENSOR_030,PM2.5,Medellin,Oriente,57.05,µg/m3,Alerta,47.46,20.0,4G
9327,2024-06-10 20:18:00,SENSOR_044,Ruido,Bucaramanga,Centro,44.61,dB,Normal,40.84,70.0,LoRaWAN
9328,2024-10-04 14:26:00,SENSOR_024,CO2,Medellin,Centro,1564.33,ppm,Critico,38.67,24.0,4G
9329,2024-12-24 15:42:00,SENSOR_047,Temperatura,Medellin,Norte,25.75,°C,Normal,96.89,32.0,WiFi
9330,2024-04-15 23:17:00,SENSOR_050,Humedad,Barranquilla,Sur,37.11,%,Alerta,39.99,38.0,LoRaWAN
9331,2024-04-14 13:12:00,SENSOR_024,PM2.5,Medellin,Occidente,89.87,µg/m3,Critico,86.45,54.0,WiFi
9332,2024-01-04 08:05:00,SENSOR_018,Temperatura,Cali,Norte,30.55,°C,Alerta,46.29,88.0,WiFi
9333,2024-10-22 14:39:00,SENSOR_094,Humedad,Cartagena,Sur,53.25,%,Normal,47.27,95.0,Ethernet
9334,2024-06-20 16:46:00,SENSOR_069,CO2,Cartagena,Centro,1799.46,ppm,Critico,63.48,72.0,LoRaWAN
9335,2024-10-14 19:57:00,SENSOR_070,Temperatura,Bucaramanga,Sur,10.48,°C,Normal,68.86,41.0,4G
9336,2024-04-30 07:09:00,SENSOR_029,Ruido,Cartagena,Occidente,62.46,dB,Normal,27.23,86.0,WiFi
9337,2024-10-13 11:35:00,SENSOR_067,Humedad,Medellin,Centro,53.64,%,Normal,87.34,92.0,WiFi
9338,2024-09-20 18:06:00,SENSOR_074,Temperatura,Barranquilla,Norte,32.22,°C,Critico,23.4,27.0,LoRaWAN
9339,2024-01-18 16:17:00,SENSOR_061,Temperatura,Cartagena,Centro,24.63,°C,Normal,11.55,38.0,WiFi
9340,2024-11-02 15:29:00,SENSOR_079,Temperatura,Medellin,Occidente,34.14,°C,Critico,20.51,60.0,4G
9341,2024-06-15 02:43:00,SENSOR_061,PM2.5,Cartagena,Centro,69.4,µg/m3,Alerta,48.74,81.0,4G
9342,2024-02-28 15:20:00,SENSOR_081,PM2.5,Bucaramanga,Occidente,109.0,µg/m3,Critico,92.55,48.0,4G
9343,2024-01-08 03:32:00,SENSOR_086,Temperatura,Barranquilla,Occidente,31.47,°C,Alerta,49.75,35.0,4G
9344,2024-06-18 17:36:00,SENSOR_046,Ruido,Bucaramanga,Sur,87.32,dB,Critico,94.79,26.0,LoRaWAN
9345,2024-06-27 21:42:00,SENSOR_074,Temperatura,Bogota,Sur,18.36,°C,Normal,,93.0,4G
9346,2024-06-02 12:09:00,SENSOR_007,PM2.5,Cali,Occidente,41.32,µg/m3,Alerta,64.65,41.0,Ethernet
9347,2024-04-21 18:55:00,SENSOR_094,CO2,Bogota,Norte,369.69,ppm,Normal,37.32,24.0,WiFi
9348,2024-09-06 04:48:00,SENSOR_051,CO2,Bogota,Oriente,478.25,ppm,Normal,56.7,24.0,4G
9349,2024-04-04 12:32:00,SENSOR_065,CO2,Medellin,Centro,1667.0,ppm,Critico,97.74,84.0,LoRaWAN
9350,2024-11-05 20:29:00,SENSOR_070,CO2,Cali,Norte,874.85,ppm,Alerta,75.24,,LoRaWAN
9351,2024-10-15 22:59:00,SENSOR_045,Humedad,Bucaramanga,Sur,50.13,%,Normal,40.11,61.0,LoRaWAN
9352,2024-03-03 20:04:00,SENSOR_091,Humedad,Cartagena,Centro,80.89,%,Alerta,34.11,38.0,Ethernet
9353,2024-03-23 07:41:00,SENSOR_071,PM2.5,Medellin,Norte,68.46,µg/m3,Alerta,24.11,92.0,LoRaWAN
9354,2024-03-22 10:29:00,SENSOR_008,Ruido,Bogota,Oriente,53.08,dB,Normal,86.6,80.0,4G
9355,2024-12-29 20:10:00,SENSOR_023,PM2.5,Barranquilla,Centro,102.68,µg/m3,Critico,28.58,21.0,LoRaWAN
9356,2024-06-11 22:24:00,SENSOR_049,Ruido,Cali,Oriente,37.5,dB,Normal,34.1,,Ethernet
9357,2024-10-01 07:42:00,SENSOR_055,Humedad,Medellin,Norte,57.0,%,Normal,70.06,62.0,WiFi
9358,2024-07-10 03:41:00,SENSOR_025,Temperatura,Bogota,Occidente,22.42,°C,Normal,90.67,90.0,Ethernet
9359,2024-01-03 19:35:00,SENSOR_001,PM2.5,Cartagena,Norte,54.07,µg/m3,Alerta,78.14,33.0,WiFi
9360,2024-10-30 20:12:00,SENSOR_092,CO2,Cali,Occidente,424.01,ppm,Normal,82.14,86.0,WiFi
9361,2024-04-07 17:46:00,SENSOR_077,CO2,Barranquilla,Centro,447.3,ppm,Normal,94.11,,Ethernet
9362,2024-08-14 15:36:00,SENSOR_066,Humedad,Medellin,Occidente,40.06,%,Normal,16.44,56.0,WiFi
9363,2024-12-26 14:58:00,SENSOR_028,CO2,Barranquilla,Centro,1363.58,ppm,Critico,50.54,44.0,LoRaWAN
9364,2024-05-27 06:45:00,SENSOR_042,Temperatura,Bucaramanga,Oriente,11.37,°C,Normal,40.36,51.0,LoRaWAN
9365,2024-05-18 11:49:00,SENSOR_100,CO2,Medellin,Occidente,1174.12,ppm,Alerta,35.51,82.0,WiFi
9366,2024-11-30 09:09:00,SENSOR_037,CO2,Cali,Centro,1230.4,ppm,Critico,36.38,49.0,WiFi
9367,2024-12-03 16:37:00,SENSOR_076,CO2,Cartagena,Occidente,743.19,ppm,Normal,14.57,69.0,Ethernet
9368,2024-09-04 23:54:00,SENSOR_010,Ruido,Bucaramanga,Centro,40.72,dB,Normal,71.24,69.0,4G
9369,2024-10-11 13:43:00,SENSOR_003,CO2,Medellin,Centro,397.38,ppm,Normal,,87.0,WiFi
9370,2024-05-01 17:12:00,SENSOR_081,CO2,Bucaramanga,Oriente,1189.68,ppm,Alerta,89.09,,4G
9371,2024-04-16 01:00:00,SENSOR_003,Temperatura,Cartagena,Occidente,30.23,°C,Alerta,59.71,53.0,Ethernet
9372,2024-01-28 00:09:00,SENSOR_088,Humedad,Cartagena,Norte,52.9,%,Normal,56.37,40.0,4G
9373,2024-10-04 22:29:00,SENSOR_033,CO2,Cali,Centro,1129.72,ppm,Alerta,75.17,71.0,Ethernet
9374,2024-09-01 07:37:00,SENSOR_088,CO2,Bogota,Occidente,759.66,ppm,Normal,85.99,68.0,LoRaWAN
9375,2024-05-18 01:08:00,SENSOR_071,Humedad,Bogota,Occidente,58.51,%,Normal,39.26,57.0,WiFi
9376,2024-01-07 05:55:00,SENSOR_098,PM2.5,Medellin,Centro,114.78,µg/m3,Critico,74.5,96.0,LoRaWAN
9377,2024-11-05 20:37:00,SENSOR_018,PM2.5,Cali,Occidente,35.5,µg/m3,Alerta,37.0,45.0,WiFi
9378,2024-02-03 08:12:00,SENSOR_048,PM2.5,Cali,Occidente,62.59,µg/m3,Alerta,28.42,52.0,LoRaWAN
9379,2024-09-28 07:20:00,SENSOR_100,Temperatura,Cartagena,Centro,21.9,°C,Normal,91.61,92.0,WiFi
9380,2024-10-25 00:46:00,SENSOR_075,PM2.5,Bucaramanga,Centro,13.42,µg/m3,Normal,33.25,26.0,Ethernet
9381,2024-08-14 07:00:00,SENSOR_004,Humedad,Cali,Norte,86.78,%,Alerta,12.19,22.0,WiFi
9382,2024-01-12 23:49:00,SENSOR_095,CO2,Medellin,Oriente,1350.03,ppm,Critico,77.9,87.0,4G
9383,2024-11-23 17:55:00,SENSOR_042,Ruido,Medellin,Norte,49.58,dB,Normal,73.1,79.0,LoRaWAN
9384,2024-03-27 09:24:00,SENSOR_078,PM2.5,Barranquilla,Occidente,32.36,µg/m3,Normal,52.98,32.0,Ethernet
9385,2024-05-31 00:31:00,SENSOR_041,Ruido,Cartagena,Oriente,59.3,dB,Normal,12.08,97.0,WiFi
9386,2024-02-18 20:28:00,SENSOR_005,PM2.5,Medellin,Norte,103.96,µg/m3,Critico,95.74,81.0,LoRaWAN
9387,2024-06-04 16:37:00,SENSOR_062,Ruido,Barranquilla,Oriente,42.38,dB,Normal,86.81,55.0,Ethernet
9388,2024-03-07 07:00:00,SENSOR_058,Ruido,Medellin,Sur,62.4,dB,Normal,97.9,90.0,4G
9389,2024-04-15 19:25:00,SENSOR_028,Ruido,Cali,Centro,38.29,dB,Normal,38.96,76.0,4G
9390,2024-08-09 21:45:00,SENSOR_064,PM2.5,Cali,Occidente,15.34,µg/m3,Normal,96.9,45.0,Ethernet
9391,2024-02-27 14:40:00,SENSOR_066,CO2,Medellin,Norte,331.24,ppm,Normal,44.36,35.0,Ethernet
9392,2024-07-09 04:24:00,SENSOR_077,Ruido,Bucaramanga,Centro,90.79,dB,Critico,86.8,75.0,WiFi
9393,2024-04-22 02:15:00,SENSOR_033,Humedad,Barranquilla,Norte,42.85,%,Normal,18.23,32.0,Ethernet
9394,2024-03-04 14:18:00,SENSOR_040,Temperatura,Cartagena,Centro,32.32,°C,Critico,34.94,71.0,4G
9395,2024-01-10 23:16:00,SENSOR_079,Temperatura,Bucaramanga,Sur,,°C,Sin_Dato,8.33,57.0,LoRaWAN
9396,2024-03-10 20:16:00,SENSOR_058,Ruido,Barranquilla,Occidente,68.77,dB,Normal,60.82,55.0,WiFi
9397,2024-11-04 09:38:00,SENSOR_011,Temperatura,Medellin,Norte,13.79,°C,Normal,86.04,22.0,4G
9398,2024-12-13 21:00:00,SENSOR_057,Humedad,Medellin,Centro,31.58,%,Alerta,71.01,73.0,4G
9399,2024-03-19 19:33:00,SENSOR_017,CO2,Medellin,Sur,1733.34,ppm,Critico,90.87,73.0,4G
9400,2024-03-13 07:06:00,SENSOR_057,Ruido,Barranquilla,Norte,35.94,dB,Normal,65.88,35.0,LoRaWAN
9401,2024-12-26 13:54:00,SENSOR_027,Humedad,Cartagena,Oriente,75.89,%,Normal,13.95,71.0,Ethernet
9402,2024-04-16 06:03:00,SENSOR_042,Humedad,Medellin,Occidente,66.0,%,Normal,77.31,56.0,LoRaWAN
9403,2024-02-11 10:48:00,SENSOR_091,CO2,Medellin,Oriente,381.38,ppm,Normal,50.43,58.0,Ethernet
9404,2024-09-12 21:02:00,SENSOR_091,PM2.5,Cartagena,Sur,30.48,µg/m3,Normal,62.28,49.0,4G
9405,2024-01-13 22:56:00,SENSOR_041,Temperatura,Medellin,Oriente,,°C,Sin_Dato,56.46,59.0,4G
9406,2024-10-28 07:26:00,SENSOR_080,PM2.5,Barranquilla,Sur,65.92,µg/m3,Alerta,90.51,92.0,WiFi
9407,2024-02-26 06:46:00,SENSOR_002,PM2.5,Bucaramanga,Occidente,18.05,µg/m3,Normal,96.79,26.0,Ethernet
9408,2024-06-17 09:28:00,SENSOR_090,Ruido,Bogota,Centro,68.25,dB,Normal,48.32,88.0,4G
9409,2024-01-14 15:22:00,SENSOR_094,CO2,Bucaramanga,Sur,1344.53,ppm,Critico,78.98,43.0,4G
9410,2024-03-28 03:39:00,SENSOR_031,Temperatura,Cartagena,Oriente,25.89,°C,Normal,92.21,61.0,Ethernet
9411,2024-01-27 06:44:00,SENSOR_092,PM2.5,Cartagena,Oriente,82.94,µg/m3,Critico,35.93,57.0,WiFi
9412,2024-04-27 17:43:00,SENSOR_093,CO2,Barranquilla,Oriente,1357.89,ppm,Critico,7.37,31.0,LoRaWAN
9413,2024-12-03 21:16:00,SENSOR_083,Humedad,Bogota,Norte,67.74,%,Normal,,52.0,LoRaWAN
9414,2024-11-10 23:09:00,SENSOR_100,PM2.5,Bucaramanga,Occidente,45.65,µg/m3,Alerta,6.09,22.0,4G
9415,2024-12-03 01:57:00,SENSOR_091,Ruido,Medellin,Oriente,49.12,dB,Normal,37.61,88.0,LoRaWAN
9416,2024-06-26 20:28:00,SENSOR_024,Ruido,Barranquilla,Centro,72.54,dB,Alerta,8.86,21.0,LoRaWAN
9417,2024-12-16 09:27:00,SENSOR_060,CO2,Medellin,Oriente,798.99,ppm,Normal,21.63,38.0,WiFi
9418,2024-01-03 20:05:00,SENSOR_075,PM2.5,Bogota,Sur,108.76,µg/m3,Critico,78.54,61.0,Ethernet
9419,2024-07-11 03:34:00,SENSOR_094,Humedad,Barranquilla,Occidente,32.72,%,Alerta,56.83,32.0,Ethernet
9420,2024-11-06 13:48:00,SENSOR_035,CO2,Cali,Oriente,871.55,ppm,Alerta,20.34,61.0,LoRaWAN
9421,2024-07-22 22:52:00,SENSOR_066,PM2.5,Bucaramanga,Norte,25.31,µg/m3,Normal,45.75,77.0,LoRaWAN
9422,2024-10-23 17:02:00,SENSOR_059,CO2,Cartagena,Occidente,1043.92,ppm,Alerta,7.26,54.0,Ethernet
9423,2024-05-16 06:05:00,SENSOR_015,Ruido,Bucaramanga,Sur,,dB,Sin_Dato,24.82,49.0,4G
9424,2024-12-11 09:33:00,SENSOR_022,Temperatura,Medellin,Norte,18.36,°C,Normal,71.91,56.0,4G
9425,2024-12-26 21:54:00,SENSOR_052,Ruido,Barranquilla,Oriente,72.44,dB,Alerta,93.77,81.0,WiFi
9426,2024-12-15 12:02:00,SENSOR_007,Humedad,Cartagena,Oriente,59.32,%,Normal,51.46,92.0,4G
9427,2024-10-12 09:45:00,SENSOR_052,Humedad,Bucaramanga,Centro,32.68,%,Alerta,9.18,73.0,LoRaWAN
9428,2024-02-25 16:37:00,SENSOR_099,Humedad,Cartagena,Oriente,64.68,%,Normal,71.26,87.0,Ethernet
9429,2024-02-22 01:25:00,SENSOR_045,Temperatura,Cartagena,Norte,30.36,°C,Alerta,23.52,35.0,WiFi
9430,2024-03-21 08:30:00,SENSOR_083,Ruido,Barranquilla,Centro,69.96,dB,Normal,,59.0,Ethernet
9431,2024-01-08 17:56:00,SENSOR_096,Humedad,Medellin,Occidente,42.61,%,Normal,47.93,77.0,WiFi
9432,2024-06-30 23:55:00,SENSOR_033,Temperatura,Barranquilla,Oriente,10.22,°C,Normal,80.36,68.0,WiFi
9433,2024-05-12 20:10:00,SENSOR_005,PM2.5,Medellin,Sur,26.03,µg/m3,Normal,25.08,69.0,4G
9434,2024-03-30 20:08:00,SENSOR_082,Temperatura,Barranquilla,Centro,14.56,°C,Normal,80.69,89.0,WiFi
9435,2024-12-30 17:26:00,SENSOR_083,Temperatura,Bucaramanga,Occidente,20.55,°C,Normal,26.67,68.0,LoRaWAN
9436,2024-02-04 06:11:00,SENSOR_089,Temperatura,Medellin,Norte,18.51,°C,Normal,63.23,40.0,Ethernet
9437,2024-05-06 23:22:00,SENSOR_093,Humedad,Medellin,Centro,81.22,%,Alerta,65.69,37.0,LoRaWAN
9438,2024-11-16 06:55:00,SENSOR_065,CO2,Cali,Occidente,1752.21,ppm,Critico,89.04,31.0,Ethernet
9439,2024-10-14 06:32:00,SENSOR_006,Humedad,Bucaramanga,Oriente,53.1,%,Normal,77.75,46.0,4G
9440,2024-03-07 05:07:00,SENSOR_036,Temperatura,Bucaramanga,Centro,24.39,°C,Normal,59.35,47.0,LoRaWAN
9441,2024-05-02 03:54:00,SENSOR_085,CO2,Medellin,Centro,944.4,ppm,Alerta,,45.0,4G
9442,2024-06-27 00:38:00,SENSOR_096,Humedad,Barranquilla,Centro,49.6,%,Normal,77.79,56.0,Ethernet
9443,2024-04-13 05:27:00,SENSOR_048,CO2,Cartagena,Oriente,480.92,ppm,Normal,51.7,47.0,LoRaWAN
9444,2024-10-16 23:24:00,SENSOR_020,CO2,Cartagena,Norte,843.99,ppm,Alerta,58.21,47.0,WiFi
9445,2024-03-28 18:21:00,SENSOR_037,Temperatura,Barranquilla,Sur,34.45,°C,Critico,89.97,78.0,LoRaWAN
9446,2024-11-09 21:02:00,SENSOR_066,PM2.5,Cali,Oriente,51.54,µg/m3,Alerta,17.44,29.0,LoRaWAN
9447,2024-09-20 14:56:00,SENSOR_077,PM2.5,Medellin,Centro,112.7,µg/m3,Critico,86.1,85.0,4G
9448,2024-07-06 04:49:00,SENSOR_020,Temperatura,Bogota,Centro,10.85,°C,Normal,54.65,94.0,LoRaWAN
9449,2024-10-10 00:07:00,SENSOR_026,CO2,Medellin,Oriente,1247.6,ppm,Critico,94.09,92.0,4G
9450,2024-07-29 15:25:00,SENSOR_027,PM2.5,Bogota,Sur,55.08,µg/m3,Alerta,65.86,70.0,4G
9451,2024-09-29 10:52:00,SENSOR_009,Temperatura,Bogota,Sur,21.69,°C,Normal,14.04,20.0,4G
9452,2024-04-29 17:02:00,SENSOR_015,PM2.5,Bogota,Centro,18.83,µg/m3,Normal,15.92,20.0,WiFi
9453,2024-03-23 21:21:00,SENSOR_095,CO2,Cartagena,Oriente,1366.11,ppm,Critico,82.64,45.0,LoRaWAN
9454,2024-07-20 00:41:00,SENSOR_061,Ruido,Cartagena,Occidente,99.01,dB,Critico,46.84,43.0,Ethernet
9455,2024-02-17 09:07:00,SENSOR_091,Ruido,Bogota,Oriente,67.73,dB,Normal,44.32,71.0,WiFi
9456,2024-10-10 06:15:00,SENSOR_068,Ruido,Cartagena,Sur,46.93,dB,Normal,43.83,80.0,Ethernet
9457,2024-07-08 06:16:00,SENSOR_041,Temperatura,Cali,Norte,31.55,°C,Alerta,21.87,60.0,Ethernet
9458,2024-07-20 03:53:00,SENSOR_052,Ruido,Bucaramanga,Occidente,41.66,dB,Normal,56.51,38.0,LoRaWAN
9459,2024-03-11 13:38:00,SENSOR_004,Humedad,Cartagena,Centro,45.11,%,Normal,73.5,24.0,WiFi
9460,2024-09-02 16:59:00,SENSOR_091,PM2.5,Bucaramanga,Occidente,97.27,µg/m3,Critico,57.87,39.0,Ethernet
9461,2024-08-08 09:26:00,SENSOR_085,CO2,Bogota,Occidente,,ppm,Sin_Dato,10.56,69.0,LoRaWAN
9462,2024-01-14 05:50:00,SENSOR_072,Humedad,Cartagena,Occidente,58.14,%,Normal,92.84,71.0,Ethernet
9463,2024-04-20 03:54:00,SENSOR_052,Humedad,Cartagena,Centro,62.12,%,Normal,61.07,32.0,Ethernet
9464,2024-07-07 09:51:00,SENSOR_043,PM2.5,Cali,Norte,33.76,µg/m3,Normal,97.01,47.0,Ethernet
9465,2024-07-20 22:32:00,SENSOR_009,Humedad,Cali,Oriente,41.41,%,Normal,48.79,87.0,Ethernet
9466,2024-10-01 06:34:00,SENSOR_025,CO2,Medellin,Occidente,520.58,ppm,Normal,31.29,98.0,4G
9467,2024-04-23 14:17:00,SENSOR_060,Humedad,Cartagena,Oriente,30.12,%,Alerta,32.28,59.0,4G
9468,2024-07-05 09:16:00,SENSOR_080,PM2.5,Cali,Sur,86.49,µg/m3,Critico,33.63,73.0,4G
9469,2024-06-11 07:19:00,SENSOR_075,Humedad,Bucaramanga,Centro,34.12,%,Alerta,28.69,30.0,Ethernet
9470,2024-10-25 17:28:00,SENSOR_045,Temperatura,Cartagena,Occidente,21.41,°C,Normal,94.52,86.0,LoRaWAN
9471,2024-08-17 10:14:00,SENSOR_046,Ruido,Cali,Centro,91.19,dB,Critico,55.89,28.0,4G
9472,2024-10-15 02:38:00,SENSOR_032,Temperatura,Barranquilla,Sur,19.98,°C,Normal,70.98,69.0,Ethernet
9473,2024-02-21 05:25:00,SENSOR_014,Ruido,Barranquilla,Oriente,67.79,dB,Normal,56.33,31.0,WiFi
9474,2024-11-16 14:59:00,SENSOR_082,Temperatura,Cali,Centro,25.99,°C,Normal,23.7,72.0,WiFi
9475,2024-10-22 23:13:00,SENSOR_023,Ruido,Medellin,Oriente,88.04,dB,Critico,,,WiFi
9476,2024-02-29 11:57:00,SENSOR_050,Ruido,Barranquilla,Norte,,dB,Sin_Dato,39.73,100.0,4G
9477,2024-05-23 17:59:00,SENSOR_047,Temperatura,Bogota,Occidente,14.26,°C,Normal,86.44,41.0,LoRaWAN
9478,2024-03-15 05:02:00,SENSOR_008,Humedad,Bogota,Norte,89.0,%,Alerta,92.16,100.0,4G
9479,2024-04-04 02:16:00,SENSOR_061,Ruido,Cartagena,Centro,64.45,dB,Normal,36.31,87.0,4G
9480,2024-05-09 08:12:00,SENSOR_027,Temperatura,Medellin,Oriente,33.61,°C,Critico,,89.0,WiFi
9481,2024-12-20 21:18:00,SENSOR_014,Temperatura,Barranquilla,Centro,18.86,°C,Normal,63.35,61.0,Ethernet
9482,2024-02-12 13:06:00,SENSOR_092,Humedad,Medellin,Oriente,71.86,%,Normal,5.77,98.0,LoRaWAN
9483,2024-07-26 07:43:00,SENSOR_054,CO2,Bogota,Oriente,1174.3,ppm,Alerta,27.86,77.0,LoRaWAN
9484,2024-08-31 14:47:00,SENSOR_021,CO2,Bogota,Sur,1278.38,ppm,Critico,98.31,69.0,Ethernet
9485,2024-02-18 05:21:00,SENSOR_074,PM2.5,Cartagena,Sur,29.32,µg/m3,Normal,13.86,47.0,4G
9486,2024-10-21 06:27:00,SENSOR_099,Humedad,Cartagena,Occidente,70.42,%,Normal,70.34,21.0,LoRaWAN
9487,2024-07-12 02:12:00,SENSOR_089,CO2,Bucaramanga,Centro,1240.0,ppm,Critico,74.06,83.0,WiFi
9488,2024-04-25 22:37:00,SENSOR_042,Temperatura,Medellin,Occidente,13.99,°C,Normal,48.43,86.0,LoRaWAN
9489,2024-12-12 15:14:00,SENSOR_097,Temperatura,Cali,Oriente,14.38,°C,Normal,37.14,45.0,Ethernet
9490,2024-02-11 08:19:00,SENSOR_078,Temperatura,Medellin,Oriente,11.03,°C,Normal,95.31,24.0,WiFi
9491,2024-05-08 16:55:00,SENSOR_068,Ruido,Barranquilla,Centro,64.7,dB,Normal,13.05,80.0,Ethernet
9492,2024-07-18 09:48:00,SENSOR_020,Humedad,Cali,Centro,57.71,%,Normal,59.0,34.0,4G
9493,2024-03-26 15:56:00,SENSOR_023,Ruido,Medellin,Sur,53.67,dB,Normal,63.16,74.0,Ethernet
9494,2024-03-07 15:56:00,SENSOR_054,CO2,Bogota,Norte,922.43,ppm,Alerta,73.79,36.0,4G
9495,2024-09-02 18:31:00,SENSOR_089,Temperatura,Bogota,Sur,14.19,°C,Normal,48.82,68.0,LoRaWAN
9496,2024-11-18 06:54:00,SENSOR_013,PM2.5,Bogota,Occidente,66.89,µg/m3,Alerta,61.32,46.0,4G
9497,2024-09-11 09:42:00,SENSOR_082,Ruido,Bogota,Oriente,60.82,dB,Normal,78.86,64.0,WiFi
9498,2024-05-26 17:31:00,SENSOR_092,Ruido,Cali,Oriente,93.78,dB,Critico,96.57,79.0,Ethernet
9499,2024-06-10 00:08:00,SENSOR_007,CO2,Bucaramanga,Centro,489.19,ppm,Normal,41.96,58.0,LoRaWAN
9500,2024-05-26 19:47:00,SENSOR_050,Temperatura,Barranquilla,Centro,14.85,°C,Normal,14.74,64.0,WiFi
9501,2024-10-06 02:59:00,SENSOR_031,CO2,Cali,Centro,479.36,ppm,Normal,32.42,93.0,Ethernet
9502,2024-07-18 05:41:00,SENSOR_021,Humedad,Cartagena,Occidente,51.64,%,Normal,45.69,20.0,Ethernet
9503,2024-07-08 16:14:00,SENSOR_012,Temperatura,Barranquilla,Sur,14.43,°C,Normal,89.4,57.0,4G
9504,2024-11-17 14:20:00,SENSOR_042,Humedad,Barranquilla,Occidente,93.14,%,Critico,6.82,56.0,4G
9505,2024-01-24 22:31:00,SENSOR_064,Temperatura,Barranquilla,Centro,33.2,°C,Critico,92.43,48.0,WiFi
9506,2024-06-16 21:30:00,SENSOR_077,PM2.5,Bogota,Sur,51.63,µg/m3,Alerta,27.79,56.0,LoRaWAN
9507,2024-12-22 20:27:00,SENSOR_085,CO2,Bogota,Sur,1292.36,ppm,Critico,28.16,75.0,Ethernet
9508,2024-09-07 03:55:00,SENSOR_003,CO2,Bogota,Sur,1634.52,ppm,Critico,88.58,78.0,4G
9509,2024-07-14 18:51:00,SENSOR_095,CO2,Medellin,Norte,1374.45,ppm,Critico,56.43,96.0,4G
9510,2024-09-17 23:21:00,SENSOR_002,Temperatura,Barranquilla,Centro,17.55,°C,Normal,70.43,54.0,LoRaWAN
9511,2024-12-27 00:11:00,SENSOR_066,Ruido,Barranquilla,Occidente,89.55,dB,Critico,50.5,55.0,WiFi
9512,2024-10-31 03:12:00,SENSOR_092,PM2.5,Medellin,Oriente,24.14,µg/m3,Normal,89.88,98.0,4G
9513,2024-02-17 10:21:00,SENSOR_087,Temperatura,Cali,Centro,25.75,°C,Normal,70.75,47.0,WiFi
9514,2024-04-28 06:23:00,SENSOR_004,Ruido,Cali,Norte,69.39,dB,Normal,48.3,70.0,LoRaWAN
9515,2024-10-25 09:37:00,SENSOR_078,CO2,Bucaramanga,Norte,578.49,ppm,Normal,90.8,20.0,LoRaWAN
9516,2024-02-25 21:17:00,SENSOR_055,Humedad,Medellin,Sur,60.0,%,Normal,40.22,90.0,WiFi
9517,2024-01-18 16:18:00,SENSOR_099,Ruido,Cali,Oriente,93.34,dB,Critico,74.69,80.0,WiFi
9518,2024-04-16 06:18:00,SENSOR_030,PM2.5,Bogota,Sur,47.36,µg/m3,Alerta,50.16,69.0,LoRaWAN
9519,2024-12-10 15:04:00,SENSOR_092,Humedad,Bogota,Norte,40.23,%,Normal,22.72,49.0,WiFi
9520,2024-05-07 01:54:00,SENSOR_032,CO2,Cali,Occidente,1440.22,ppm,Critico,67.92,79.0,Ethernet
9521,2024-09-03 17:24:00,SENSOR_003,PM2.5,Bucaramanga,Sur,63.34,µg/m3,Alerta,61.46,50.0,LoRaWAN
9522,2024-04-11 07:35:00,SENSOR_091,Temperatura,Cali,Sur,28.65,°C,Alerta,89.14,49.0,LoRaWAN
9523,2024-01-29 02:34:00,SENSOR_043,Ruido,Medellin,Sur,55.99,dB,Normal,91.67,76.0,LoRaWAN
9524,2024-01-15 12:38:00,SENSOR_046,Temperatura,Cali,Norte,33.15,°C,Critico,72.41,94.0,Ethernet
9525,2024-12-28 21:42:00,SENSOR_041,Temperatura,Bucaramanga,Oriente,11.86,°C,Normal,,84.0,LoRaWAN
9526,2024-04-19 07:58:00,SENSOR_070,CO2,Bogota,Occidente,773.94,ppm,Normal,96.03,28.0,Ethernet
9527,2024-02-22 02:00:00,SENSOR_036,Ruido,Barranquilla,Norte,96.05,dB,Critico,95.18,95.0,LoRaWAN
9528,2024-04-16 23:24:00,SENSOR_041,Humedad,Cartagena,Oriente,62.11,%,Normal,42.74,31.0,LoRaWAN
9529,2024-06-18 10:19:00,SENSOR_013,PM2.5,Cali,Oriente,87.34,µg/m3,Critico,18.02,70.0,LoRaWAN
9530,2024-07-02 22:40:00,SENSOR_078,Humedad,Bogota,Centro,69.84,%,Normal,64.28,53.0,Ethernet
9531,2024-11-21 06:27:00,SENSOR_079,Ruido,Cali,Occidente,98.45,dB,Critico,51.74,89.0,WiFi
9532,2024-08-05 08:28:00,SENSOR_056,Temperatura,Barranquilla,Occidente,16.2,°C,Normal,37.77,92.0,LoRaWAN
9533,2024-05-30 22:22:00,SENSOR_093,Temperatura,Medellin,Norte,31.68,°C,Alerta,74.55,36.0,WiFi
9534,2024-04-07 12:55:00,SENSOR_048,Humedad,Bucaramanga,Centro,53.03,%,Normal,,78.0,LoRaWAN
9535,2024-10-25 04:57:00,SENSOR_027,PM2.5,Cartagena,Oriente,26.66,µg/m3,Normal,64.56,93.0,4G
9536,2024-07-03 10:15:00,SENSOR_097,PM2.5,Cartagena,Centro,66.11,µg/m3,Alerta,61.82,92.0,WiFi
9537,2024-05-06 02:06:00,SENSOR_022,Ruido,Medellin,Sur,38.69,dB,Normal,68.14,82.0,WiFi
9538,2024-10-13 00:25:00,SENSOR_027,Ruido,Cartagena,Centro,63.98,dB,Normal,92.13,93.0,4G
9539,2024-06-12 19:25:00,SENSOR_023,Humedad,Cali,Occidente,79.0,%,Normal,100.0,85.0,4G
9540,2024-06-27 11:40:00,SENSOR_088,CO2,Medellin,Centro,1748.57,ppm,Critico,99.95,58.0,LoRaWAN
9541,2024-12-20 04:18:00,SENSOR_037,Ruido,Cali,Occidente,77.39,dB,Alerta,96.64,41.0,4G
9542,2024-10-10 22:48:00,SENSOR_090,Humedad,Bucaramanga,Centro,78.34,%,Normal,57.67,59.0,LoRaWAN
9543,2024-07-18 15:54:00,SENSOR_023,Humedad,Medellin,Sur,90.29,%,Critico,55.61,81.0,WiFi
9544,2024-01-03 18:52:00,SENSOR_025,Temperatura,Bucaramanga,Occidente,27.96,°C,Normal,36.23,41.0,LoRaWAN
9545,2024-03-02 06:07:00,SENSOR_053,CO2,Cartagena,Sur,1286.88,ppm,Critico,94.15,91.0,4G
9546,2024-09-10 06:10:00,SENSOR_064,Ruido,Barranquilla,Centro,50.83,dB,Normal,25.59,65.0,4G
9547,2024-02-14 09:14:00,SENSOR_088,CO2,Cartagena,Centro,1464.2,ppm,Critico,37.82,97.0,4G
9548,2024-04-12 05:53:00,SENSOR_087,Humedad,Bogota,Occidente,78.37,%,Normal,46.76,39.0,4G
9549,2024-06-22 05:32:00,SENSOR_017,CO2,Barranquilla,Norte,1247.39,ppm,Critico,59.42,24.0,WiFi
9550,2024-09-08 09:49:00,SENSOR_028,Temperatura,Medellin,Centro,30.77,°C,Alerta,68.92,87.0,LoRaWAN
9551,2024-01-24 17:04:00,SENSOR_076,PM2.5,Cartagena,Norte,13.17,µg/m3,Normal,36.62,75.0,Ethernet
9552,2024-02-05 17:16:00,SENSOR_056,Humedad,Medellin,Sur,62.98,%,Normal,25.01,38.0,WiFi
9553,2024-06-06 13:54:00,SENSOR_062,Humedad,Bucaramanga,Centro,53.28,%,Normal,6.0,72.0,Ethernet
9554,2024-11-30 08:10:00,SENSOR_045,Ruido,Cartagena,Sur,55.27,dB,Normal,91.26,100.0,Ethernet
9555,2024-05-19 04:29:00,SENSOR_018,Ruido,Barranquilla,Norte,74.9,dB,Alerta,86.79,39.0,Ethernet
9556,2024-01-29 19:25:00,SENSOR_062,Humedad,Medellin,Oriente,37.49,%,Alerta,45.19,61.0,LoRaWAN
9557,2024-07-01 08:24:00,SENSOR_086,CO2,Cali,Sur,1288.6,ppm,Critico,64.47,44.0,Ethernet
9558,2024-11-08 20:07:00,SENSOR_040,Humedad,Bucaramanga,Occidente,68.41,%,Normal,38.19,67.0,Ethernet
9559,2024-09-10 13:33:00,SENSOR_030,CO2,Cali,Sur,1174.15,ppm,Alerta,6.05,49.0,4G
9560,2024-12-22 09:53:00,SENSOR_002,Humedad,Cartagena,Occidente,,%,Sin_Dato,85.58,25.0,Ethernet
9561,2024-02-28 19:33:00,SENSOR_037,CO2,Medellin,Sur,1289.01,ppm,Critico,14.31,22.0,LoRaWAN
9562,2024-08-20 19:41:00,SENSOR_069,PM2.5,Bucaramanga,Sur,25.42,µg/m3,Normal,86.54,71.0,WiFi
9563,2024-05-30 07:37:00,SENSOR_001,Humedad,Cali,Occidente,92.65,%,Critico,50.07,81.0,LoRaWAN
9564,2024-06-25 10:05:00,SENSOR_039,PM2.5,Cartagena,Centro,34.41,µg/m3,Normal,79.15,93.0,4G
9565,2024-11-12 23:47:00,SENSOR_090,Humedad,Bucaramanga,Centro,33.15,%,Alerta,73.68,35.0,LoRaWAN
9566,2024-12-13 05:12:00,SENSOR_010,Humedad,Barranquilla,Occidente,49.82,%,Normal,79.51,87.0,4G
9567,2024-12-10 11:50:00,SENSOR_019,Temperatura,Cali,Occidente,32.26,°C,Critico,81.92,82.0,Ethernet
9568,2024-07-31 09:28:00,SENSOR_088,Humedad,Bogota,Occidente,34.74,%,Alerta,46.12,,WiFi
9569,2024-06-02 21:46:00,SENSOR_034,PM2.5,Cali,Centro,28.18,µg/m3,Normal,11.6,23.0,4G
9570,2024-02-11 11:32:00,SENSOR_077,CO2,Bogota,Sur,656.59,ppm,Normal,,33.0,LoRaWAN
9571,2024-03-21 16:27:00,SENSOR_017,PM2.5,Barranquilla,Oriente,,µg/m3,Sin_Dato,85.49,32.0,WiFi
9572,2024-02-09 06:33:00,SENSOR_100,Temperatura,Bucaramanga,Norte,29.92,°C,Alerta,9.79,52.0,LoRaWAN
9573,2024-06-26 12:34:00,SENSOR_055,PM2.5,Medellin,Occidente,26.87,µg/m3,Normal,56.42,30.0,4G
9574,2024-12-16 06:44:00,SENSOR_055,Ruido,Cali,Centro,37.81,dB,Normal,98.16,49.0,4G
9575,2024-02-16 13:45:00,SENSOR_087,Temperatura,Cali,Sur,33.28,°C,Critico,57.14,30.0,4G
9576,2024-01-27 04:13:00,SENSOR_014,PM2.5,Bogota,Centro,118.36,µg/m3,Critico,56.44,27.0,4G
9577,2024-10-24 21:54:00,SENSOR_027,Temperatura,Barranquilla,Oriente,28.86,°C,Alerta,79.27,39.0,4G
9578,2024-06-16 15:02:00,SENSOR_044,Ruido,Cartagena,Norte,60.54,dB,Normal,59.18,100.0,Ethernet
9579,2024-07-13 00:49:00,SENSOR_002,Temperatura,Barranquilla,Occidente,27.73,°C,Normal,79.36,62.0,4G
9580,2024-09-27 18:36:00,SENSOR_038,PM2.5,Cali,Oriente,73.3,µg/m3,Alerta,13.91,79.0,WiFi
9581,2024-05-09 13:39:00,SENSOR_100,Humedad,Barranquilla,Oriente,80.74,%,Alerta,96.77,68.0,4G
9582,2024-04-21 06:14:00,SENSOR_044,Humedad,Bucaramanga,Oriente,35.22,%,Alerta,41.61,87.0,Ethernet
9583,2024-03-15 18:45:00,SENSOR_098,CO2,Bogota,Centro,659.33,ppm,Normal,81.87,66.0,4G
9584,2024-07-14 06:25:00,SENSOR_029,CO2,Bogota,Sur,1599.75,ppm,Critico,12.68,84.0,4G
9585,2024-09-29 02:17:00,SENSOR_037,CO2,Medellin,Oriente,1020.33,ppm,Alerta,50.33,70.0,4G
9586,2024-04-05 04:32:00,SENSOR_050,Humedad,Cartagena,Sur,,%,Sin_Dato,21.74,31.0,4G
9587,2024-11-07 17:36:00,SENSOR_008,PM2.5,Cali,Oriente,83.7,µg/m3,Critico,17.49,37.0,LoRaWAN
9588,2024-05-22 17:39:00,SENSOR_034,Humedad,Medellin,Norte,46.85,%,Normal,25.96,67.0,Ethernet
9589,2024-04-18 16:15:00,SENSOR_072,Temperatura,Medellin,Oriente,20.28,°C,Normal,51.93,36.0,LoRaWAN
9590,2024-07-25 08:30:00,SENSOR_078,Temperatura,Cartagena,Oriente,21.86,°C,Normal,83.49,75.0,4G
9591,2024-04-28 03:38:00,SENSOR_095,Temperatura,Bogota,Oriente,22.42,°C,Normal,16.44,60.0,WiFi
9592,2024-09-04 12:06:00,SENSOR_068,PM2.5,Medellin,Occidente,36.75,µg/m3,Alerta,67.24,56.0,WiFi
9593,2024-12-14 22:40:00,SENSOR_073,CO2,Cali,Oriente,1259.58,ppm,Critico,26.1,22.0,Ethernet
9594,2024-10-16 21:15:00,SENSOR_053,PM2.5,Barranquilla,Occidente,54.99,µg/m3,Alerta,48.67,38.0,Ethernet
9595,2024-03-14 17:41:00,SENSOR_039,Humedad,Cali,Occidente,35.4,%,Alerta,82.59,39.0,LoRaWAN
9596,2024-02-22 03:13:00,SENSOR_035,Ruido,Cali,Sur,62.91,dB,Normal,49.28,98.0,WiFi
9597,2024-06-10 07:02:00,SENSOR_090,Temperatura,Bucaramanga,Occidente,17.8,°C,Normal,52.05,59.0,LoRaWAN
9598,2024-07-19 20:11:00,SENSOR_072,Humedad,Medellin,Centro,73.39,%,Normal,60.16,65.0,4G
9599,2024-09-28 06:53:00,SENSOR_026,PM2.5,Cartagena,Sur,92.18,µg/m3,Critico,65.65,63.0,LoRaWAN
9600,2024-09-05 10:16:00,SENSOR_085,Humedad,Cartagena,Norte,49.57,%,Normal,92.15,88.0,Ethernet
9601,2024-03-30 19:40:00,SENSOR_010,CO2,Bucaramanga,Norte,1202.67,ppm,Critico,26.97,93.0,WiFi
9602,2024-06-07 23:55:00,SENSOR_045,Humedad,Bogota,Occidente,71.69,%,Normal,26.65,30.0,Ethernet
9603,2024-10-07 22:49:00,SENSOR_085,Ruido,Bogota,Centro,53.56,dB,Normal,28.99,99.0,4G
9604,2024-01-08 13:33:00,SENSOR_055,Temperatura,Bogota,Centro,28.88,°C,Alerta,43.53,42.0,LoRaWAN
9605,2024-11-28 08:58:00,SENSOR_069,CO2,Bucaramanga,Oriente,984.5,ppm,Alerta,69.26,63.0,WiFi
9606,2024-08-06 12:25:00,SENSOR_097,Humedad,Medellin,Norte,93.73,%,Critico,19.89,67.0,LoRaWAN
9607,2024-11-08 21:54:00,SENSOR_058,Ruido,Barranquilla,Centro,73.13,dB,Alerta,44.57,88.0,LoRaWAN
9608,2024-11-13 03:29:00,SENSOR_004,CO2,Cartagena,Sur,847.22,ppm,Alerta,,59.0,4G
9609,2024-01-17 19:44:00,SENSOR_009,PM2.5,Medellin,Norte,106.81,µg/m3,Critico,69.34,30.0,WiFi
9610,2024-05-18 16:09:00,SENSOR_020,Temperatura,Cali,Centro,13.28,°C,Normal,32.88,57.0,WiFi
9611,2024-07-01 06:50:00,SENSOR_009,Humedad,Cartagena,Centro,36.49,%,Alerta,,55.0,WiFi
9612,2024-05-17 13:15:00,SENSOR_051,Ruido,Barranquilla,Centro,91.36,dB,Critico,92.07,43.0,WiFi
9613,2024-12-26 20:08:00,SENSOR_092,Humedad,Barranquilla,Occidente,48.89,%,Normal,38.74,32.0,Ethernet
9614,2024-03-29 13:38:00,SENSOR_058,PM2.5,Medellin,Norte,84.46,µg/m3,Critico,54.05,84.0,Ethernet
9615,2024-06-25 09:55:00,SENSOR_025,PM2.5,Medellin,Oriente,118.56,µg/m3,Critico,47.78,70.0,WiFi
9616,2024-05-21 07:57:00,SENSOR_051,Ruido,Barranquilla,Centro,43.62,dB,Normal,86.02,59.0,Ethernet
9617,2024-12-05 16:11:00,SENSOR_031,CO2,Medellin,Oriente,1248.29,ppm,Critico,78.37,26.0,Ethernet
9618,2024-08-11 05:20:00,SENSOR_076,CO2,Cartagena,Centro,1151.04,ppm,Alerta,10.64,96.0,WiFi
9619,2024-03-06 16:30:00,SENSOR_098,PM2.5,Barranquilla,Sur,101.23,µg/m3,Critico,22.38,55.0,Ethernet
9620,2024-12-04 15:39:00,SENSOR_089,Humedad,Bucaramanga,Sur,64.51,%,Normal,61.03,56.0,4G
9621,2024-01-15 05:07:00,SENSOR_023,PM2.5,Bogota,Occidente,60.45,µg/m3,Alerta,63.66,95.0,WiFi
9622,2024-10-23 20:49:00,SENSOR_007,Humedad,Cartagena,Centro,67.37,%,Normal,37.24,61.0,4G
9623,2024-04-05 19:02:00,SENSOR_022,PM2.5,Bucaramanga,Centro,44.62,µg/m3,Alerta,12.7,50.0,Ethernet
9624,2024-12-16 15:52:00,SENSOR_056,Temperatura,Cartagena,Sur,25.43,°C,Normal,59.49,73.0,LoRaWAN
9625,2024-03-30 00:30:00,SENSOR_100,CO2,Cartagena,Centro,1038.39,ppm,Alerta,12.7,70.0,LoRaWAN
9626,2024-11-28 20:45:00,SENSOR_098,CO2,Medellin,Oriente,987.39,ppm,Alerta,50.79,86.0,WiFi
9627,2024-12-28 10:27:00,SENSOR_043,Humedad,Cartagena,Occidente,77.45,%,Normal,37.65,88.0,Ethernet
9628,2024-06-07 09:07:00,SENSOR_074,Humedad,Medellin,Centro,65.13,%,Normal,7.57,80.0,4G
9629,2024-01-26 13:52:00,SENSOR_099,PM2.5,Bucaramanga,Occidente,12.22,µg/m3,Normal,49.02,84.0,LoRaWAN
9630,2024-05-17 19:49:00,SENSOR_014,Ruido,Barranquilla,Norte,66.26,dB,Normal,98.62,75.0,WiFi
9631,2024-03-16 09:39:00,SENSOR_017,PM2.5,Bucaramanga,Centro,5.39,µg/m3,Normal,86.7,58.0,LoRaWAN
9632,2024-03-18 04:27:00,SENSOR_084,Ruido,Bogota,Centro,55.85,dB,Normal,86.36,90.0,4G
9633,2024-08-01 16:57:00,SENSOR_099,PM2.5,Medellin,Oriente,105.15,µg/m3,Critico,28.19,29.0,WiFi
9634,2024-03-07 15:45:00,SENSOR_036,Humedad,Bogota,Sur,,%,Sin_Dato,52.9,40.0,Ethernet
9635,2024-08-28 04:36:00,SENSOR_057,Humedad,Bogota,Oriente,30.75,%,Alerta,32.14,85.0,Ethernet
9636,2024-07-30 09:37:00,SENSOR_051,Temperatura,Cartagena,Oriente,26.23,°C,Normal,11.3,82.0,Ethernet
9637,2024-12-07 19:38:00,SENSOR_061,Temperatura,Medellin,Oriente,29.67,°C,Alerta,37.85,39.0,WiFi
9638,2024-08-25 16:06:00,SENSOR_035,Ruido,Cartagena,Norte,91.35,dB,Critico,62.6,74.0,LoRaWAN
9639,2024-12-28 00:22:00,SENSOR_100,Temperatura,Bucaramanga,Sur,10.02,°C,Normal,32.16,,4G
9640,2024-05-17 06:26:00,SENSOR_095,PM2.5,Barranquilla,Oriente,13.58,µg/m3,Normal,18.05,71.0,LoRaWAN
9641,2024-08-12 08:19:00,SENSOR_086,Humedad,Bogota,Oriente,42.61,%,Normal,65.82,86.0,LoRaWAN
9642,2024-07-02 07:05:00,SENSOR_064,Ruido,Bucaramanga,Centro,85.29,dB,Critico,7.93,50.0,LoRaWAN
9643,2024-12-30 08:45:00,SENSOR_034,CO2,Cali,Sur,489.01,ppm,Normal,68.78,78.0,WiFi
9644,2024-04-05 19:08:00,SENSOR_061,Temperatura,Medellin,Occidente,14.26,°C,Normal,16.37,33.0,4G
9645,2024-09-19 12:10:00,SENSOR_047,Temperatura,Cartagena,Centro,30.2,°C,Alerta,10.28,93.0,WiFi
9646,2024-06-17 10:46:00,SENSOR_022,CO2,Barranquilla,Sur,1056.99,ppm,Alerta,33.47,53.0,LoRaWAN
9647,2024-08-03 01:31:00,SENSOR_062,Temperatura,Bucaramanga,Oriente,17.42,°C,Normal,36.53,50.0,LoRaWAN
9648,2024-11-30 18:40:00,SENSOR_007,CO2,Cartagena,Oriente,512.8,ppm,Normal,84.92,97.0,LoRaWAN
9649,2024-05-09 00:54:00,SENSOR_037,PM2.5,Cali,Centro,32.56,µg/m3,Normal,85.32,37.0,LoRaWAN
9650,2024-01-01 11:43:00,SENSOR_094,CO2,Barranquilla,Norte,844.29,ppm,Alerta,80.83,69.0,Ethernet
9651,2024-12-17 13:37:00,SENSOR_004,PM2.5,Cartagena,Occidente,,µg/m3,Sin_Dato,56.35,99.0,LoRaWAN
9652,2024-12-09 20:39:00,SENSOR_024,Ruido,Bogota,Oriente,93.33,dB,Critico,81.59,98.0,4G
9653,2024-05-15 19:07:00,SENSOR_022,PM2.5,Cartagena,Occidente,27.04,µg/m3,Normal,41.45,25.0,4G
9654,2024-10-22 15:31:00,SENSOR_060,PM2.5,Cali,Occidente,114.48,µg/m3,Critico,57.22,99.0,WiFi
9655,2024-12-17 09:41:00,SENSOR_054,CO2,Cali,Occidente,1147.53,ppm,Alerta,38.6,85.0,LoRaWAN
9656,2024-12-15 20:36:00,SENSOR_002,Temperatura,Cali,Oriente,28.0,°C,Normal,,94.0,LoRaWAN
9657,2024-02-20 08:09:00,SENSOR_075,CO2,Bogota,Sur,1509.5,ppm,Critico,48.0,41.0,WiFi
9658,2024-10-23 05:18:00,SENSOR_072,Ruido,Bogota,Occidente,48.85,dB,Normal,19.98,49.0,WiFi
9659,2024-06-16 16:29:00,SENSOR_006,Ruido,Bucaramanga,Centro,45.55,dB,Normal,70.19,64.0,Ethernet
9660,2024-12-09 01:18:00,SENSOR_030,Ruido,Cali,Norte,39.05,dB,Normal,11.6,82.0,LoRaWAN
9661,2024-08-03 22:41:00,SENSOR_065,Temperatura,Cali,Centro,17.13,°C,Normal,36.64,49.0,4G
9662,2024-11-18 22:42:00,SENSOR_076,Humedad,Medellin,Norte,56.34,%,Normal,13.93,78.0,WiFi
9663,2024-01-28 00:29:00,SENSOR_064,CO2,Medellin,Oriente,1715.96,ppm,Critico,76.81,37.0,4G
9664,2024-02-29 17:05:00,SENSOR_008,CO2,Bucaramanga,Occidente,1219.36,ppm,Critico,78.07,76.0,WiFi
9665,2024-07-01 15:19:00,SENSOR_053,Ruido,Cali,Occidente,44.1,dB,Normal,53.65,89.0,Ethernet
9666,2024-09-16 04:31:00,SENSOR_090,Humedad,Cartagena,Norte,91.11,%,Critico,8.17,36.0,Ethernet
9667,2024-11-27 08:02:00,SENSOR_059,PM2.5,Barranquilla,Occidente,27.52,µg/m3,Normal,19.57,60.0,Ethernet
9668,2024-04-11 07:53:00,SENSOR_031,Ruido,Bogota,Centro,63.01,dB,Normal,10.27,72.0,Ethernet
9669,2024-10-20 02:43:00,SENSOR_081,PM2.5,Barranquilla,Occidente,56.73,µg/m3,Alerta,41.6,71.0,LoRaWAN
9670,2024-12-18 17:11:00,SENSOR_013,CO2,Bogota,Norte,973.11,ppm,Alerta,40.7,58.0,4G
9671,2024-09-11 11:21:00,SENSOR_059,PM2.5,Bucaramanga,Sur,106.8,µg/m3,Critico,19.44,48.0,LoRaWAN
9672,2024-04-15 01:08:00,SENSOR_095,Temperatura,Cali,Occidente,12.62,°C,Normal,22.69,73.0,WiFi
9673,2024-04-04 13:51:00,SENSOR_029,CO2,Cartagena,Norte,909.2,ppm,Alerta,20.78,43.0,4G
9674,2024-02-01 04:18:00,SENSOR_050,Humedad,Bucaramanga,Occidente,53.9,%,Normal,76.34,58.0,WiFi
9675,2024-08-19 13:25:00,SENSOR_029,Ruido,Cartagena,Occidente,58.27,dB,Normal,6.34,29.0,Ethernet
9676,2024-06-22 00:05:00,SENSOR_072,CO2,Cartagena,Sur,1511.46,ppm,Critico,28.3,,4G
9677,2024-07-28 16:21:00,SENSOR_078,Humedad,Medellin,Oriente,92.36,%,Critico,22.69,87.0,4G
9678,2024-04-28 07:37:00,SENSOR_062,Humedad,Cali,Norte,85.53,%,Alerta,42.39,43.0,WiFi
9679,2024-08-25 02:45:00,SENSOR_056,Ruido,Cartagena,Centro,65.14,dB,Normal,67.91,100.0,4G
9680,2024-08-10 12:15:00,SENSOR_045,CO2,Cali,Occidente,587.82,ppm,Normal,52.58,31.0,4G
9681,2024-04-16 18:41:00,SENSOR_011,Humedad,Cali,Norte,82.11,%,Alerta,28.08,66.0,WiFi
9682,2024-04-18 21:32:00,SENSOR_092,Temperatura,Bogota,Occidente,16.63,°C,Normal,92.34,38.0,4G
9683,2024-07-09 13:52:00,SENSOR_097,Ruido,Barranquilla,Sur,71.13,dB,Alerta,51.1,20.0,Ethernet
9684,2024-05-24 02:04:00,SENSOR_066,PM2.5,Barranquilla,Norte,67.75,µg/m3,Alerta,17.65,93.0,Ethernet
9685,2024-11-26 11:54:00,SENSOR_094,Temperatura,Medellin,Centro,33.7,°C,Critico,,61.0,LoRaWAN
9686,2024-04-21 13:07:00,SENSOR_052,Temperatura,Cartagena,Sur,,°C,Sin_Dato,64.23,58.0,Ethernet
9687,2024-12-13 18:10:00,SENSOR_030,Ruido,Bucaramanga,Sur,62.23,dB,Normal,76.49,44.0,Ethernet
9688,2024-09-10 12:57:00,SENSOR_033,Temperatura,Bucaramanga,Sur,27.72,°C,Normal,66.53,63.0,LoRaWAN
9689,2024-06-10 07:27:00,SENSOR_020,CO2,Bucaramanga,Norte,378.44,ppm,Normal,21.47,95.0,WiFi
9690,2024-06-23 03:06:00,SENSOR_049,Ruido,Cartagena,Centro,83.84,dB,Alerta,7.57,42.0,Ethernet
9691,2024-03-26 12:44:00,SENSOR_068,Humedad,Barranquilla,Sur,45.78,%,Normal,37.86,,Ethernet
9692,2024-01-31 03:40:00,SENSOR_071,CO2,Bucaramanga,Centro,546.4,ppm,Normal,5.5,74.0,WiFi
9693,2024-02-22 22:07:00,SENSOR_064,Ruido,Medellin,Occidente,82.08,dB,Alerta,66.82,45.0,WiFi
9694,2024-09-14 18:47:00,SENSOR_041,Humedad,Barranquilla,Occidente,,%,Sin_Dato,54.49,23.0,Ethernet
9695,2024-10-03 07:12:00,SENSOR_060,Temperatura,Medellin,Occidente,31.61,°C,Alerta,92.86,91.0,4G
9696,2024-11-25 04:01:00,SENSOR_009,PM2.5,Bogota,Norte,,µg/m3,Sin_Dato,27.45,78.0,WiFi
9697,2024-08-13 04:35:00,SENSOR_030,Humedad,Cartagena,Sur,94.97,%,Critico,38.23,86.0,4G
9698,2024-07-28 05:32:00,SENSOR_037,PM2.5,Cali,Norte,33.83,µg/m3,Normal,29.87,73.0,Ethernet
9699,2024-09-27 08:22:00,SENSOR_061,Temperatura,Cali,Sur,32.18,°C,Critico,34.36,,WiFi
9700,2024-04-18 19:53:00,SENSOR_003,PM2.5,Cali,Sur,20.81,µg/m3,Normal,15.06,94.0,LoRaWAN
9701,2024-06-13 22:08:00,SENSOR_025,Humedad,Medellin,Centro,30.61,%,Alerta,,61.0,4G
9702,2024-05-20 06:15:00,SENSOR_020,Humedad,Bogota,Centro,94.91,%,Critico,94.77,29.0,LoRaWAN
9703,2024-03-15 16:14:00,SENSOR_058,PM2.5,Bogota,Oriente,28.32,µg/m3,Normal,72.87,36.0,LoRaWAN
9704,2024-05-26 09:26:00,SENSOR_048,Ruido,Cartagena,Centro,87.96,dB,Critico,84.98,73.0,LoRaWAN
9705,2024-07-18 11:25:00,SENSOR_015,Ruido,Barranquilla,Centro,68.93,dB,Normal,67.92,75.0,4G
9706,2024-10-21 02:43:00,SENSOR_015,Temperatura,Bogota,Oriente,13.5,°C,Normal,23.46,74.0,LoRaWAN
9707,2024-03-28 05:52:00,SENSOR_087,Humedad,Bogota,Oriente,36.46,%,Alerta,64.0,72.0,LoRaWAN
9708,2024-03-24 01:22:00,SENSOR_051,CO2,Bogota,Norte,,ppm,Sin_Dato,71.94,93.0,Ethernet
9709,2024-08-10 12:38:00,SENSOR_039,CO2,Bucaramanga,Norte,587.07,ppm,Normal,25.74,47.0,LoRaWAN
9710,2024-07-13 20:48:00,SENSOR_003,CO2,Cartagena,Oriente,726.33,ppm,Normal,97.12,21.0,WiFi
9711,2024-12-19 07:20:00,SENSOR_009,Humedad,Barranquilla,Occidente,84.86,%,Alerta,29.0,89.0,4G
9712,2024-05-30 14:30:00,SENSOR_069,CO2,Bucaramanga,Centro,385.21,ppm,Normal,73.45,22.0,Ethernet
9713,2024-08-23 12:04:00,SENSOR_096,Humedad,Cali,Oriente,91.45,%,Critico,13.34,34.0,Ethernet
9714,2024-07-18 04:41:00,SENSOR_029,Ruido,Bogota,Sur,76.5,dB,Alerta,39.09,30.0,4G
9715,2024-05-08 03:37:00,SENSOR_077,Ruido,Bogota,Centro,74.93,dB,Alerta,50.14,77.0,Ethernet
9716,2024-12-09 02:29:00,SENSOR_045,Temperatura,Bucaramanga,Norte,19.68,°C,Normal,12.15,21.0,LoRaWAN
9717,2024-12-17 04:59:00,SENSOR_062,Ruido,Bogota,Oriente,99.88,dB,Critico,27.98,58.0,4G
9718,2024-12-18 19:00:00,SENSOR_017,CO2,Bogota,Centro,890.6,ppm,Alerta,52.57,24.0,WiFi
9719,2024-09-07 11:01:00,SENSOR_045,Temperatura,Cali,Centro,30.22,°C,Alerta,97.85,60.0,4G
9720,2024-03-22 00:55:00,SENSOR_081,CO2,Cartagena,Norte,1285.56,ppm,Critico,73.14,99.0,Ethernet
9721,2024-06-26 11:39:00,SENSOR_036,Ruido,Barranquilla,Centro,74.15,dB,Alerta,55.71,43.0,WiFi
9722,2024-01-11 03:57:00,SENSOR_071,Ruido,Bucaramanga,Occidente,51.35,dB,Normal,29.74,59.0,4G
9723,2024-11-13 16:15:00,SENSOR_085,Temperatura,Medellin,Oriente,11.79,°C,Normal,14.72,31.0,4G
9724,2024-04-13 13:34:00,SENSOR_024,PM2.5,Bucaramanga,Occidente,37.77,µg/m3,Alerta,85.89,28.0,4G
9725,2024-02-19 01:39:00,SENSOR_091,PM2.5,Cali,Oriente,119.92,µg/m3,Critico,57.96,30.0,Ethernet
9726,2024-11-04 02:38:00,SENSOR_084,PM2.5,Bucaramanga,Sur,18.75,µg/m3,Normal,59.57,24.0,WiFi
9727,2024-08-09 14:20:00,SENSOR_041,Temperatura,Bucaramanga,Occidente,25.99,°C,Normal,66.22,34.0,LoRaWAN
9728,2024-04-08 20:08:00,SENSOR_067,Humedad,Barranquilla,Norte,76.61,%,Normal,63.24,73.0,LoRaWAN
9729,2024-01-03 21:59:00,SENSOR_005,CO2,Cartagena,Centro,1725.44,ppm,Critico,21.63,44.0,4G
9730,2024-01-03 03:35:00,SENSOR_012,Temperatura,Cartagena,Centro,24.85,°C,Normal,36.25,82.0,Ethernet
9731,2024-09-20 14:36:00,SENSOR_075,Ruido,Medellin,Occidente,41.94,dB,Normal,61.96,97.0,Ethernet
9732,2024-11-12 13:14:00,SENSOR_066,Ruido,Cali,Sur,71.91,dB,Alerta,17.59,78.0,4G
9733,2024-01-07 23:29:00,SENSOR_062,Ruido,Barranquilla,Centro,82.05,dB,Alerta,38.36,51.0,4G
9734,2024-01-09 09:15:00,SENSOR_078,Temperatura,Cartagena,Centro,28.88,°C,Alerta,39.27,90.0,WiFi
9735,2024-02-10 21:32:00,SENSOR_042,PM2.5,Barranquilla,Sur,74.0,µg/m3,Alerta,35.78,48.0,LoRaWAN
9736,2024-09-14 04:11:00,SENSOR_025,Humedad,Cartagena,Oriente,59.54,%,Normal,98.49,,4G
9737,2024-10-24 06:43:00,SENSOR_028,Temperatura,Cartagena,Centro,,°C,Sin_Dato,83.05,52.0,Ethernet
9738,2024-07-15 06:00:00,SENSOR_056,Temperatura,Cartagena,Norte,13.66,°C,Normal,60.99,60.0,4G
9739,2024-01-29 10:47:00,SENSOR_015,Temperatura,Bucaramanga,Oriente,27.07,°C,Normal,27.2,80.0,LoRaWAN
9740,2024-11-12 00:32:00,SENSOR_041,Humedad,Medellin,Norte,,%,Sin_Dato,21.88,35.0,4G
9741,2024-06-08 14:48:00,SENSOR_026,CO2,Medellin,Oriente,952.88,ppm,Alerta,86.9,63.0,Ethernet
9742,2024-03-16 09:22:00,SENSOR_044,Humedad,Barranquilla,Centro,38.86,%,Alerta,53.83,77.0,LoRaWAN
9743,2024-05-14 11:40:00,SENSOR_033,Temperatura,Cali,Occidente,29.8,°C,Alerta,46.1,27.0,LoRaWAN
9744,2024-11-15 11:13:00,SENSOR_009,Humedad,Barranquilla,Sur,46.94,%,Normal,21.78,62.0,LoRaWAN
9745,2024-09-05 07:33:00,SENSOR_030,Temperatura,Cartagena,Centro,17.58,°C,Normal,51.17,,WiFi
9746,2024-09-05 02:22:00,SENSOR_089,PM2.5,Bucaramanga,Centro,51.66,µg/m3,Alerta,87.73,74.0,LoRaWAN
9747,2024-09-01 19:24:00,SENSOR_012,CO2,Bucaramanga,Norte,349.23,ppm,Normal,45.69,42.0,4G
9748,2024-11-13 10:13:00,SENSOR_053,PM2.5,Cartagena,Occidente,53.62,µg/m3,Alerta,93.57,41.0,4G
9749,2024-12-19 07:13:00,SENSOR_017,Temperatura,Bogota,Oriente,15.99,°C,Normal,49.16,49.0,LoRaWAN
9750,2024-05-24 02:58:00,SENSOR_029,Humedad,Barranquilla,Occidente,65.17,%,Normal,83.89,88.0,4G
9751,2024-07-28 18:28:00,SENSOR_074,PM2.5,Cali,Norte,116.61,µg/m3,Critico,18.31,94.0,WiFi
9752,2024-07-05 08:19:00,SENSOR_065,Humedad,Cartagena,Centro,93.4,%,Critico,75.43,99.0,LoRaWAN
9753,2024-05-14 11:40:00,SENSOR_065,Ruido,Cartagena,Oriente,74.92,dB,Alerta,40.19,33.0,4G
9754,2024-04-17 23:51:00,SENSOR_035,Ruido,Medellin,Norte,67.0,dB,Normal,50.53,50.0,4G
9755,2024-12-19 20:57:00,SENSOR_030,Ruido,Medellin,Centro,81.02,dB,Alerta,12.7,89.0,4G
9756,2024-10-15 06:19:00,SENSOR_003,CO2,Cali,Occidente,1356.37,ppm,Critico,81.22,51.0,WiFi
9757,2024-06-03 23:26:00,SENSOR_067,PM2.5,Cartagena,Occidente,44.85,µg/m3,Alerta,44.23,96.0,WiFi
9758,2024-01-30 03:52:00,SENSOR_050,Humedad,Medellin,Centro,48.6,%,Normal,8.11,93.0,Ethernet
9759,2024-12-13 15:57:00,SENSOR_059,Ruido,Medellin,Sur,96.62,dB,Critico,66.07,100.0,LoRaWAN
9760,2024-10-30 11:39:00,SENSOR_008,Ruido,Medellin,Occidente,38.04,dB,Normal,30.54,67.0,LoRaWAN
9761,2024-10-21 10:13:00,SENSOR_051,Ruido,Bogota,Occidente,95.67,dB,Critico,82.99,60.0,WiFi
9762,2024-09-30 00:46:00,SENSOR_053,Temperatura,Bucaramanga,Centro,34.38,°C,Critico,94.02,44.0,Ethernet
9763,2024-06-28 13:40:00,SENSOR_069,CO2,Cartagena,Norte,387.23,ppm,Normal,35.5,68.0,LoRaWAN
9764,2024-03-31 03:19:00,SENSOR_004,Ruido,Bucaramanga,Norte,61.55,dB,Normal,57.43,28.0,WiFi
9765,2024-01-26 17:49:00,SENSOR_044,Ruido,Bucaramanga,Occidente,70.45,dB,Alerta,75.55,55.0,4G
9766,2024-06-19 18:16:00,SENSOR_061,Ruido,Bucaramanga,Oriente,81.35,dB,Alerta,45.71,37.0,4G
9767,2024-07-21 00:22:00,SENSOR_025,Ruido,Cartagena,Oriente,79.41,dB,Alerta,57.95,29.0,WiFi
9768,2024-08-23 01:54:00,SENSOR_003,PM2.5,Medellin,Norte,64.07,µg/m3,Alerta,95.82,66.0,4G
9769,2024-05-28 06:44:00,SENSOR_033,CO2,Bogota,Sur,442.63,ppm,Normal,68.89,82.0,Ethernet
9770,2024-03-06 22:49:00,SENSOR_035,Temperatura,Bucaramanga,Oriente,17.16,°C,Normal,58.64,57.0,Ethernet
9771,2024-02-19 15:05:00,SENSOR_063,Temperatura,Cartagena,Occidente,34.47,°C,Critico,91.56,90.0,WiFi
9772,2024-03-22 12:02:00,SENSOR_034,CO2,Medellin,Sur,1181.99,ppm,Alerta,33.82,95.0,LoRaWAN
9773,2024-04-17 20:36:00,SENSOR_084,PM2.5,Cali,Occidente,87.74,µg/m3,Critico,69.58,96.0,4G
9774,2024-04-05 07:14:00,SENSOR_090,Humedad,Medellin,Occidente,91.49,%,Critico,42.97,90.0,Ethernet
9775,2024-08-18 05:43:00,SENSOR_089,Humedad,Bogota,Norte,50.18,%,Normal,9.02,64.0,LoRaWAN
9776,2024-08-16 11:34:00,SENSOR_077,Temperatura,Bucaramanga,Sur,14.3,°C,Normal,91.83,64.0,WiFi
9777,2024-03-10 21:13:00,SENSOR_041,CO2,Medellin,Occidente,891.22,ppm,Alerta,33.13,80.0,LoRaWAN
9778,2024-11-23 14:13:00,SENSOR_036,PM2.5,Barranquilla,Centro,35.19,µg/m3,Alerta,63.12,29.0,WiFi
9779,2024-04-15 06:46:00,SENSOR_019,Humedad,Barranquilla,Norte,34.0,%,Alerta,40.25,77.0,WiFi
9780,2024-12-23 15:42:00,SENSOR_099,Temperatura,Cali,Oriente,14.87,°C,Normal,94.03,59.0,Ethernet
9781,2024-09-30 13:17:00,SENSOR_023,Temperatura,Cartagena,Oriente,22.6,°C,Normal,,63.0,LoRaWAN
9782,2024-04-22 06:32:00,SENSOR_031,Humedad,Medellin,Oriente,60.63,%,Normal,55.57,94.0,WiFi
9783,2024-06-15 13:44:00,SENSOR_085,Ruido,Medellin,Centro,39.66,dB,Normal,39.07,88.0,Ethernet
9784,2024-07-09 02:06:00,SENSOR_063,CO2,Bogota,Sur,1634.63,ppm,Critico,84.78,26.0,4G
9785,2024-11-10 17:46:00,SENSOR_037,Ruido,Barranquilla,Norte,40.9,dB,Normal,30.05,66.0,4G
9786,2024-12-21 04:32:00,SENSOR_025,PM2.5,Medellin,Oriente,23.15,µg/m3,Normal,28.95,36.0,LoRaWAN
9787,2024-02-21 01:22:00,SENSOR_031,Ruido,Cali,Sur,87.58,dB,Critico,56.63,33.0,WiFi
9788,2024-07-08 08:23:00,SENSOR_015,Temperatura,Bogota,Centro,17.97,°C,Normal,43.09,29.0,LoRaWAN
9789,2024-02-01 13:26:00,SENSOR_064,Temperatura,Medellin,Occidente,20.5,°C,Normal,44.38,57.0,LoRaWAN
9790,2024-04-08 19:24:00,SENSOR_019,Ruido,Bogota,Norte,51.38,dB,Normal,82.66,50.0,LoRaWAN
9791,2024-09-20 13:09:00,SENSOR_020,CO2,Medellin,Oriente,480.75,ppm,Normal,86.55,92.0,4G
9792,2024-02-28 16:52:00,SENSOR_018,Temperatura,Barranquilla,Occidente,23.24,°C,Normal,36.61,31.0,Ethernet
9793,2024-06-14 14:09:00,SENSOR_010,Temperatura,Bogota,Norte,30.34,°C,Alerta,66.92,95.0,Ethernet
9794,2024-01-02 00:01:00,SENSOR_029,CO2,Cali,Centro,1224.04,ppm,Critico,70.51,39.0,WiFi
9795,2024-05-31 12:25:00,SENSOR_087,Temperatura,Bucaramanga,Occidente,30.12,°C,Alerta,94.62,97.0,Ethernet
9796,2024-03-02 06:59:00,SENSOR_047,CO2,Bogota,Occidente,,ppm,Sin_Dato,82.5,33.0,Ethernet
9797,2024-06-13 13:58:00,SENSOR_057,CO2,Cali,Oriente,1053.17,ppm,Alerta,68.09,47.0,Ethernet
9798,2024-12-04 08:33:00,SENSOR_083,Temperatura,Medellin,Norte,,°C,Sin_Dato,15.29,68.0,WiFi
9799,2024-10-25 21:02:00,SENSOR_084,CO2,Bogota,Centro,1317.46,ppm,Critico,19.89,40.0,4G
9800,2024-01-07 22:34:00,SENSOR_003,Ruido,Bucaramanga,Occidente,92.53,dB,Critico,79.83,92.0,WiFi
9801,2024-02-11 22:55:00,SENSOR_085,Ruido,Barranquilla,Occidente,62.89,dB,Normal,57.16,56.0,4G
9802,2024-01-21 22:48:00,SENSOR_014,Humedad,Barranquilla,Sur,80.02,%,Alerta,55.28,95.0,4G
9803,2024-06-11 08:39:00,SENSOR_035,PM2.5,Bogota,Norte,112.46,µg/m3,Critico,15.76,,LoRaWAN
9804,2024-09-14 04:30:00,SENSOR_056,Humedad,Cartagena,Centro,51.21,%,Normal,9.57,97.0,WiFi
9805,2024-09-28 21:26:00,SENSOR_028,Humedad,Cartagena,Occidente,61.49,%,Normal,12.78,62.0,Ethernet
9806,2024-12-25 05:12:00,SENSOR_063,Temperatura,Cartagena,Sur,26.59,°C,Normal,50.94,98.0,LoRaWAN
9807,2024-06-07 14:32:00,SENSOR_028,PM2.5,Barranquilla,Occidente,79.53,µg/m3,Critico,72.19,93.0,4G
9808,2024-05-04 08:17:00,SENSOR_036,Temperatura,Barranquilla,Sur,33.52,°C,Critico,85.51,43.0,4G
9809,2024-08-12 21:02:00,SENSOR_016,Ruido,Bucaramanga,Occidente,45.99,dB,Normal,42.22,100.0,WiFi
9810,2024-04-03 18:18:00,SENSOR_019,PM2.5,Bogota,Occidente,118.72,µg/m3,Critico,83.94,74.0,4G
9811,2024-04-23 18:12:00,SENSOR_058,Humedad,Cali,Occidente,54.49,%,Normal,35.66,51.0,4G
9812,2024-03-26 06:38:00,SENSOR_013,Temperatura,Medellin,Norte,13.27,°C,Normal,74.63,67.0,WiFi
9813,2024-01-21 15:12:00,SENSOR_087,Ruido,Barranquilla,Oriente,70.25,dB,Alerta,41.25,97.0,WiFi
9814,2024-11-04 00:42:00,SENSOR_015,PM2.5,Bucaramanga,Centro,49.48,µg/m3,Alerta,80.6,80.0,LoRaWAN
9815,2024-02-29 06:03:00,SENSOR_078,Temperatura,Bogota,Occidente,17.33,°C,Normal,79.41,23.0,4G
9816,2024-02-24 02:59:00,SENSOR_007,Ruido,Cartagena,Norte,50.93,dB,Normal,89.17,83.0,LoRaWAN
9817,2024-09-24 14:07:00,SENSOR_049,Temperatura,Medellin,Sur,,°C,Sin_Dato,23.88,,LoRaWAN
9818,2024-08-07 07:18:00,SENSOR_040,PM2.5,Barranquilla,Occidente,35.12,µg/m3,Alerta,12.64,85.0,Ethernet
9819,2024-08-22 22:30:00,SENSOR_027,CO2,Medellin,Occidente,1083.97,ppm,Alerta,12.13,81.0,LoRaWAN
9820,2024-12-13 03:46:00,SENSOR_051,CO2,Medellin,Occidente,526.45,ppm,Normal,34.82,31.0,4G
9821,2024-01-26 02:02:00,SENSOR_097,CO2,Medellin,Oriente,1620.64,ppm,Critico,59.24,98.0,LoRaWAN
9822,2024-10-31 20:17:00,SENSOR_020,CO2,Cartagena,Oriente,648.77,ppm,Normal,74.54,28.0,4G
9823,2024-03-23 10:36:00,SENSOR_002,PM2.5,Medellin,Occidente,61.57,µg/m3,Alerta,23.25,45.0,Ethernet
9824,2024-01-11 06:21:00,SENSOR_084,Humedad,Barranquilla,Sur,85.8,%,Alerta,91.65,64.0,Ethernet
9825,2024-02-01 06:58:00,SENSOR_037,Humedad,Medellin,Centro,78.97,%,Normal,39.02,28.0,LoRaWAN
9826,2024-02-17 15:44:00,SENSOR_071,Ruido,Bogota,Sur,71.96,dB,Alerta,17.45,20.0,WiFi
9827,2024-02-03 08:39:00,SENSOR_092,Temperatura,Barranquilla,Centro,15.32,°C,Normal,72.06,28.0,WiFi
9828,2024-07-17 07:47:00,SENSOR_009,Humedad,Medellin,Sur,78.84,%,Normal,68.91,93.0,LoRaWAN
9829,2024-11-11 06:13:00,SENSOR_017,CO2,Medellin,Oriente,1093.98,ppm,Alerta,20.59,59.0,4G
9830,2024-09-30 06:33:00,SENSOR_034,Temperatura,Cartagena,Norte,17.35,°C,Normal,59.63,67.0,4G
9831,2024-11-17 02:20:00,SENSOR_029,PM2.5,Cali,Oriente,62.61,µg/m3,Alerta,,57.0,LoRaWAN
9832,2024-06-14 05:28:00,SENSOR_063,Ruido,Bogota,Oriente,43.97,dB,Normal,93.67,54.0,LoRaWAN
9833,2024-07-14 18:22:00,SENSOR_005,Ruido,Barranquilla,Norte,89.88,dB,Critico,26.12,63.0,Ethernet
9834,2024-02-29 18:17:00,SENSOR_085,Humedad,Medellin,Occidente,86.07,%,Alerta,22.87,66.0,WiFi
9835,2024-02-19 12:48:00,SENSOR_050,Ruido,Bucaramanga,Sur,46.24,dB,Normal,16.3,49.0,LoRaWAN
9836,2024-08-31 09:13:00,SENSOR_014,Ruido,Medellin,Norte,80.12,dB,Alerta,30.73,71.0,LoRaWAN
9837,2024-08-23 19:40:00,SENSOR_061,Temperatura,Cali,Oriente,18.93,°C,Normal,48.79,22.0,WiFi
9838,2024-09-30 08:45:00,SENSOR_075,Temperatura,Medellin,Sur,28.45,°C,Alerta,97.27,85.0,4G
9839,2024-04-12 23:59:00,SENSOR_031,PM2.5,Barranquilla,Occidente,96.02,µg/m3,Critico,70.58,46.0,WiFi
9840,2024-08-16 13:37:00,SENSOR_044,CO2,Bucaramanga,Oriente,1403.17,ppm,Critico,47.4,36.0,LoRaWAN
9841,2024-07-16 13:51:00,SENSOR_027,Temperatura,Cali,Occidente,34.4,°C,Critico,98.33,83.0,LoRaWAN
9842,2024-01-09 06:31:00,SENSOR_033,Humedad,Bogota,Centro,70.16,%,Normal,92.9,52.0,4G
9843,2024-01-04 04:58:00,SENSOR_045,Ruido,Bogota,Oriente,55.43,dB,Normal,24.14,38.0,4G
9844,2024-08-30 04:26:00,SENSOR_044,Ruido,Medellin,Norte,40.33,dB,Normal,99.12,84.0,LoRaWAN
9845,2024-03-01 19:15:00,SENSOR_042,Temperatura,Bogota,Occidente,20.24,°C,Normal,28.68,94.0,4G
9846,2024-01-02 06:13:00,SENSOR_014,Temperatura,Bucaramanga,Centro,10.54,°C,Normal,10.11,77.0,Ethernet
9847,2024-04-08 02:20:00,SENSOR_027,Humedad,Barranquilla,Norte,40.29,%,Normal,7.86,50.0,WiFi
9848,2024-02-11 19:55:00,SENSOR_097,PM2.5,Cartagena,Centro,47.56,µg/m3,Alerta,30.26,92.0,Ethernet
9849,2024-07-31 03:25:00,SENSOR_056,CO2,Barranquilla,Centro,1262.94,ppm,Critico,34.61,49.0,WiFi
9850,2024-03-28 15:33:00,SENSOR_093,Humedad,Barranquilla,Centro,68.02,%,Normal,19.28,28.0,LoRaWAN
9851,2024-09-07 13:19:00,SENSOR_063,PM2.5,Barranquilla,Oriente,28.16,µg/m3,Normal,31.97,20.0,4G
9852,2024-10-20 16:00:00,SENSOR_024,PM2.5,Cali,Centro,108.53,µg/m3,Critico,26.79,78.0,WiFi
9853,2024-07-18 16:41:00,SENSOR_032,Temperatura,Bogota,Centro,29.79,°C,Alerta,38.43,63.0,WiFi
9854,2024-05-13 15:12:00,SENSOR_075,Humedad,Cartagena,Oriente,49.09,%,Normal,62.13,33.0,LoRaWAN
9855,2024-11-06 11:13:00,SENSOR_012,Ruido,Bucaramanga,Occidente,79.27,dB,Alerta,34.26,48.0,4G
9856,2024-08-28 15:42:00,SENSOR_037,Humedad,Cali,Occidente,42.0,%,Normal,56.86,97.0,Ethernet
9857,2024-03-24 07:23:00,SENSOR_098,CO2,Bogota,Occidente,,ppm,Sin_Dato,86.84,48.0,WiFi
9858,2024-09-10 19:24:00,SENSOR_035,PM2.5,Cali,Sur,50.88,µg/m3,Alerta,16.7,33.0,LoRaWAN
9859,2024-07-24 12:05:00,SENSOR_044,Humedad,Cali,Norte,46.07,%,Normal,84.03,20.0,WiFi
9860,2024-02-17 06:57:00,SENSOR_081,PM2.5,Medellin,Sur,50.21,µg/m3,Alerta,29.43,68.0,Ethernet
9861,2024-03-12 02:46:00,SENSOR_085,CO2,Barranquilla,Centro,338.08,ppm,Normal,46.74,100.0,4G
9862,2024-05-10 19:34:00,SENSOR_065,Humedad,Medellin,Occidente,84.14,%,Alerta,26.18,20.0,4G
9863,2024-12-27 02:35:00,SENSOR_041,Ruido,Bogota,Oriente,66.79,dB,Normal,6.17,32.0,WiFi
9864,2024-03-18 06:58:00,SENSOR_015,Humedad,Bucaramanga,Oriente,71.74,%,Normal,91.9,21.0,WiFi
9865,2024-03-09 20:20:00,SENSOR_087,Temperatura,Bogota,Occidente,17.71,°C,Normal,23.18,72.0,LoRaWAN
9866,2024-03-21 01:56:00,SENSOR_031,PM2.5,Cali,Occidente,28.09,µg/m3,Normal,64.8,53.0,Ethernet
9867,2024-07-11 14:56:00,SENSOR_088,PM2.5,Medellin,Occidente,104.95,µg/m3,Critico,62.31,87.0,WiFi
9868,2024-07-27 00:57:00,SENSOR_070,PM2.5,Bogota,Centro,111.38,µg/m3,Critico,37.7,73.0,LoRaWAN
9869,2024-03-02 22:58:00,SENSOR_078,Ruido,Cartagena,Oriente,54.27,dB,Normal,66.05,73.0,Ethernet
9870,2024-03-21 06:23:00,SENSOR_007,Temperatura,Bucaramanga,Oriente,21.19,°C,Normal,14.38,54.0,LoRaWAN
9871,2024-10-30 10:15:00,SENSOR_049,PM2.5,Cali,Occidente,28.1,µg/m3,Normal,98.18,43.0,Ethernet
9872,2024-10-16 07:26:00,SENSOR_078,Ruido,Bucaramanga,Oriente,85.62,dB,Critico,68.12,34.0,LoRaWAN
9873,2024-09-30 04:10:00,SENSOR_014,Humedad,Bogota,Occidente,92.8,%,Critico,26.07,25.0,LoRaWAN
9874,2024-07-09 15:31:00,SENSOR_091,Temperatura,Bucaramanga,Sur,23.3,°C,Normal,99.46,,WiFi
9875,2024-09-20 10:10:00,SENSOR_050,PM2.5,Cali,Norte,16.22,µg/m3,Normal,14.65,98.0,WiFi
9876,2024-02-07 17:29:00,SENSOR_050,CO2,Bucaramanga,Oriente,1370.96,ppm,Critico,24.29,80.0,LoRaWAN
9877,2024-10-24 09:54:00,SENSOR_016,PM2.5,Bogota,Norte,85.46,µg/m3,Critico,68.36,27.0,Ethernet
9878,2024-04-16 00:22:00,SENSOR_054,PM2.5,Bucaramanga,Sur,37.05,µg/m3,Alerta,35.57,30.0,LoRaWAN
9879,2024-08-24 05:59:00,SENSOR_057,Ruido,Bucaramanga,Occidente,87.28,dB,Critico,40.8,44.0,WiFi
9880,2024-07-02 09:13:00,SENSOR_094,Ruido,Cartagena,Oriente,69.55,dB,Normal,91.86,39.0,WiFi
9881,2024-09-15 12:18:00,SENSOR_028,Ruido,Barranquilla,Centro,71.73,dB,Alerta,53.03,93.0,LoRaWAN
9882,2024-03-07 08:57:00,SENSOR_097,Temperatura,Cali,Occidente,,°C,Sin_Dato,18.83,90.0,Ethernet
9883,2024-11-02 04:06:00,SENSOR_038,Temperatura,Bucaramanga,Centro,34.35,°C,Critico,25.1,74.0,WiFi
9884,2024-10-24 03:29:00,SENSOR_057,Temperatura,Barranquilla,Occidente,,°C,Sin_Dato,94.77,30.0,Ethernet
9885,2024-11-18 18:23:00,SENSOR_091,Temperatura,Cali,Occidente,30.42,°C,Alerta,55.86,45.0,LoRaWAN
9886,2024-05-08 01:32:00,SENSOR_085,Humedad,Cartagena,Centro,56.47,%,Normal,39.95,31.0,WiFi
9887,2024-03-05 05:34:00,SENSOR_063,Humedad,Bucaramanga,Occidente,37.44,%,Alerta,89.52,,4G
9888,2024-10-11 07:33:00,SENSOR_061,Humedad,Cartagena,Occidente,60.1,%,Normal,69.0,46.0,WiFi
9889,2024-12-11 11:07:00,SENSOR_053,PM2.5,Bogota,Norte,81.34,µg/m3,Critico,97.87,22.0,WiFi
9890,2024-12-29 10:32:00,SENSOR_100,PM2.5,Cali,Norte,88.36,µg/m3,Critico,60.52,61.0,WiFi
9891,2024-01-31 19:43:00,SENSOR_041,Humedad,Cartagena,Oriente,73.1,%,Normal,7.8,91.0,WiFi
9892,2024-02-21 20:29:00,SENSOR_041,CO2,Cartagena,Occidente,333.9,ppm,Normal,10.03,,WiFi
9893,2024-04-09 15:42:00,SENSOR_086,Humedad,Cali,Centro,49.32,%,Normal,57.03,27.0,WiFi
9894,2024-08-30 01:49:00,SENSOR_048,CO2,Barranquilla,Sur,676.38,ppm,Normal,23.75,92.0,LoRaWAN
9895,2024-12-12 01:41:00,SENSOR_059,Ruido,Bucaramanga,Sur,66.17,dB,Normal,17.96,60.0,WiFi
9896,2024-12-06 14:18:00,SENSOR_058,Temperatura,Bucaramanga,Norte,25.15,°C,Normal,90.46,30.0,LoRaWAN
9897,2024-03-16 23:43:00,SENSOR_018,Humedad,Barranquilla,Norte,74.39,%,Normal,25.63,36.0,LoRaWAN
9898,2024-08-21 23:42:00,SENSOR_011,Temperatura,Cali,Norte,14.8,°C,Normal,50.26,33.0,WiFi
9899,2024-05-23 14:07:00,SENSOR_087,PM2.5,Medellin,Norte,77.26,µg/m3,Critico,91.23,23.0,4G
9900,2024-06-03 14:38:00,SENSOR_098,Humedad,Bucaramanga,Sur,34.24,%,Alerta,84.83,87.0,Ethernet
9901,2024-08-26 13:54:00,SENSOR_063,Ruido,Bucaramanga,Oriente,60.12,dB,Normal,41.55,25.0,WiFi
9902,2024-01-03 16:01:00,SENSOR_008,CO2,Cartagena,Occidente,856.28,ppm,Alerta,72.2,45.0,4G
9903,2024-04-12 14:42:00,SENSOR_062,Humedad,Bucaramanga,Centro,47.54,%,Normal,55.46,26.0,WiFi
9904,2024-07-09 17:51:00,SENSOR_059,CO2,Medellin,Sur,562.69,ppm,Normal,49.38,76.0,4G
9905,2024-02-07 20:56:00,SENSOR_007,Temperatura,Cartagena,Centro,17.02,°C,Normal,97.49,96.0,Ethernet
9906,2024-07-09 17:37:00,SENSOR_023,CO2,Barranquilla,Sur,1167.19,ppm,Alerta,12.97,56.0,Ethernet
9907,2024-02-01 04:30:00,SENSOR_040,Ruido,Bogota,Sur,53.58,dB,Normal,37.18,58.0,WiFi
9908,2024-10-16 14:37:00,SENSOR_081,Humedad,Cali,Sur,61.72,%,Normal,92.48,68.0,Ethernet
9909,2024-02-19 02:45:00,SENSOR_006,CO2,Cartagena,Occidente,1485.91,ppm,Critico,5.5,95.0,WiFi
9910,2024-05-25 01:14:00,SENSOR_058,CO2,Bogota,Oriente,1164.01,ppm,Alerta,86.28,28.0,WiFi
9911,2024-08-07 14:48:00,SENSOR_058,CO2,Cartagena,Norte,1351.33,ppm,Critico,75.12,94.0,LoRaWAN
9912,2024-04-27 18:36:00,SENSOR_029,Ruido,Medellin,Norte,78.81,dB,Alerta,53.89,31.0,LoRaWAN
9913,2024-02-26 21:59:00,SENSOR_076,Ruido,Cali,Sur,63.09,dB,Normal,98.5,78.0,WiFi
9914,2024-12-19 13:05:00,SENSOR_048,Temperatura,Medellin,Norte,10.99,°C,Normal,22.59,62.0,Ethernet
9915,2024-11-27 20:58:00,SENSOR_004,Ruido,Barranquilla,Norte,96.61,dB,Critico,87.14,97.0,WiFi
9916,2024-04-28 03:40:00,SENSOR_073,PM2.5,Bogota,Oriente,72.85,µg/m3,Alerta,9.24,85.0,4G
9917,2024-02-10 10:51:00,SENSOR_054,Ruido,Barranquilla,Oriente,46.59,dB,Normal,44.16,29.0,Ethernet
9918,2024-03-09 01:34:00,SENSOR_050,Humedad,Bogota,Centro,47.42,%,Normal,91.19,21.0,LoRaWAN
9919,2024-03-03 20:04:00,SENSOR_097,PM2.5,Barranquilla,Sur,24.69,µg/m3,Normal,58.78,30.0,LoRaWAN
9920,2024-03-02 06:55:00,SENSOR_047,CO2,Cali,Occidente,472.89,ppm,Normal,15.25,81.0,WiFi
9921,2024-09-16 23:03:00,SENSOR_073,PM2.5,Barranquilla,Centro,104.53,µg/m3,Critico,12.18,22.0,LoRaWAN
9922,2024-11-10 00:08:00,SENSOR_047,Ruido,Cartagena,Sur,54.85,dB,Normal,5.99,42.0,WiFi
9923,2024-12-15 09:39:00,SENSOR_091,Temperatura,Cali,Oriente,20.31,°C,Normal,50.76,41.0,WiFi
9924,2024-12-07 16:10:00,SENSOR_084,Humedad,Bogota,Centro,63.85,%,Normal,37.01,51.0,4G
9925,2024-06-14 21:09:00,SENSOR_066,Ruido,Cali,Centro,42.33,dB,Normal,28.4,80.0,WiFi
9926,2024-11-20 03:55:00,SENSOR_050,CO2,Bucaramanga,Oriente,1729.49,ppm,Critico,18.18,100.0,Ethernet
9927,2024-03-29 16:03:00,SENSOR_015,CO2,Cartagena,Sur,707.15,ppm,Normal,56.37,81.0,4G
9928,2024-10-08 21:09:00,SENSOR_009,Temperatura,Medellin,Oriente,20.1,°C,Normal,55.21,27.0,LoRaWAN
9929,2024-06-09 19:03:00,SENSOR_050,Ruido,Bucaramanga,Oriente,99.52,dB,Critico,56.08,36.0,Ethernet
9930,2024-04-19 14:20:00,SENSOR_053,Ruido,Bogota,Sur,42.64,dB,Normal,26.04,28.0,WiFi
9931,2024-10-24 09:21:00,SENSOR_092,PM2.5,Medellin,Occidente,82.07,µg/m3,Critico,19.55,81.0,Ethernet
9932,2024-06-18 17:11:00,SENSOR_078,PM2.5,Bucaramanga,Centro,105.42,µg/m3,Critico,82.42,40.0,WiFi
9933,2024-12-29 04:06:00,SENSOR_078,Temperatura,Cartagena,Sur,34.86,°C,Critico,,57.0,LoRaWAN
9934,2024-02-21 05:37:00,SENSOR_075,Ruido,Cartagena,Centro,73.73,dB,Alerta,59.82,53.0,Ethernet
9935,2024-05-04 06:37:00,SENSOR_060,PM2.5,Barranquilla,Occidente,56.49,µg/m3,Alerta,63.26,31.0,4G
9936,2024-07-31 14:05:00,SENSOR_087,Ruido,Cartagena,Centro,81.14,dB,Alerta,79.86,51.0,WiFi
9937,2024-03-07 22:19:00,SENSOR_074,Ruido,Barranquilla,Occidente,46.71,dB,Normal,44.87,55.0,Ethernet
9938,2024-09-22 15:20:00,SENSOR_005,Ruido,Barranquilla,Centro,62.12,dB,Normal,31.26,34.0,LoRaWAN
9939,2024-04-08 09:07:00,SENSOR_091,PM2.5,Bogota,Norte,25.11,µg/m3,Normal,66.81,26.0,LoRaWAN
9940,2024-05-10 05:51:00,SENSOR_018,Temperatura,Bogota,Sur,28.17,°C,Alerta,99.2,62.0,WiFi
9941,2024-02-09 17:05:00,SENSOR_080,Temperatura,Cartagena,Oriente,24.94,°C,Normal,57.02,37.0,LoRaWAN
9942,2024-07-20 03:23:00,SENSOR_003,Ruido,Cali,Oriente,90.55,dB,Critico,88.72,61.0,LoRaWAN
9943,2024-08-15 08:26:00,SENSOR_079,Temperatura,Bucaramanga,Centro,24.55,°C,Normal,67.59,24.0,LoRaWAN
9944,2024-12-21 06:39:00,SENSOR_034,Humedad,Medellin,Norte,57.01,%,Normal,39.88,85.0,LoRaWAN
9945,2024-12-19 14:50:00,SENSOR_045,CO2,Cali,Sur,1379.22,ppm,Critico,40.91,,LoRaWAN
9946,2024-08-01 02:49:00,SENSOR_030,PM2.5,Cali,Norte,11.68,µg/m3,Normal,11.23,32.0,LoRaWAN
9947,2024-05-08 00:13:00,SENSOR_063,Ruido,Medellin,Oriente,46.26,dB,Normal,,71.0,LoRaWAN
9948,2024-01-20 10:23:00,SENSOR_060,CO2,Bucaramanga,Sur,1448.43,ppm,Critico,97.46,84.0,Ethernet
9949,2024-05-01 09:45:00,SENSOR_083,Temperatura,Bogota,Centro,,°C,Sin_Dato,77.47,31.0,LoRaWAN
9950,2024-05-29 15:45:00,SENSOR_019,Humedad,Medellin,Sur,54.11,%,Normal,39.45,57.0,4G
9951,2024-01-12 22:35:00,SENSOR_030,Humedad,Medellin,Occidente,68.86,%,Normal,79.25,94.0,4G
9952,2024-10-28 22:53:00,SENSOR_096,CO2,Barranquilla,Oriente,1421.26,ppm,Critico,32.06,83.0,Ethernet
9953,2024-08-09 22:24:00,SENSOR_011,Ruido,Cali,Occidente,77.67,dB,Alerta,15.25,82.0,WiFi
9954,2024-03-19 18:27:00,SENSOR_071,PM2.5,Bogota,Norte,62.33,µg/m3,Alerta,31.68,66.0,LoRaWAN
9955,2024-03-11 17:58:00,SENSOR_018,CO2,Barranquilla,Sur,542.53,ppm,Normal,68.17,22.0,Ethernet
9956,2024-11-24 19:55:00,SENSOR_086,Ruido,Cali,Sur,43.17,dB,Normal,81.42,77.0,4G
9957,2024-03-08 22:50:00,SENSOR_043,CO2,Bogota,Occidente,680.78,ppm,Normal,9.54,82.0,4G
9958,2024-08-24 12:34:00,SENSOR_023,Temperatura,Bogota,Centro,32.57,°C,Critico,67.67,21.0,WiFi
9959,2024-01-31 12:50:00,SENSOR_063,Temperatura,Cartagena,Centro,15.29,°C,Normal,86.15,27.0,LoRaWAN
9960,2024-09-28 11:28:00,SENSOR_018,Ruido,Bogota,Sur,65.06,dB,Normal,93.69,65.0,WiFi
9961,2024-09-15 04:59:00,SENSOR_038,Ruido,Bucaramanga,Sur,66.66,dB,Normal,92.07,64.0,WiFi
9962,2024-12-14 12:16:00,SENSOR_086,Temperatura,Barranquilla,Centro,22.83,°C,Normal,17.34,79.0,LoRaWAN
9963,2024-11-30 22:04:00,SENSOR_084,Humedad,Barranquilla,Oriente,44.92,%,Normal,75.04,98.0,WiFi
9964,2024-03-11 13:06:00,SENSOR_089,Humedad,Barranquilla,Occidente,70.56,%,Normal,95.59,55.0,Ethernet
9965,2024-01-17 16:33:00,SENSOR_015,Humedad,Barranquilla,Occidente,66.41,%,Normal,48.91,93.0,LoRaWAN
9966,2024-09-27 21:07:00,SENSOR_018,Humedad,Medellin,Sur,83.14,%,Alerta,72.52,89.0,LoRaWAN
9967,2024-04-29 12:28:00,SENSOR_069,PM2.5,Medellin,Occidente,7.44,µg/m3,Normal,40.45,56.0,Ethernet
9968,2024-01-03 23:00:00,SENSOR_041,Humedad,Medellin,Sur,89.56,%,Alerta,70.53,91.0,Ethernet
9969,2024-06-10 05:19:00,SENSOR_020,PM2.5,Bogota,Centro,13.07,µg/m3,Normal,27.32,97.0,4G
9970,2024-05-19 17:04:00,SENSOR_034,PM2.5,Medellin,Oriente,98.75,µg/m3,Critico,84.24,58.0,4G
9971,2024-08-03 16:37:00,SENSOR_038,CO2,Cartagena,Norte,1779.21,ppm,Critico,65.26,59.0,WiFi
9972,2024-06-27 00:07:00,SENSOR_067,Temperatura,Bucaramanga,Norte,34.14,°C,Critico,9.66,87.0,LoRaWAN
9973,2024-09-24 11:34:00,SENSOR_001,CO2,Bucaramanga,Oriente,1512.96,ppm,Critico,7.97,74.0,LoRaWAN
9974,2024-06-26 09:14:00,SENSOR_099,Humedad,Cali,Sur,55.3,%,Normal,55.21,43.0,4G
9975,2024-09-08 06:57:00,SENSOR_077,CO2,Bucaramanga,Norte,439.06,ppm,Normal,76.97,38.0,LoRaWAN
9976,2024-05-14 15:32:00,SENSOR_054,CO2,Bucaramanga,Oriente,593.42,ppm,Normal,73.32,58.0,LoRaWAN
9977,2024-10-11 22:55:00,SENSOR_035,Temperatura,Bucaramanga,Occidente,25.77,°C,Normal,19.63,52.0,Ethernet
9978,2024-07-04 01:16:00,SENSOR_005,CO2,Bogota,Centro,908.54,ppm,Alerta,40.94,76.0,WiFi
9979,2024-11-15 21:51:00,SENSOR_081,PM2.5,Bogota,Oriente,51.91,µg/m3,Alerta,40.5,39.0,4G
9980,2024-04-02 02:30:00,SENSOR_079,Humedad,Bucaramanga,Norte,92.52,%,Critico,64.26,,Ethernet
9981,2024-05-01 02:06:00,SENSOR_027,CO2,Cartagena,Occidente,875.15,ppm,Alerta,62.35,23.0,Ethernet
9982,2024-01-24 07:29:00,SENSOR_036,PM2.5,Cartagena,Oriente,44.78,µg/m3,Alerta,78.46,71.0,LoRaWAN
9983,2024-10-17 23:36:00,SENSOR_075,Temperatura,Barranquilla,Centro,16.57,°C,Normal,96.98,32.0,4G
9984,2024-10-13 00:54:00,SENSOR_075,Humedad,Bucaramanga,Oriente,30.74,%,Alerta,22.85,44.0,Ethernet
9985,2024-03-29 21:53:00,SENSOR_098,Ruido,Medellin,Norte,67.02,dB,Normal,73.85,87.0,Ethernet
9986,2024-04-12 00:33:00,SENSOR_097,PM2.5,Medellin,Sur,72.19,µg/m3,Alerta,89.61,50.0,4G
9987,2024-05-27 00:49:00,SENSOR_055,Ruido,Cali,Oriente,56.12,dB,Normal,27.34,60.0,4G
9988,2024-10-05 12:37:00,SENSOR_068,CO2,Cali,Sur,575.67,ppm,Normal,72.46,36.0,LoRaWAN
9989,2024-06-11 21:58:00,SENSOR_006,CO2,Medellin,Oriente,1023.2,ppm,Alerta,64.65,31.0,4G
9990,2024-05-07 04:40:00,SENSOR_091,CO2,Cartagena,Centro,368.12,ppm,Normal,21.52,54.0,Ethernet
9991,2024-12-05 16:21:00,SENSOR_010,CO2,Cali,Oriente,1759.93,ppm,Critico,85.81,96.0,4G
9992,2024-04-17 04:41:00,SENSOR_068,Humedad,Cartagena,Occidente,45.2,%,Normal,26.61,60.0,4G
9993,2024-01-02 01:44:00,SENSOR_067,CO2,Cali,Oriente,1267.91,ppm,Critico,50.0,77.0,WiFi
9994,2024-05-04 19:10:00,SENSOR_060,Temperatura,Barranquilla,Norte,32.51,°C,Critico,46.76,99.0,Ethernet
9995,2024-10-17 20:57:00,SENSOR_088,Humedad,Medellin,Sur,77.6,%,Normal,33.96,67.0,Ethernet
9996,2024-12-15 01:28:00,SENSOR_058,Temperatura,Barranquilla,Oriente,30.2,°C,Alerta,13.8,46.0,WiFi
9997,2024-09-29 08:19:00,SENSOR_091,PM2.5,Medellin,Centro,34.09,µg/m3,Normal,91.83,34.0,WiFi
9998,2024-10-03 00:00:00,SENSOR_088,CO2,Cartagena,Centro,1062.61,ppm,Alerta,72.13,99.0,WiFi
9999,2024-11-18 00:14:00,SENSOR_006,Temperatura,Barranquilla,Occidente,16.32,°C,Normal,90.51,52.0,Ethernet
10000,2024-03-06 21:49:00,SENSOR_003,PM2.5,Cartagena,Norte,100.31,µg/m3,Critico,54.65,23.0,4G
